<?xml version="1.0"?>
<xml>
  <type>
    <block>
      <time>Mon Nov 12 10:51:06 2012</time>
      <bondEncode>0,0,0,0,0,0,0,0,0,0,0,0,0,0,0,0,0,0,0,0,0,0,0,0,0,0,0,0,0,0,0,0,0,0,0,0,0,0,0,0</bondEncode>
      <blockID>0</blockID>
      <nbond>25</nbond>
      <sbond>0</sbond>
      <dbond>0</dbond>
      <tbond>0</tbond>
      <qbond>0</qbond>
      <bounce>0</bounce>
      <hardness>0</hardness>
      <slip>0</slip>
      <made>0</made>
      <device>computer</device>
    </block>
    <level>
      <finishedLevel>1</finishedLevel>
      <time>Mon Nov 12 10:51:06 2012</time>
      <tilesRemoved>0</tilesRemoved>
      <timeToFinish>848.87299999989</timeToFinish>
      <status>quit</status>
    </level>
  </type>
  <type>
    <block>
      <time>Tue Nov 13 12:13:59 2012</time>
      <bondEncode>0,0,0,0,0,0,0,0,0,0,0,0,0,0,0,0,0,0,0,0,0,0,0,0,0,0,0,0,0,0,0,0,0,0,0,0,0,0,0,0</bondEncode>
      <blockID>0</blockID>
      <nbond>25</nbond>
      <sbond>0</sbond>
      <dbond>0</dbond>
      <tbond>0</tbond>
      <qbond>0</qbond>
      <bounce>0</bounce>
      <hardness>0</hardness>
      <slip>0</slip>
      <made>0</made>
      <device>computer</device>
    </block>
    <level>
      <finishedLevel>1</finishedLevel>
      <time>Tue Nov 13 12:13:59 2012</time>
      <tilesRemoved>0</tilesRemoved>
      <timeToFinish>388.89199999996</timeToFinish>
      <status>quit</status>
    </level>
  </type>
</xml>
