<?xml version="1.0"?>
<xml>
  <type>
    <block>
      <time>Sat Nov 10 2012 10:56:07 GMT-0600 (CST)</time>
      <bondEncode>0,0,0,0,0,0,0,0,0,0,0,0,0,0,0,0,0,0,0,0,0,0,0,0,0,0,0,0,0,0,0,0,0,0,0,0,0,0,0,0</bondEncode>
      <blockID>0</blockID>
      <nbond>25</nbond>
      <sbond>0</sbond>
      <dbond>0</dbond>
      <tbond>0</tbond>
      <qbond>0</qbond>
      <bounce>0</bounce>
      <hardness>0</hardness>
      <slip>0</slip>
      <made>0</made>
      <device>computer</device>
    </block>
    <block>
      <time>Sat Nov 10 2012 10:56:49 GMT-0600 (CST)</time>
      <bondEncode>0,0,0,0,0,0,0,0,0,1,0,0,0,0,0,0,0,0,0,0,0,0,0,0,0,0,0,0,0,0,0,0,1,0,0,0,0,0,0,0</bondEncode>
      <blockID>1</blockID>
      <nbond>22</nbond>
      <sbond>2</sbond>
      <dbond>1</dbond>
      <tbond>0</tbond>
      <qbond>0</qbond>
      <bounce>0.0125</bounce>
      <hardness>0.0041666666666667</hardness>
      <slip>0.0875</slip>
      <made>0</made>
      <device>computer</device>
    </block>
    <level>
      <finishedLevel>1</finishedLevel>
      <time>Sat Nov 10 2012 10:56:49 GMT-0600 (CST)</time>
      <tilesRemoved>0</tilesRemoved>
      <timeToFinish>43.971</timeToFinish>
      <status>quit</status>
    </level>
  </type>
  <type>
    <block>
      <time>Fri Nov 16 2012 09:55:20 GMT-0600 (CST)</time>
      <bondEncode>0,0,0,0,0,0,0,0,0,0,0,0,0,0,0,0,0,0,0,0,0,0,0,0,0,0,0,0,0,0,0,0,0,0,0,0,0,0,0,0</bondEncode>
      <blockID>0</blockID>
      <nbond>25</nbond>
      <sbond>0</sbond>
      <dbond>0</dbond>
      <tbond>0</tbond>
      <qbond>0</qbond>
      <bounce>0</bounce>
      <hardness>0</hardness>
      <slip>0</slip>
      <made>18</made>
      <device>computer</device>
    </block>
    <level>
      <finishedLevel>1</finishedLevel>
      <time>Fri Nov 16 2012 09:55:20 GMT-0600 (CST)</time>
      <tilesRemoved>5</tilesRemoved>
      <timeToFinish>85.552000000002</timeToFinish>
      <status>quit</status>
    </level>
  </type>
  <type>
    <block>
      <time>Fri Nov 16 2012 10:15:36 GMT-0600 (CST)</time>
      <bondEncode>0,0,0,0,0,0,0,0,0,0,0,0,0,0,0,0,0,0,0,0,0,0,0,0,0,0,0,0,0,0,0,0,0,0,0,0,0,0,0,0</bondEncode>
      <blockID>0</blockID>
      <nbond>25</nbond>
      <sbond>0</sbond>
      <dbond>0</dbond>
      <tbond>0</tbond>
      <qbond>0</qbond>
      <bounce>0</bounce>
      <hardness>0</hardness>
      <slip>0</slip>
      <made>0</made>
      <device>computer</device>
    </block>
    <level>
      <finishedLevel>1</finishedLevel>
      <time>Fri Nov 16 2012 10:15:36 GMT-0600 (CST)</time>
      <tilesRemoved>0</tilesRemoved>
      <timeToFinish>25.237999999999</timeToFinish>
      <status>quit</status>
    </level>
  </type>
  <type>
    <block>
      <time>Fri Nov 16 2012 14:32:18 GMT-0600 (CST)</time>
      <bondEncode>0,0,0,0,0,0,0,0,0,0,0,0,0,0,0,0,0,0,0,0,0,0,0,0,0,0,0,0,0,0,0,0,0,0,0,0,0,0,0,0</bondEncode>
      <blockID>0</blockID>
      <nbond>25</nbond>
      <sbond>0</sbond>
      <dbond>0</dbond>
      <tbond>0</tbond>
      <qbond>0</qbond>
      <bounce>0</bounce>
      <hardness>0</hardness>
      <slip>0</slip>
      <made>0</made>
      <device>computer</device>
    </block>
    <level>
      <finishedLevel>1</finishedLevel>
      <time>Fri Nov 16 2012 14:32:18 GMT-0600 (CST)</time>
      <tilesRemoved>0</tilesRemoved>
      <timeToFinish>43.068</timeToFinish>
      <status>quit</status>
    </level>
  </type>
  <type>
    <block>
      <time>Fri Nov 16 2012 14:33:03 GMT-0600 (CST)</time>
      <bondEncode>0,0,0,0,0,0,0,0,0,0,0,0,0,0,0,0,0,0,0,0,0,0,0,0,0,0,0,0,0,0,0,0,0,0,0,0,0,0,0,0</bondEncode>
      <blockID>0</blockID>
      <nbond>25</nbond>
      <sbond>0</sbond>
      <dbond>0</dbond>
      <tbond>0</tbond>
      <qbond>0</qbond>
      <bounce>0</bounce>
      <hardness>0</hardness>
      <slip>0</slip>
      <made>0</made>
      <device>computer</device>
    </block>
    <block>
      <time>Fri Nov 16 2012 14:33:13 GMT-0600 (CST)</time>
      <bondEncode>1,1,1,1,0,0,0,0,1,1,1,1,0,0,0,0,1,1,1,1,1,0,0,0,0,1,0,0,0,0,1,0,0,0,0,1,0,0,0,0</bondEncode>
      <blockID>1</blockID>
      <nbond>0</nbond>
      <sbond>0</sbond>
      <dbond>19</dbond>
      <tbond>6</tbond>
      <qbond>0</qbond>
      <bounce>0.42916666666667</bounce>
      <hardness>0.17916666666667</hardness>
      <slip>0.7125</slip>
      <made>14</made>
      <device>computer</device>
    </block>
    <level>
      <finishedLevel>1</finishedLevel>
      <time>Fri Nov 16 2012 14:33:13 GMT-0600 (CST)</time>
      <tilesRemoved>6</tilesRemoved>
      <timeToFinish>29.646999999999</timeToFinish>
      <status>quit</status>
    </level>
  </type>
</xml>
