<?xml version="1.0"?>
<xml>
  <type>
    <block>
      <time>October 17, 2012, 6:09:12 PM CDT</time>
      <bondEncode>0,0,0,0,0,0,0,0,0,0,0,0,0,0,0,0,0,0,0,0,0,0,0,0,0,0,0,0,0,0,0,0,0,0,0,0,0,0,0,0</bondEncode>
      <blockID>0</blockID>
      <nbond>25</nbond>
      <sbond>0</sbond>
      <dbond>0</dbond>
      <tbond>0</tbond>
      <qbond>0</qbond>
      <bounce>0</bounce>
      <hardness>0</hardness>
      <slip>0</slip>
      <made>15</made>
      <device>iPad</device>
    </block>
    <block>
      <time>October 17, 2012, 6:12:16 PM CDT</time>
      <bondEncode>0,0,0,0,1,1,1,1,0,0,0,0,0,0,1,0,0,0,0,0,0,0,0,0,0,0,0,0,0,1,0,0,0,0,1,0,0,0,0,1</bondEncode>
      <blockID>1</blockID>
      <nbond>13</nbond>
      <sbond>2</sbond>
      <dbond>10</dbond>
      <tbond>0</tbond>
      <qbond>0</qbond>
      <bounce>0.125</bounce>
      <hardness>0.041666666666667</hardness>
      <slip>0.425</slip>
      <made>0</made>
      <device>iPad</device>
    </block>
    <block>
      <time>October 17, 2012, 6:12:55 PM CDT</time>
      <bondEncode>0,0,0,0,0,0,0,0,0,0,0,0,0,0,0,0,0,0,0,0,0,0,0,0,0,0,0,0,0,0,0,0,0,0,0,0,0,0,0,0</bondEncode>
      <blockID>2</blockID>
      <nbond>25</nbond>
      <sbond>0</sbond>
      <dbond>0</dbond>
      <tbond>0</tbond>
      <qbond>0</qbond>
      <bounce>0</bounce>
      <hardness>0</hardness>
      <slip>0</slip>
      <made>0</made>
      <device>iPad</device>
    </block>
    <block>
      <time>October 17, 2012, 6:14:06 PM CDT</time>
      <bondEncode>0,0,0,0,0,0,0,0,0,0,0,0,0,0,0,1,0,0,0,0,0,0,0,0,0,0,0,0,0,0,0,0,0,1,0,0,0,0,0,0</bondEncode>
      <blockID>3</blockID>
      <nbond>16</nbond>
      <sbond>2</sbond>
      <dbond>7</dbond>
      <tbond>0</tbond>
      <qbond>0</qbond>
      <bounce>0.0875</bounce>
      <hardness>0.029166666666667</hardness>
      <slip>0.3125</slip>
      <made>69</made>
      <device>iPad</device>
    </block>
    <block>
      <time>October 17, 2012, 6:17:11 PM CDT</time>
      <bondEncode>0,0,0,0,1,0,0,0,1,1,0,0,0,1,1,1,0,0,0,1,0,0,0,0,0,0,0,0,0,0,0,1,1,1,0,0,0,0,1,0</bondEncode>
      <blockID>4</blockID>
      <nbond>9</nbond>
      <sbond>0</sbond>
      <dbond>6</dbond>
      <tbond>8</tbond>
      <qbond>2</qbond>
      <bounce>0.38611111111111</bounce>
      <hardness>0.29166666666667</hardness>
      <slip>0.225</slip>
      <made>4</made>
      <device>iPad</device>
    </block>
    <block>
      <time>October 17, 2012, 6:18:38 PM CDT</time>
      <bondEncode>0,1,1,1,1,1,1,1,1,1,1,1,0,1,1,1,0,0,0,1,0,0,1,1,0,0,0,1,1,0,0,1,1,1,0,1,1,1,1,0</bondEncode>
      <blockID>5</blockID>
      <nbond>0</nbond>
      <sbond>0</sbond>
      <dbond>4</dbond>
      <tbond>12</tbond>
      <qbond>9</qbond>
      <bounce>0</bounce>
      <hardness>0.81666666666667</hardness>
      <slip>0.15</slip>
      <made>4</made>
      <device>iPad</device>
    </block>
    <block>
      <time>October 17, 2012, 6:20:07 PM CDT</time>
      <bondEncode>1,0,1,0,0,0,0,0,0,0,0,0,0,0,0,0,0,0,0,1,1,0,0,0,1,0,0,0,0,0,0,0,0,0,1,0,0,0,0,1</bondEncode>
      <blockID>6</blockID>
      <nbond>10</nbond>
      <sbond>12</sbond>
      <dbond>3</dbond>
      <tbond>0</tbond>
      <qbond>0</qbond>
      <bounce>0.0375</bounce>
      <hardness>0.0125</hardness>
      <slip>0.4125</slip>
      <made>0</made>
      <device>iPad</device>
    </block>
    <block>
      <time>October 17, 2012, 6:20:37 PM CDT</time>
      <bondEncode>0,1,1,1,1,1,1,1,1,1,1,1,0,1,1,1,0,0,0,1,0,0,1,1,0,0,0,1,1,0,0,1,1,1,0,1,1,1,1,0</bondEncode>
      <blockID>7</blockID>
      <nbond>0</nbond>
      <sbond>0</sbond>
      <dbond>4</dbond>
      <tbond>12</tbond>
      <qbond>9</qbond>
      <bounce>0</bounce>
      <hardness>0.81666666666667</hardness>
      <slip>0.15</slip>
      <made>225</made>
      <device>iPad</device>
    </block>
    <block>
      <time>October 17, 2012, 6:27:58 PM CDT</time>
      <bondEncode>1,0,1,0,0,0,0,0,0,0,0,0,0,0,0,0,0,0,0,1,1,0,0,0,1,0,0,0,0,0,0,0,0,0,1,0,0,0,0,1</bondEncode>
      <blockID>8</blockID>
      <nbond>10</nbond>
      <sbond>12</sbond>
      <dbond>3</dbond>
      <tbond>0</tbond>
      <qbond>0</qbond>
      <bounce>0.0375</bounce>
      <hardness>0.0125</hardness>
      <slip>0.4125</slip>
      <made>8</made>
      <device>iPad</device>
    </block>
    <block>
      <time>October 17, 2012, 6:28:40 PM CDT</time>
      <bondEncode>0,0,0,0,0,0,0,0,1,1,1,1,0,0,0,0,0,0,0,0,0,0,0,0,0,0,0,0,0,0,0,0,0,0,0,0,0,0,0,0</bondEncode>
      <blockID>9</blockID>
      <nbond>20</nbond>
      <sbond>2</sbond>
      <dbond>3</dbond>
      <tbond>0</tbond>
      <qbond>0</qbond>
      <bounce>0.0375</bounce>
      <hardness>0.0125</hardness>
      <slip>0.1625</slip>
      <made>4</made>
      <device>iPad</device>
    </block>
    <block>
      <time>October 17, 2012, 6:29:04 PM CDT</time>
      <bondEncode>0,0,0,0,0,0,0,0,0,0,0,0,0,0,0,0,0,0,0,0,0,0,0,0,0,0,0,0,0,0,0,0,0,0,0,0,0,0,0,0</bondEncode>
      <blockID>10</blockID>
      <nbond>25</nbond>
      <sbond>0</sbond>
      <dbond>0</dbond>
      <tbond>0</tbond>
      <qbond>0</qbond>
      <bounce>0</bounce>
      <hardness>0</hardness>
      <slip>0</slip>
      <made>4</made>
      <device>iPad</device>
    </block>
    <block>
      <time>October 17, 2012, 6:29:48 PM CDT</time>
      <bondEncode>0,1,1,1,0,0,0,0,0,0,0,0,0,0,0,0,1,0,0,0,1,0,0,0,1,1,0,0,0,1,1,0,0,0,1,1,0,0,0,1</bondEncode>
      <blockID>11</blockID>
      <nbond>9</nbond>
      <sbond>0</sbond>
      <dbond>16</dbond>
      <tbond>0</tbond>
      <qbond>0</qbond>
      <bounce>0.2</bounce>
      <hardness>0.066666666666667</hardness>
      <slip>0.6</slip>
      <made>20</made>
      <device>iPad</device>
    </block>
    <block>
      <time>October 17, 2012, 6:30:22 PM CDT</time>
      <bondEncode>0,1,1,1,1,1,1,1,1,1,1,1,0,1,1,1,0,0,0,1,0,0,1,1,0,0,0,1,1,0,0,1,1,1,0,1,1,1,1,0</bondEncode>
      <blockID>12</blockID>
      <nbond>0</nbond>
      <sbond>0</sbond>
      <dbond>4</dbond>
      <tbond>12</tbond>
      <qbond>9</qbond>
      <bounce>0</bounce>
      <hardness>0.81666666666667</hardness>
      <slip>0.15</slip>
      <made>414</made>
      <device>iPad</device>
    </block>
    <block>
      <time>October 17, 2012, 6:45:13 PM CDT</time>
      <bondEncode>1,1,1,0,1,0,1,1,1,0,0,0,0,0,1,1,1,1,1,1,1,0,1,1,0,1,1,0,0,0,1,1,0,0,0,1,0,0,1,1</bondEncode>
      <blockID>13</blockID>
      <nbond>3</nbond>
      <sbond>0</sbond>
      <dbond>12</dbond>
      <tbond>10</tbond>
      <qbond>0</qbond>
      <bounce>0.53888888888889</bounce>
      <hardness>0.21666666666667</hardness>
      <slip>0.45</slip>
      <made>82</made>
      <device>iPad</device>
    </block>
    <block>
      <time>October 17, 2012, 6:49:33 PM CDT</time>
      <bondEncode>1,1,1,0,1,0,0,0,1,1,1,1,0,0,1,1,1,1,1,1,1,0,0,1,0,1,1,0,0,0,1,1,0,0,0,1,0,0,1,1</bondEncode>
      <blockID>14</blockID>
      <nbond>0</nbond>
      <sbond>1</sbond>
      <dbond>14</dbond>
      <tbond>9</tbond>
      <qbond>1</qbond>
      <bounce>0.525</bounce>
      <hardness>0.275</hardness>
      <slip>0.55</slip>
      <made>44</made>
      <device>iPad</device>
    </block>
    <level>
      <finishedLevel>1</finishedLevel>
      <time>October 17, 2012, 6:49:33 PM CDT</time>
      <tilesRemoved>135</tilesRemoved>
      <timeToFinish>2460.389999999</timeToFinish>
      <status>complete</status>
    </level>
  </type>
</xml>
