<?xml version="1.0"?>
<xml>
  <type>
    <block>
      <time>November 7, 2012, 5:34:51 PM CST</time>
      <bondEncode>0,0,0,0,0,0,0,0,0,0,0,0,0,0,0,0,0,0,0,0,0,0,0,0,0,0,0,0,0,0,0,0,0,0,0,0,0,0,0,0</bondEncode>
      <blockID>0</blockID>
      <nbond>25</nbond>
      <sbond>0</sbond>
      <dbond>0</dbond>
      <tbond>0</tbond>
      <qbond>0</qbond>
      <bounce>0</bounce>
      <hardness>0</hardness>
      <slip>0</slip>
      <made>46</made>
      <device>iPad</device>
    </block>
    <block>
      <time>November 7, 2012, 5:40:08 PM CST</time>
      <bondEncode>0,0,0,0,0,0,0,1,0,0,1,1,0,0,1,0,0,0,0,0,0,0,0,0,0,0,0,1,0,1,0,0,1,0,1,0,0,0,0,0</bondEncode>
      <blockID>1</blockID>
      <nbond>16</nbond>
      <sbond>0</sbond>
      <dbond>4</dbond>
      <tbond>4</tbond>
      <qbond>1</qbond>
      <bounce>0.20555555555556</bounce>
      <hardness>0.15</hardness>
      <slip>0.15</slip>
      <made>44</made>
      <device>iPad</device>
    </block>
    <block>
      <time>November 7, 2012, 5:42:24 PM CST</time>
      <bondEncode>0,0,0,0,0,1,0,1,0,0,0,0,0,0,0,0,0,1,1,0,0,0,0,0,0,0,0,1,0,1,0,0,1,1,1,0,1,1,1,1</bondEncode>
      <blockID>2</blockID>
      <nbond>9</nbond>
      <sbond>0</sbond>
      <dbond>12</dbond>
      <tbond>4</tbond>
      <qbond>0</qbond>
      <bounce>0.30555555555556</bounce>
      <hardness>0.11666666666667</hardness>
      <slip>0.45</slip>
      <made>27</made>
      <device>iPad</device>
    </block>
    <block>
      <time>November 7, 2012, 5:43:08 PM CST</time>
      <bondEncode>0,0,0,0,0,0,0,0,0,0,0,0,0,0,0,0,0,0,0,0,0,0,0,0,0,0,0,0,0,0,0,0,0,0,0,0,0,0,0,0</bondEncode>
      <blockID>3</blockID>
      <nbond>25</nbond>
      <sbond>0</sbond>
      <dbond>0</dbond>
      <tbond>0</tbond>
      <qbond>0</qbond>
      <bounce>0</bounce>
      <hardness>0</hardness>
      <slip>0</slip>
      <made>8</made>
      <device>iPad</device>
    </block>
    <block>
      <time>November 7, 2012, 5:44:55 PM CST</time>
      <bondEncode>0,0,0,0,0,1,0,1,0,0,0,0,0,0,0,0,0,1,1,0,0,0,0,0,0,0,0,1,0,1,0,0,1,1,1,0,1,1,1,1</bondEncode>
      <blockID>4</blockID>
      <nbond>9</nbond>
      <sbond>0</sbond>
      <dbond>12</dbond>
      <tbond>4</tbond>
      <qbond>0</qbond>
      <bounce>0.30555555555556</bounce>
      <hardness>0.11666666666667</hardness>
      <slip>0.45</slip>
      <made>16</made>
      <device>iPad</device>
    </block>
    <block>
      <time>November 7, 2012, 5:45:24 PM CST</time>
      <bondEncode>0,0,0,0,0,0,0,0,0,0,0,0,0,0,0,0,0,0,0,0,0,0,0,0,0,0,0,0,0,0,0,0,0,0,0,0,0,0,0,0</bondEncode>
      <blockID>5</blockID>
      <nbond>25</nbond>
      <sbond>0</sbond>
      <dbond>0</dbond>
      <tbond>0</tbond>
      <qbond>0</qbond>
      <bounce>0</bounce>
      <hardness>0</hardness>
      <slip>0</slip>
      <made>4</made>
      <device>iPad</device>
    </block>
    <block>
      <time>November 7, 2012, 5:45:42 PM CST</time>
      <bondEncode>0,0,0,0,0,1,0,1,0,0,0,0,0,0,0,0,0,1,1,0,0,0,0,0,0,0,0,1,0,1,0,0,1,1,1,0,1,1,1,1</bondEncode>
      <blockID>6</blockID>
      <nbond>9</nbond>
      <sbond>0</sbond>
      <dbond>12</dbond>
      <tbond>4</tbond>
      <qbond>0</qbond>
      <bounce>0.30555555555556</bounce>
      <hardness>0.11666666666667</hardness>
      <slip>0.45</slip>
      <made>220</made>
      <device>iPad</device>
    </block>
    <block>
      <time>November 7, 2012, 5:51:22 PM CST</time>
      <bondEncode>0,0,0,0,0,0,0,0,0,0,0,0,0,0,0,0,1,1,1,0,1,1,1,1,0,1,0,1,1,1,1,0,1,1,1,1,1,1,1,1</bondEncode>
      <blockID>7</blockID>
      <nbond>0</nbond>
      <sbond>0</sbond>
      <dbond>19</dbond>
      <tbond>6</tbond>
      <qbond>0</qbond>
      <bounce>0.47083333333333</bounce>
      <hardness>0.17916666666667</hardness>
      <slip>0.7125</slip>
      <made>40</made>
      <device>iPad</device>
    </block>
    <block>
      <time>November 7, 2012, 5:53:04 PM CST</time>
      <bondEncode>0,0,0,0,0,0,0,0,0,0,0,0,0,0,0,0,0,0,0,0,0,0,0,0,0,0,0,0,0,0,0,0,0,0,0,0,0,0,0,0</bondEncode>
      <blockID>8</blockID>
      <nbond>25</nbond>
      <sbond>0</sbond>
      <dbond>0</dbond>
      <tbond>0</tbond>
      <qbond>0</qbond>
      <bounce>0</bounce>
      <hardness>0</hardness>
      <slip>0</slip>
      <made>20</made>
      <device>iPad</device>
    </block>
    <block>
      <time>November 7, 2012, 5:53:31 PM CST</time>
      <bondEncode>0,0,0,0,0,0,0,0,0,0,0,0,0,0,0,0,1,1,1,0,1,1,1,1,0,1,0,1,1,1,1,0,1,1,1,1,1,1,1,1</bondEncode>
      <blockID>9</blockID>
      <nbond>0</nbond>
      <sbond>0</sbond>
      <dbond>19</dbond>
      <tbond>6</tbond>
      <qbond>0</qbond>
      <bounce>0.47083333333333</bounce>
      <hardness>0.17916666666667</hardness>
      <slip>0.7125</slip>
      <made>57</made>
      <device>iPad</device>
    </block>
    <level>
      <finishedLevel>1</finishedLevel>
      <time>November 7, 2012, 5:53:31 PM CST</time>
      <tilesRemoved>69</tilesRemoved>
      <timeToFinish>1147.7660000001</timeToFinish>
      <status>complete</status>
    </level>
  </type>
  <type>
    <block>
      <time>November 7, 2012, 5:54:24 PM CST</time>
      <bondEncode>0,0,0,0,0,0,0,0,0,0,0,0,0,0,0,0,1,1,1,0,1,1,1,1,0,1,0,1,1,1,1,0,1,1,1,1,1,1,1,1</bondEncode>
      <blockID>9</blockID>
      <nbond>0</nbond>
      <sbond>0</sbond>
      <dbond>19</dbond>
      <tbond>6</tbond>
      <qbond>0</qbond>
      <bounce>0.47083333333333</bounce>
      <hardness>0.17916666666667</hardness>
      <slip>0.7125</slip>
      <made>0</made>
      <device>iPad</device>
    </block>
    <block>
      <time>November 7, 2012, 5:54:42 PM CST</time>
      <bondEncode>0,0,0,0,0,0,0,0,0,0,0,0,0,0,0,0,0,0,0,0,0,0,0,0,0,0,0,0,0,0,0,0,0,0,0,0,0,0,0,0</bondEncode>
      <blockID>10</blockID>
      <nbond>25</nbond>
      <sbond>0</sbond>
      <dbond>0</dbond>
      <tbond>0</tbond>
      <qbond>0</qbond>
      <bounce>0</bounce>
      <hardness>0</hardness>
      <slip>0</slip>
      <made>22</made>
      <device>iPad</device>
    </block>
    <block>
      <time>November 7, 2012, 5:55:13 PM CST</time>
      <bondEncode>0,0,0,0,0,0,0,0,0,0,0,0,0,0,0,0,1,1,1,0,1,1,1,1,0,1,0,1,1,1,1,0,1,1,1,1,1,1,1,1</bondEncode>
      <blockID>11</blockID>
      <nbond>0</nbond>
      <sbond>0</sbond>
      <dbond>19</dbond>
      <tbond>6</tbond>
      <qbond>0</qbond>
      <bounce>0.47083333333333</bounce>
      <hardness>0.17916666666667</hardness>
      <slip>0.7125</slip>
      <made>195</made>
      <device>iPad</device>
    </block>
    <block>
      <time>November 7, 2012, 6:01:25 PM CST</time>
      <bondEncode>0,0,0,0,0,0,0,0,0,0,0,0,0,0,0,0,0,0,0,0,0,0,0,0,0,0,0,0,0,0,0,0,0,0,0,0,0,0,0,0</bondEncode>
      <blockID>12</blockID>
      <nbond>25</nbond>
      <sbond>0</sbond>
      <dbond>0</dbond>
      <tbond>0</tbond>
      <qbond>0</qbond>
      <bounce>0</bounce>
      <hardness>0</hardness>
      <slip>0</slip>
      <made>16</made>
      <device>iPad</device>
    </block>
    <block>
      <time>November 7, 2012, 6:01:58 PM CST</time>
      <bondEncode>0,0,0,0,0,0,0,0,0,0,0,0,0,0,0,0,1,1,1,0,1,1,1,1,0,1,0,1,1,1,1,0,1,1,1,1,1,1,1,1</bondEncode>
      <blockID>13</blockID>
      <nbond>0</nbond>
      <sbond>0</sbond>
      <dbond>19</dbond>
      <tbond>6</tbond>
      <qbond>0</qbond>
      <bounce>0.47083333333333</bounce>
      <hardness>0.17916666666667</hardness>
      <slip>0.7125</slip>
      <made>86</made>
      <device>iPad</device>
    </block>
    <block>
      <time>November 7, 2012, 6:05:51 PM CST</time>
      <bondEncode>1,1,1,1,1,1,1,1,1,1,1,1,1,1,1,1,0,1,0,0,0,1,1,1,1,1,1,1,1,1,1,1,1,1,1,0,1,1,1,1</bondEncode>
      <blockID>14</blockID>
      <nbond>0</nbond>
      <sbond>0</sbond>
      <dbond>6</dbond>
      <tbond>8</tbond>
      <qbond>11</qbond>
      <bounce>0</bounce>
      <hardness>0.89166666666667</hardness>
      <slip>0.225</slip>
      <made>18</made>
      <device>iPad</device>
    </block>
    <block>
      <time>November 7, 2012, 6:06:43 PM CST</time>
      <bondEncode>0,0,0,0,0,0,0,0,0,0,0,1,0,0,0,1,0,0,1,0,0,0,0,0,0,0,0,1,1,1,0,0,1,0,1,0,0,1,0,1</bondEncode>
      <blockID>15</blockID>
      <nbond>13</nbond>
      <sbond>0</sbond>
      <dbond>5</dbond>
      <tbond>6</tbond>
      <qbond>1</qbond>
      <bounce>0.29583333333333</bounce>
      <hardness>0.1875</hardness>
      <slip>0.1875</slip>
      <made>0</made>
      <device>iPad</device>
    </block>
    <block>
      <time>November 7, 2012, 6:07:05 PM CST</time>
      <bondEncode>0,0,0,0,0,0,0,0,0,0,0,0,0,0,0,0,1,1,1,0,1,1,1,1,0,1,0,1,1,1,1,0,1,1,1,1,1,1,1,1</bondEncode>
      <blockID>16</blockID>
      <nbond>0</nbond>
      <sbond>0</sbond>
      <dbond>19</dbond>
      <tbond>6</tbond>
      <qbond>0</qbond>
      <bounce>0.47083333333333</bounce>
      <hardness>0.17916666666667</hardness>
      <slip>0.7125</slip>
      <made>4</made>
      <device>iPad</device>
    </block>
    <block>
      <time>November 7, 2012, 6:07:16 PM CST</time>
      <bondEncode>1,1,1,1,1,1,1,1,1,1,1,1,1,1,1,1,0,1,0,0,0,1,1,1,1,1,1,1,1,1,1,1,1,1,1,0,1,1,1,1</bondEncode>
      <blockID>17</blockID>
      <nbond>0</nbond>
      <sbond>0</sbond>
      <dbond>6</dbond>
      <tbond>8</tbond>
      <qbond>11</qbond>
      <bounce>0</bounce>
      <hardness>0.89166666666667</hardness>
      <slip>0.225</slip>
      <made>25</made>
      <device>iPad</device>
    </block>
    <block>
      <time>November 7, 2012, 6:08:27 PM CST</time>
      <bondEncode>0,0,0,0,0,0,0,0,0,0,0,0,0,0,0,0,1,1,1,0,1,1,1,1,0,1,0,1,1,1,1,0,1,1,1,1,1,1,1,1</bondEncode>
      <blockID>18</blockID>
      <nbond>0</nbond>
      <sbond>0</sbond>
      <dbond>19</dbond>
      <tbond>6</tbond>
      <qbond>0</qbond>
      <bounce>0.47083333333333</bounce>
      <hardness>0.17916666666667</hardness>
      <slip>0.7125</slip>
      <made>123</made>
      <device>iPad</device>
    </block>
    <block>
      <time>November 7, 2012, 6:11:31 PM CST</time>
      <bondEncode>1,1,1,1,1,1,1,1,1,1,1,1,1,1,1,1,0,1,0,0,0,1,1,1,1,1,1,1,1,1,1,1,1,1,1,0,1,1,1,1</bondEncode>
      <blockID>19</blockID>
      <nbond>0</nbond>
      <sbond>0</sbond>
      <dbond>6</dbond>
      <tbond>8</tbond>
      <qbond>11</qbond>
      <bounce>0</bounce>
      <hardness>0.89166666666667</hardness>
      <slip>0.225</slip>
      <made>4</made>
      <device>iPad</device>
    </block>
    <block>
      <time>November 7, 2012, 6:11:39 PM CST</time>
      <bondEncode>0,0,0,0,0,0,0,0,0,0,0,0,0,0,0,0,1,1,1,0,1,1,1,1,0,1,0,1,1,1,1,0,1,1,1,1,1,1,1,1</bondEncode>
      <blockID>20</blockID>
      <nbond>0</nbond>
      <sbond>0</sbond>
      <dbond>19</dbond>
      <tbond>6</tbond>
      <qbond>0</qbond>
      <bounce>0.47083333333333</bounce>
      <hardness>0.17916666666667</hardness>
      <slip>0.7125</slip>
      <made>34</made>
      <device>iPad</device>
    </block>
    <block>
      <time>November 7, 2012, 6:12:53 PM CST</time>
      <bondEncode>0,0,0,0,0,0,0,0,0,0,0,0,0,0,0,0,0,0,0,0,0,0,0,0,0,0,0,0,0,0,0,0,0,0,0,0,0,0,0,0</bondEncode>
      <blockID>21</blockID>
      <nbond>25</nbond>
      <sbond>0</sbond>
      <dbond>0</dbond>
      <tbond>0</tbond>
      <qbond>0</qbond>
      <bounce>0</bounce>
      <hardness>0</hardness>
      <slip>0</slip>
      <made>24</made>
      <device>iPad</device>
    </block>
    <block>
      <time>November 7, 2012, 6:13:16 PM CST</time>
      <bondEncode>0,0,0,0,0,0,0,0,0,0,0,0,0,0,0,0,1,1,1,0,1,1,1,1,0,1,0,1,1,1,1,0,1,1,1,1,1,1,1,1</bondEncode>
      <blockID>22</blockID>
      <nbond>0</nbond>
      <sbond>0</sbond>
      <dbond>19</dbond>
      <tbond>6</tbond>
      <qbond>0</qbond>
      <bounce>0.47083333333333</bounce>
      <hardness>0.17916666666667</hardness>
      <slip>0.7125</slip>
      <made>72</made>
      <device>iPad</device>
    </block>
    <block>
      <time>November 7, 2012, 6:15:11 PM CST</time>
      <bondEncode>1,1,1,1,1,1,1,1,1,1,1,1,1,1,1,1,0,1,0,0,0,1,1,1,1,1,1,1,1,1,1,1,1,1,1,0,1,1,1,1</bondEncode>
      <blockID>23</blockID>
      <nbond>0</nbond>
      <sbond>0</sbond>
      <dbond>6</dbond>
      <tbond>8</tbond>
      <qbond>11</qbond>
      <bounce>0</bounce>
      <hardness>0.89166666666667</hardness>
      <slip>0.225</slip>
      <made>12</made>
      <device>iPad</device>
    </block>
    <block>
      <time>November 7, 2012, 6:15:51 PM CST</time>
      <bondEncode>0,0,0,0,0,0,0,0,0,0,0,0,0,0,0,0,1,1,1,0,1,1,1,1,0,1,0,1,1,1,1,0,1,1,1,1,1,1,1,1</bondEncode>
      <blockID>24</blockID>
      <nbond>0</nbond>
      <sbond>0</sbond>
      <dbond>19</dbond>
      <tbond>6</tbond>
      <qbond>0</qbond>
      <bounce>0.47083333333333</bounce>
      <hardness>0.17916666666667</hardness>
      <slip>0.7125</slip>
      <made>6</made>
      <device>iPad</device>
    </block>
    <block>
      <time>November 7, 2012, 6:16:22 PM CST</time>
      <bondEncode>1,1,1,1,1,1,1,1,1,1,1,1,1,1,1,1,0,1,0,0,0,1,1,1,1,1,1,1,1,1,1,1,1,1,1,0,1,1,1,1</bondEncode>
      <blockID>25</blockID>
      <nbond>0</nbond>
      <sbond>0</sbond>
      <dbond>6</dbond>
      <tbond>8</tbond>
      <qbond>11</qbond>
      <bounce>0</bounce>
      <hardness>0.89166666666667</hardness>
      <slip>0.225</slip>
      <made>12</made>
      <device>iPad</device>
    </block>
    <block>
      <time>November 7, 2012, 6:16:54 PM CST</time>
      <bondEncode>0,0,0,0,0,0,0,0,0,0,0,0,0,0,0,0,1,1,1,0,1,1,1,1,0,1,0,1,1,1,1,0,1,1,1,1,1,1,1,1</bondEncode>
      <blockID>26</blockID>
      <nbond>0</nbond>
      <sbond>0</sbond>
      <dbond>19</dbond>
      <tbond>6</tbond>
      <qbond>0</qbond>
      <bounce>0.47083333333333</bounce>
      <hardness>0.17916666666667</hardness>
      <slip>0.7125</slip>
      <made>4</made>
      <device>iPad</device>
    </block>
    <block>
      <time>November 7, 2012, 6:17:24 PM CST</time>
      <bondEncode>1,1,1,1,1,1,1,1,1,1,1,1,1,1,1,1,0,1,0,0,0,1,1,1,1,1,1,1,1,1,1,1,1,1,1,0,1,1,1,1</bondEncode>
      <blockID>27</blockID>
      <nbond>0</nbond>
      <sbond>0</sbond>
      <dbond>6</dbond>
      <tbond>8</tbond>
      <qbond>11</qbond>
      <bounce>0</bounce>
      <hardness>0.89166666666667</hardness>
      <slip>0.225</slip>
      <made>20</made>
      <device>iPad</device>
    </block>
    <block>
      <time>November 7, 2012, 6:18:21 PM CST</time>
      <bondEncode>0,0,0,0,0,0,0,0,0,0,0,0,0,0,0,0,1,1,1,0,1,1,1,1,0,1,0,1,1,1,1,0,1,1,1,1,1,1,1,1</bondEncode>
      <blockID>28</blockID>
      <nbond>0</nbond>
      <sbond>0</sbond>
      <dbond>19</dbond>
      <tbond>6</tbond>
      <qbond>0</qbond>
      <bounce>0.47083333333333</bounce>
      <hardness>0.17916666666667</hardness>
      <slip>0.7125</slip>
      <made>52</made>
      <device>iPad</device>
    </block>
    <block>
      <time>November 7, 2012, 6:19:33 PM CST</time>
      <bondEncode>1,1,1,1,1,1,1,1,1,1,1,1,1,1,1,1,0,1,0,0,0,1,1,1,1,1,1,1,1,1,1,1,1,1,1,0,1,1,1,1</bondEncode>
      <blockID>29</blockID>
      <nbond>0</nbond>
      <sbond>0</sbond>
      <dbond>6</dbond>
      <tbond>8</tbond>
      <qbond>11</qbond>
      <bounce>0</bounce>
      <hardness>0.89166666666667</hardness>
      <slip>0.225</slip>
      <made>13</made>
      <device>iPad</device>
    </block>
    <block>
      <time>November 7, 2012, 6:19:57 PM CST</time>
      <bondEncode>0,0,0,0,0,0,0,0,0,0,0,0,0,0,0,0,1,1,1,0,1,1,1,1,0,1,0,1,1,1,1,0,1,1,1,1,1,1,1,1</bondEncode>
      <blockID>30</blockID>
      <nbond>0</nbond>
      <sbond>0</sbond>
      <dbond>19</dbond>
      <tbond>6</tbond>
      <qbond>0</qbond>
      <bounce>0.47083333333333</bounce>
      <hardness>0.17916666666667</hardness>
      <slip>0.7125</slip>
      <made>76</made>
      <device>iPad</device>
    </block>
    <level>
      <finishedLevel>2</finishedLevel>
      <time>November 7, 2012, 6:19:57 PM CST</time>
      <tilesRemoved>187</tilesRemoved>
      <timeToFinish>2729.8439999984</timeToFinish>
      <status>complete</status>
    </level>
  </type>
</xml>
