<?xml version="1.0"?>
<xml>
  <type>
    <block>
      <time>November 7, 2012, 12:07:48 PM CST</time>
      <bondEncode>0,0,0,0,0,0,0,0,0,0,0,0,0,0,0,0,0,0,0,0,0,0,0,0,0,0,0,0,0,0,0,0,0,0,0,0,0,0,0,0</bondEncode>
      <blockID>0</blockID>
      <nbond>25</nbond>
      <sbond>0</sbond>
      <dbond>0</dbond>
      <tbond>0</tbond>
      <qbond>0</qbond>
      <bounce>0</bounce>
      <hardness>0</hardness>
      <slip>0</slip>
      <made>35</made>
      <device>iPad</device>
    </block>
    <block>
      <time>November 7, 2012, 12:10:27 PM CST</time>
      <bondEncode>1,1,1,1,0,1,0,0,0,0,0,0,0,0,0,0,0,0,0,0,1,0,0,0,1,0,0,0,0,0,0,0,0,0,1,0,0,0,0,1</bondEncode>
      <blockID>1</blockID>
      <nbond>13</nbond>
      <sbond>6</sbond>
      <dbond>6</dbond>
      <tbond>0</tbond>
      <qbond>0</qbond>
      <bounce>0.075</bounce>
      <hardness>0.025</hardness>
      <slip>0.375</slip>
      <made>0</made>
      <device>iPad</device>
    </block>
    <block>
      <time>November 7, 2012, 12:12:54 PM CST</time>
      <bondEncode>0,0,0,0,0,0,0,0,0,0,0,0,0,0,0,1,0,0,0,0,0,1,0,1,1,0,0,0,0,0,0,1,1,1,1,0,0,0,0,0</bondEncode>
      <blockID>2</blockID>
      <nbond>0</nbond>
      <sbond>18</sbond>
      <dbond>7</dbond>
      <tbond>0</tbond>
      <qbond>0</qbond>
      <bounce>0.0875</bounce>
      <hardness>0.029166666666667</hardness>
      <slip>0.7125</slip>
      <made>41</made>
      <device>iPad</device>
    </block>
    <block>
      <time>November 7, 2012, 12:14:16 PM CST</time>
      <bondEncode>1,1,1,1,1,1,1,1,1,1,1,1,1,1,1,1,0,0,0,0,0,0,0,1,1,0,0,0,0,0,0,1,1,0,1,0,1,1,1,0</bondEncode>
      <blockID>3</blockID>
      <nbond>0</nbond>
      <sbond>0</sbond>
      <dbond>5</dbond>
      <tbond>14</tbond>
      <qbond>6</qbond>
      <bounce>0.60694444444444</bounce>
      <hardness>0.65416666666667</hardness>
      <slip>0.1875</slip>
      <made>40</made>
      <device>iPad</device>
    </block>
    <block>
      <time>November 7, 2012, 12:17:50 PM CST</time>
      <bondEncode>0,0,0,0,0,0,0,0,0,0,0,0,0,0,0,0,0,0,0,0,0,0,0,0,0,0,0,0,0,0,0,0,0,0,0,0,0,0,0,0</bondEncode>
      <blockID>4</blockID>
      <nbond>25</nbond>
      <sbond>0</sbond>
      <dbond>0</dbond>
      <tbond>0</tbond>
      <qbond>0</qbond>
      <bounce>0</bounce>
      <hardness>0</hardness>
      <slip>0</slip>
      <made>20</made>
      <device>iPad</device>
    </block>
    <block>
      <time>November 7, 2012, 12:18:47 PM CST</time>
      <bondEncode>1,1,0,1,1,1,1,1,1,1,1,1,1,1,1,1,0,0,0,0,0,0,0,1,0,0,0,0,0,0,0,1,1,0,1,0,1,1,1,0</bondEncode>
      <blockID>5</blockID>
      <nbond>0</nbond>
      <sbond>1</sbond>
      <dbond>7</dbond>
      <tbond>11</tbond>
      <qbond>6</qbond>
      <bounce>0.51527777777778</bounce>
      <hardness>0.6125</hardness>
      <slip>0.2875</slip>
      <made>1140</made>
      <device>iPad</device>
    </block>
    <level>
      <finishedLevel>1</finishedLevel>
      <time>November 7, 2012, 12:18:47 PM CST</time>
      <tilesRemoved>225</tilesRemoved>
      <timeToFinish>1994.7030000002</timeToFinish>
      <status>complete</status>
    </level>
  </type>
</xml>
