<?xml version="1.0"?>
<xml>
  <type>
    <block>
      <time>Freitag, 16. November 2012 17:45:12</time>
      <bondEncode>0,0,0,0,0,0,0,0,0,0,0,0,0,0,0,0,0,0,0,0,0,0,0,0,0,0,0,0,0,0,0,0,0,0,0,0,0,0,0,0</bondEncode>
      <blockID>0</blockID>
      <nbond>25</nbond>
      <sbond>0</sbond>
      <dbond>0</dbond>
      <tbond>0</tbond>
      <qbond>0</qbond>
      <bounce>0</bounce>
      <hardness>0</hardness>
      <slip>0</slip>
      <made>12</made>
      <device>computer</device>
    </block>
    <block>
      <time>Freitag, 16. November 2012 17:46:09</time>
      <bondEncode>0,0,0,0,1,1,1,1,0,0,0,0,0,0,0,0,0,0,0,0,0,0,0,0,0,0,0,0,0,0,0,0,0,0,0,0,0,0,0,0</bondEncode>
      <blockID>1</blockID>
      <nbond>20</nbond>
      <sbond>2</sbond>
      <dbond>3</dbond>
      <tbond>0</tbond>
      <qbond>0</qbond>
      <bounce>0</bounce>
      <hardness>0.0125</hardness>
      <slip>0.1625</slip>
      <made>7</made>
      <device>computer</device>
    </block>
    <block>
      <time>Freitag, 16. November 2012 17:46:29</time>
      <bondEncode>0,0,0,0,1,1,1,1,0,0,0,0,0,0,0,0,0,0,0,0,0,0,0,0,0,0,0,1,0,0,0,0,1,0,0,0,0,1,0,0</bondEncode>
      <blockID>2</blockID>
      <nbond>17</nbond>
      <sbond>3</sbond>
      <dbond>4</dbond>
      <tbond>1</tbond>
      <qbond>0</qbond>
      <bounce>0</bounce>
      <hardness>0.033333333333333</hardness>
      <slip>0.225</slip>
      <made>44</made>
      <device>computer</device>
    </block>
    <level>
      <finishedLevel>1</finishedLevel>
      <time>Freitag, 16. November 2012 17:46:29</time>
      <tilesRemoved>4</tilesRemoved>
      <timeToFinish>113.02300000001</timeToFinish>
      <status>quit</status>
    </level>
  </type>
  <type>
    <block>
      <time>Freitag, 16. November 2012 17:47:05</time>
      <bondEncode>0,0,0,0,1,1,1,1,0,0,0,0,0,0,0,0,0,0,0,0,0,0,0,0,0,0,0,1,0,0,0,0,1,0,0,0,0,1,0,0</bondEncode>
      <blockID>2</blockID>
      <nbond>17</nbond>
      <sbond>3</sbond>
      <dbond>4</dbond>
      <tbond>1</tbond>
      <qbond>0</qbond>
      <bounce>0</bounce>
      <hardness>0.033333333333333</hardness>
      <slip>0.225</slip>
      <made>0</made>
      <device>computer</device>
    </block>
    <level>
      <finishedLevel>1</finishedLevel>
      <time>Freitag, 16. November 2012 17:47:05</time>
      <tilesRemoved>4</tilesRemoved>
      <timeToFinish>113.02300000001</timeToFinish>
      <status>quit</status>
    </level>
  </type>
</xml>
