<?xml version="1.0"?>
<xml>
  <type>
    <block>
      <time>Fri 16 Nov 2012 02:04:07 PM CST</time>
      <bondEncode>0,0,0,0,0,0,0,0,0,0,0,0,0,0,0,0,0,0,0,0,0,0,0,0,0,0,0,0,0,0,0,0,0,0,0,0,0,0,0,0</bondEncode>
      <blockID>0</blockID>
      <nbond>25</nbond>
      <sbond>0</sbond>
      <dbond>0</dbond>
      <tbond>0</tbond>
      <qbond>0</qbond>
      <bounce>0</bounce>
      <hardness>0</hardness>
      <slip>0</slip>
      <made>45</made>
      <device>computer</device>
    </block>
    <block>
      <time>Fri 16 Nov 2012 02:05:54 PM CST</time>
      <bondEncode>0,0,0,0,0,0,0,0,0,0,0,0,0,0,0,0,0,0,0,0,0,0,0,0,0,0,0,0,0,0,0,1,0,0,0,0,0,0,1,0</bondEncode>
      <blockID>1</blockID>
      <nbond>17</nbond>
      <sbond>2</sbond>
      <dbond>6</dbond>
      <tbond>0</tbond>
      <qbond>0</qbond>
      <bounce>0</bounce>
      <hardness>0.025</hardness>
      <slip>0.275</slip>
      <made>2</made>
      <device>computer</device>
    </block>
    <block>
      <time>Fri 16 Nov 2012 02:06:04 PM CST</time>
      <bondEncode>0,0,0,1,0,0,0,0,0,0,0,0,0,0,0,0,0,0,0,0,0,0,0,0,0,0,0,0,0,0,0,1,0,0,0,0,0,0,0,0</bondEncode>
      <blockID>2</blockID>
      <nbond>12</nbond>
      <sbond>6</sbond>
      <dbond>7</dbond>
      <tbond>0</tbond>
      <qbond>0</qbond>
      <bounce>0</bounce>
      <hardness>0.029166666666667</hardness>
      <slip>0.4125</slip>
      <made>2</made>
      <device>computer</device>
    </block>
    <block>
      <time>Fri 16 Nov 2012 02:06:11 PM CST</time>
      <bondEncode>0,0,0,0,0,0,0,0,0,0,0,0,0,0,0,0,0,0,0,0,0,0,0,0,0,0,0,0,0,0,0,0,0,0,0,0,0,0,0,0</bondEncode>
      <blockID>3</blockID>
      <nbond>25</nbond>
      <sbond>0</sbond>
      <dbond>0</dbond>
      <tbond>0</tbond>
      <qbond>0</qbond>
      <bounce>0</bounce>
      <hardness>0</hardness>
      <slip>0</slip>
      <made>6</made>
      <device>computer</device>
    </block>
    <block>
      <time>Fri 16 Nov 2012 02:06:32 PM CST</time>
      <bondEncode>1,1,1,0,0,0,0,0,0,0,0,0,0,0,0,0,0,0,0,0,0,0,0,0,1,0,0,0,0,1,0,0,0,0,1,0,0,0,0,1</bondEncode>
      <blockID>4</blockID>
      <nbond>9</nbond>
      <sbond>0</sbond>
      <dbond>16</dbond>
      <tbond>0</tbond>
      <qbond>0</qbond>
      <bounce>0</bounce>
      <hardness>0.066666666666667</hardness>
      <slip>0.6</slip>
      <made>22</made>
      <device>computer</device>
    </block>
    <level>
      <finishedLevel>1</finishedLevel>
      <time>Fri 16 Nov 2012 02:06:32 PM CST</time>
      <tilesRemoved>8</tilesRemoved>
      <timeToFinish>155.22199999999</timeToFinish>
      <status>quit</status>
    </level>
  </type>
</xml>
