<?xml version="1.0"?>
<xml>
  <type>
    <block>
      <time>Sun Nov 18 2012 17:24:18 GMT-0600 (Central Standard Time)</time>
      <bondEncode>0,0,0,0,0,0,0,0,0,0,0,0,0,0,0,0,0,0,0,0,0,0,0,0,0,0,0,0,0,0,0,0,0,0,0,0,0,0,0,0</bondEncode>
      <blockID>0</blockID>
      <nbond>25</nbond>
      <sbond>0</sbond>
      <dbond>0</dbond>
      <tbond>0</tbond>
      <qbond>0</qbond>
      <bounce>0</bounce>
      <hardness>0</hardness>
      <slip>0</slip>
      <made>15</made>
      <device>computer</device>
    </block>
    <block>
      <time>Sun Nov 18 2012 17:25:58 GMT-0600 (Central Standard Time)</time>
      <bondEncode>1,1,1,1,1,0,1,1,1,1,1,1,1,1,1,1,1,1,0,0,0,0,0,0,0,0,0,0,0,0,0,0,0,0,0,0,0,0,0,0</bondEncode>
      <blockID>1</blockID>
      <nbond>0</nbond>
      <sbond>14</sbond>
      <dbond>11</dbond>
      <tbond>0</tbond>
      <qbond>0</qbond>
      <bounce>0</bounce>
      <hardness>0.045833333333333</hardness>
      <slip>0.7625</slip>
      <made>11</made>
      <device>computer</device>
    </block>
    <block>
      <time>Sun Nov 18 2012 17:35:14 GMT-0600 (Central Standard Time)</time>
      <bondEncode>1,0,1,1,1,1,1,1,1,0,1,1,1,0,0,0,1,1,1,1,0,0,0,0,0,0,0,0,0,0,0,0,0,0,0,0,0,0,0,0</bondEncode>
      <blockID>2</blockID>
      <nbond>0</nbond>
      <sbond>16</sbond>
      <dbond>9</dbond>
      <tbond>0</tbond>
      <qbond>0</qbond>
      <bounce>0</bounce>
      <hardness>0.0375</hardness>
      <slip>0.7375</slip>
      <made>65</made>
      <device>computer</device>
    </block>
    <block>
      <time>Sun Nov 18 2012 17:40:13 GMT-0600 (Central Standard Time)</time>
      <bondEncode>1,0,1,0,0,1,1,0,0,0,0,0,0,0,0,0,0,0,0,0,0,1,0,0,1,0,0,0,1,1,0,1,0,1,1,0,0,0,0,1</bondEncode>
      <blockID>3</blockID>
      <nbond>0</nbond>
      <sbond>4</sbond>
      <dbond>21</dbond>
      <tbond>0</tbond>
      <qbond>0</qbond>
      <bounce>0</bounce>
      <hardness>0.0875</hardness>
      <slip>0.8875</slip>
      <made>163</made>
      <device>computer</device>
    </block>
    <block>
      <time>Sun Nov 18 2012 17:44:39 GMT-0600 (Central Standard Time)</time>
      <bondEncode>1,1,1,1,1,0,1,1,1,1,1,1,1,1,1,1,1,1,0,0,0,0,0,0,0,0,0,0,0,0,0,0,0,0,0,0,0,0,0,0</bondEncode>
      <blockID>4</blockID>
      <nbond>0</nbond>
      <sbond>14</sbond>
      <dbond>11</dbond>
      <tbond>0</tbond>
      <qbond>0</qbond>
      <bounce>0</bounce>
      <hardness>0.045833333333333</hardness>
      <slip>0.7625</slip>
      <made>41</made>
      <device>computer</device>
    </block>
    <level>
      <finishedLevel>1</finishedLevel>
      <time>Sun Nov 18 2012 17:44:39 GMT-0600 (Central Standard Time)</time>
      <tilesRemoved>60</tilesRemoved>
      <timeToFinish>1250.8110000005</timeToFinish>
      <status>quit</status>
    </level>
  </type>
</xml>
