<?xml version="1.0"?>
<xml>
  <type>
    <block>
      <time>Mon Nov 26 2012 18:05:42 GMT-0500 (Eastern Standard Time)</time>
      <bondEncode>0,0,0,0,0,0,0,0,0,0,0,0,0,0,0,0,0,0,0,0,0,0,0,0,0,0,0,0,0,0,0,0,0,0,0,0,0,0,0,0</bondEncode>
      <blockID>0</blockID>
      <nbond>25</nbond>
      <sbond>0</sbond>
      <dbond>0</dbond>
      <tbond>0</tbond>
      <qbond>0</qbond>
      <bounce>0</bounce>
      <hardness>0</hardness>
      <slip>0</slip>
      <made>7</made>
      <device>computer</device>
    </block>
    <block>
      <time>Mon Nov 26 2012 18:07:43 GMT-0500 (Eastern Standard Time)</time>
      <bondEncode>0,0,0,0,0,0,0,0,0,0,0,0,0,0,0,0,0,0,0,0,0,0,0,1,1,0,0,0,0,0,0,0,0,0,0,0,0,0,0,0</bondEncode>
      <blockID>1</blockID>
      <nbond>21</nbond>
      <sbond>0</sbond>
      <dbond>4</dbond>
      <tbond>0</tbond>
      <qbond>0</qbond>
      <bounce>0</bounce>
      <hardness>0.016666666666667</hardness>
      <slip>0.15</slip>
      <made>3</made>
      <device>computer</device>
    </block>
    <level>
      <finishedLevel>1</finishedLevel>
      <time>Mon Nov 26 2012 18:07:43 GMT-0500 (Eastern Standard Time)</time>
      <tilesRemoved>4</tilesRemoved>
      <timeToFinish>144.353</timeToFinish>
      <status>quit</status>
    </level>
  </type>
</xml>
