<?xml version="1.0"?>
<xml>
  <type>
    <block>
      <time>Fri Nov 16 2012 17:35:44 GMT 0100 (CET)</time>
      <bondEncode>0,0,0,0,0,0,0,0,0,0,0,0,0,0,0,0,0,0,0,0,0,0,0,0,0,0,0,0,0,0,0,0,0,0,0,0,0,0,0,0</bondEncode>
      <blockID>0</blockID>
      <nbond>25</nbond>
      <sbond>0</sbond>
      <dbond>0</dbond>
      <tbond>0</tbond>
      <qbond>0</qbond>
      <bounce>0</bounce>
      <hardness>0</hardness>
      <slip>0</slip>
      <made>0</made>
      <device>computer</device>
    </block>
    <block>
      <time>Fri Nov 16 2012 17:36:02 GMT 0100 (CET)</time>
      <bondEncode>0,0,0,0,0,0,0,0,0,0,0,0,0,0,1,1,0,0,0,0,0,0,1,0,0,0,0,1,0,0,0,0,1,0,0,0,0,0,0,1</bondEncode>
      <blockID>1</blockID>
      <nbond>18</nbond>
      <sbond>2</sbond>
      <dbond>5</dbond>
      <tbond>0</tbond>
      <qbond>0</qbond>
      <bounce>0</bounce>
      <hardness>0.020833333333333</hardness>
      <slip>0.2375</slip>
      <made>0</made>
      <device>computer</device>
    </block>
    <level>
      <finishedLevel>1</finishedLevel>
      <time>Fri Nov 16 2012 17:36:02 GMT 0100 (CET)</time>
      <tilesRemoved>0</tilesRemoved>
      <timeToFinish>35.875999999999</timeToFinish>
      <status>quit</status>
    </level>
  </type>
</xml>
