<?xml version="1.0"?>
<xml>
  <type>
    <block>
      <time>Tue Nov 20 2012 12:32:02 GMT 0100 (&#x15A;rodkowoeuropejski czas stand.)</time>
      <bondEncode>0,0,0,0,0,0,0,0,0,0,0,0,0,0,0,0,0,0,0,0,0,0,0,0,0,0,0,0,0,0,0,0,0,0,0,0,0,0,0,0</bondEncode>
      <blockID>0</blockID>
      <nbond>25</nbond>
      <sbond>0</sbond>
      <dbond>0</dbond>
      <tbond>0</tbond>
      <qbond>0</qbond>
      <bounce>0</bounce>
      <hardness>0</hardness>
      <slip>0</slip>
      <made>4</made>
      <device>computer</device>
    </block>
    <level>
      <finishedLevel>1</finishedLevel>
      <time>Tue Nov 20 2012 12:32:02 GMT 0100 (&#x15A;rodkowoeuropejski czas stand.)</time>
      <tilesRemoved>4</tilesRemoved>
      <timeToFinish>28.389999999999</timeToFinish>
      <status>quit</status>
    </level>
  </type>
</xml>
