<?xml version="1.0"?>
<xml>
  <type>
    <block>
      <time>Sat Nov 17 2012 10:54:57 GMT-0600 (CST)</time>
      <bondEncode>0,0,0,0,0,0,0,0,0,0,0,0,0,0,0,0,0,0,0,0,0,0,0,0,0,0,0,0,0,0,0,0,0,0,0,0,0,0,0,0</bondEncode>
      <blockID>0</blockID>
      <nbond>25</nbond>
      <sbond>0</sbond>
      <dbond>0</dbond>
      <tbond>0</tbond>
      <qbond>0</qbond>
      <bounce>0</bounce>
      <hardness>0</hardness>
      <slip>0</slip>
      <made>16</made>
      <device>computer</device>
    </block>
    <block>
      <time>Sat Nov 17 2012 10:57:32 GMT-0600 (CST)</time>
      <bondEncode>0,1,0,0,0,0,0,0,0,0,0,0,0,0,0,0,0,0,0,0,0,0,0,0,0,0,1,0,0,0,0,0,0,0,0,0,0,0,0,0</bondEncode>
      <blockID>1</blockID>
      <nbond>17</nbond>
      <sbond>6</sbond>
      <dbond>2</dbond>
      <tbond>0</tbond>
      <qbond>0</qbond>
      <bounce>0</bounce>
      <hardness>0.0083333333333333</hardness>
      <slip>0.225</slip>
      <made>90</made>
      <device>computer</device>
    </block>
    <block>
      <time>Sat Nov 17 2012 11:06:08 GMT-0600 (CST)</time>
      <bondEncode>0,1,1,1,1,1,0,1,0,1,0,0,0,0,0,0,1,1,1,0,1,0,1,1,1,1,1,1,1,1,1,0,0,1,1,1,1,1,1,1</bondEncode>
      <blockID>2</blockID>
      <nbond>0</nbond>
      <sbond>0</sbond>
      <dbond>4</dbond>
      <tbond>12</tbond>
      <qbond>9</qbond>
      <bounce>0</bounce>
      <hardness>0.71666666666667</hardness>
      <slip>0.15</slip>
      <made>264</made>
      <device>computer</device>
    </block>
    <level>
      <finishedLevel>1</finishedLevel>
      <time>Sat Nov 17 2012 11:06:08 GMT-0600 (CST)</time>
      <tilesRemoved>130</tilesRemoved>
      <timeToFinish>1135.8950000004</timeToFinish>
      <status>quit</status>
    </level>
  </type>
</xml>
