<?xml version="1.0"?>
<xml>
  <type>
    <block>
      <time>Sat Nov 24 2012 17:36:41 GMT 0000 (GMT)</time>
      <bondEncode>0,0,0,0,0,0,0,0,0,0,0,0,0,0,0,0,0,0,0,0,0,0,0,0,0,0,0,0,0,0,0,0,0,0,0,0,0,0,0,0</bondEncode>
      <blockID>0</blockID>
      <nbond>25</nbond>
      <sbond>0</sbond>
      <dbond>0</dbond>
      <tbond>0</tbond>
      <qbond>0</qbond>
      <bounce>0</bounce>
      <hardness>0</hardness>
      <slip>0</slip>
      <made>10</made>
      <device>computer</device>
    </block>
    <block>
      <time>Sat Nov 24 2012 17:37:25 GMT 0000 (GMT)</time>
      <bondEncode>0,0,0,0,0,0,0,0,0,0,0,0,0,0,0,0,0,0,0,0,0,0,0,0,0,0,0,0,0,0,0,1,0,0,0,0,0,0,0,0</bondEncode>
      <blockID>1</blockID>
      <nbond>21</nbond>
      <sbond>2</sbond>
      <dbond>2</dbond>
      <tbond>0</tbond>
      <qbond>0</qbond>
      <bounce>0</bounce>
      <hardness>0.0083333333333333</hardness>
      <slip>0.125</slip>
      <made>7</made>
      <device>computer</device>
    </block>
    <block>
      <time>Sat Nov 24 2012 17:37:47 GMT 0000 (GMT)</time>
      <bondEncode>0,0,0,0,0,0,0,0,0,0,0,0,0,0,0,0,0,0,0,0,0,0,0,0,0,0,0,0,0,0,0,1,0,0,0,0,0,0,1,0</bondEncode>
      <blockID>2</blockID>
      <nbond>18</nbond>
      <sbond>4</sbond>
      <dbond>3</dbond>
      <tbond>0</tbond>
      <qbond>0</qbond>
      <bounce>0</bounce>
      <hardness>0.0125</hardness>
      <slip>0.2125</slip>
      <made>11</made>
      <device>computer</device>
    </block>
    <level>
      <finishedLevel>1</finishedLevel>
      <time>Sat Nov 24 2012 17:37:47 GMT 0000 (GMT)</time>
      <tilesRemoved>10</tilesRemoved>
      <timeToFinish>86.792000000001</timeToFinish>
      <status>quit</status>
    </level>
  </type>
</xml>
