<?xml version="1.0"?>
<xml>
  <type>
    <block>
      <time>Thu Nov 22 2012 21:52:58 GMT 0100 (CET)</time>
      <bondEncode>0,0,0,0,0,0,0,0,0,0,0,0,0,0,0,0,0,0,0,0,0,0,0,0,0,0,0,0,0,0,0,0,0,0,0,0,0,0,0,0</bondEncode>
      <blockID>0</blockID>
      <nbond>25</nbond>
      <sbond>0</sbond>
      <dbond>0</dbond>
      <tbond>0</tbond>
      <qbond>0</qbond>
      <bounce>0</bounce>
      <hardness>0</hardness>
      <slip>0</slip>
      <made>0</made>
      <device>computer</device>
    </block>
    <block>
      <time>Thu Nov 22 2012 21:53:27 GMT 0100 (CET)</time>
      <bondEncode>0,0,0,0,0,0,0,0,0,0,0,0,0,1,0,0,1,1,1,0,1,0,0,0,0,1,1,0,0,0,1,1,0,0,0,1,0,0,0,0</bondEncode>
      <blockID>1</blockID>
      <nbond>0</nbond>
      <sbond>2</sbond>
      <dbond>23</dbond>
      <tbond>0</tbond>
      <qbond>0</qbond>
      <bounce>0</bounce>
      <hardness>0.095833333333333</hardness>
      <slip>0.9125</slip>
      <made>3</made>
      <device>computer</device>
    </block>
    <block>
      <time>Thu Nov 22 2012 21:54:21 GMT 0100 (CET)</time>
      <bondEncode>0,0,0,0,0,0,0,0,0,0,0,0,0,0,0,0,0,0,0,0,0,0,0,0,0,0,0,0,0,0,0,0,0,0,1,0,0,0,0,1</bondEncode>
      <blockID>2</blockID>
      <nbond>19</nbond>
      <sbond>2</sbond>
      <dbond>4</dbond>
      <tbond>0</tbond>
      <qbond>0</qbond>
      <bounce>0</bounce>
      <hardness>0.016666666666667</hardness>
      <slip>0.2</slip>
      <made>0</made>
      <device>computer</device>
    </block>
    <block>
      <time>Thu Nov 22 2012 21:55:01 GMT 0100 (CET)</time>
      <bondEncode>0,0,0,0,0,0,0,0,1,0,1,1,0,0,1,0,0,0,0,0,0,0,0,0,0,0,0,0,0,0,0,0,0,0,1,1,0,0,0,1</bondEncode>
      <blockID>3</blockID>
      <nbond>5</nbond>
      <sbond>12</sbond>
      <dbond>8</dbond>
      <tbond>0</tbond>
      <qbond>0</qbond>
      <bounce>0</bounce>
      <hardness>0.033333333333333</hardness>
      <slip>0.6</slip>
      <made>0</made>
      <device>computer</device>
    </block>
    <level>
      <finishedLevel>1</finishedLevel>
      <time>Thu Nov 22 2012 21:55:01 GMT 0100 (CET)</time>
      <tilesRemoved>0</tilesRemoved>
      <timeToFinish>137.574</timeToFinish>
      <status>quit</status>
    </level>
  </type>
</xml>
