<?xml version="1.0"?>
<xml>
  <type>
    <block>
      <time>20 novembre 2012 19:07:18 HNEC</time>
      <bondEncode>0,0,0,0,0,0,0,0,0,0,0,0,0,0,0,0,0,0,0,0,0,0,0,0,0,0,0,0,0,0,0,0,0,0,0,0,0,0,0,0</bondEncode>
      <blockID>0</blockID>
      <nbond>25</nbond>
      <sbond>0</sbond>
      <dbond>0</dbond>
      <tbond>0</tbond>
      <qbond>0</qbond>
      <bounce>0</bounce>
      <hardness>0</hardness>
      <slip>0</slip>
      <made>7</made>
      <device>computer</device>
    </block>
    <block>
      <time>20 novembre 2012 19:08:25 HNEC</time>
      <bondEncode>0,1,0,0,0,0,0,0,0,1,0,0,0,0,0,1,0,0,0,0,0,0,0,0,0,0,1,0,0,0,0,0,1,0,0,0,0,1,0,0</bondEncode>
      <blockID>1</blockID>
      <nbond>15</nbond>
      <sbond>4</sbond>
      <dbond>4</dbond>
      <tbond>2</tbond>
      <qbond>0</qbond>
      <bounce>0.26666666666667</bounce>
      <hardness>0.05</hardness>
      <slip>0.25</slip>
      <made>8</made>
      <device>computer</device>
    </block>
    <level>
      <finishedLevel>1</finishedLevel>
      <time>20 novembre 2012 19:08:25 HNEC</time>
      <tilesRemoved>4</tilesRemoved>
      <timeToFinish>76.199000000001</timeToFinish>
      <status>quit</status>
    </level>
  </type>
</xml>
