<?xml version="1.0"?>
<xml>
  <type>
    <block>
      <time>Mon Nov 19 2012 15:07:57 GMT-0500 (Eastern Standard Time)</time>
      <bondEncode>0,0,0,0,0,0,0,0,0,0,0,0,0,0,0,0,0,0,0,0,0,0,0,0,0,0,0,0,0,0,0,0,0,0,0,0,0,0,0,0</bondEncode>
      <blockID>0</blockID>
      <nbond>25</nbond>
      <sbond>0</sbond>
      <dbond>0</dbond>
      <tbond>0</tbond>
      <qbond>0</qbond>
      <bounce>0</bounce>
      <hardness>0</hardness>
      <slip>0</slip>
      <made>17</made>
      <device>computer</device>
    </block>
    <block>
      <time>Mon Nov 19 2012 15:09:39 GMT-0500 (Eastern Standard Time)</time>
      <bondEncode>0,0,0,0,0,0,0,0,0,0,0,0,0,0,0,0,0,0,0,0,0,0,1,0,0,0,0,1,0,0,0,0,1,0,0,0,0,1,0,0</bondEncode>
      <blockID>1</blockID>
      <nbond>8</nbond>
      <sbond>2</sbond>
      <dbond>15</dbond>
      <tbond>0</tbond>
      <qbond>0</qbond>
      <bounce>0</bounce>
      <hardness>0.0625</hardness>
      <slip>0.6125</slip>
      <made>9</made>
      <device>computer</device>
    </block>
    <level>
      <finishedLevel>1</finishedLevel>
      <time>Mon Nov 19 2012 15:09:39 GMT-0500 (Eastern Standard Time)</time>
      <tilesRemoved>6</tilesRemoved>
      <timeToFinish>140.3</timeToFinish>
      <status>quit</status>
    </level>
  </type>
</xml>
