<?xml version="1.0"?>
<xml>
  <type>
    <block>
      <time>Thu 22 Nov 2012 06:08:30 PM CST</time>
      <bondEncode>0,0,0,0,0,0,0,0,0,0,0,0,0,0,0,0,0,0,0,0,0,0,0,0,0,0,0,0,0,0,0,0,0,0,0,0,0,0,0,0</bondEncode>
      <blockID>0</blockID>
      <nbond>25</nbond>
      <sbond>0</sbond>
      <dbond>0</dbond>
      <tbond>0</tbond>
      <qbond>0</qbond>
      <bounce>0</bounce>
      <hardness>0</hardness>
      <slip>0</slip>
      <made>0</made>
      <device>computer</device>
    </block>
    <block>
      <time>Thu 22 Nov 2012 06:10:40 PM CST</time>
      <bondEncode>1,1,1,0,1,1,1,1,1,1,1,1,1,1,1,1,1,1,1,1,1,1,1,0,0,1,1,1,0,1,1,1,1,0,0,1,1,1,1,0</bondEncode>
      <blockID>1</blockID>
      <nbond>0</nbond>
      <sbond>0</sbond>
      <dbond>5</dbond>
      <tbond>12</tbond>
      <qbond>8</qbond>
      <bounce>0</bounce>
      <hardness>0.66527777777778</hardness>
      <slip>0.1875</slip>
      <made>0</made>
      <device>computer</device>
    </block>
    <level>
      <finishedLevel>1</finishedLevel>
      <time>Thu 22 Nov 2012 06:10:40 PM CST</time>
      <tilesRemoved>0</tilesRemoved>
      <timeToFinish>147.085</timeToFinish>
      <status>quit</status>
    </level>
  </type>
</xml>
