<?xml version="1.0"?>
<xml>
  <type>
    <block>
      <time>Fri Nov 23 2012 13:46:12 GMT 0900 (JST)</time>
      <bondEncode>0,0,0,0,0,0,0,0,0,0,0,0,0,0,0,0,0,0,0,0,0,0,0,0,0,0,0,0,0,0,0,0,0,0,0,0,0,0,0,0</bondEncode>
      <blockID>0</blockID>
      <nbond>25</nbond>
      <sbond>0</sbond>
      <dbond>0</dbond>
      <tbond>0</tbond>
      <qbond>0</qbond>
      <bounce>0</bounce>
      <hardness>0</hardness>
      <slip>0</slip>
      <made>0</made>
      <device>computer</device>
    </block>
    <block>
      <time>Fri Nov 23 2012 13:46:59 GMT 0900 (JST)</time>
      <bondEncode>0,1,0,0,0,0,0,0,0,0,0,0,0,0,0,0,0,0,0,0,0,0,0,0,1,0,0,1,0,1,0,1,1,1,1,0,0,0,0,0</bondEncode>
      <blockID>1</blockID>
      <nbond>7</nbond>
      <sbond>14</sbond>
      <dbond>4</dbond>
      <tbond>0</tbond>
      <qbond>0</qbond>
      <bounce>0</bounce>
      <hardness>0.016666666666667</hardness>
      <slip>0.5</slip>
      <made>0</made>
      <device>computer</device>
    </block>
    <level>
      <finishedLevel>1</finishedLevel>
      <time>Fri Nov 23 2012 13:46:59 GMT 0900 (JST)</time>
      <tilesRemoved>0</tilesRemoved>
      <timeToFinish>85.977000000002</timeToFinish>
      <status>quit</status>
    </level>
  </type>
</xml>
