<?xml version="1.0"?>
<xml>
  <type>
    <block>
      <time>Fri 23 Nov 2012 06:22:50 AM EST</time>
      <bondEncode>0,0,0,0,0,0,0,0,0,0,0,0,0,0,0,0,0,0,0,0,0,0,0,0,0,0,0,0,0,0,0,0,0,0,0,0,0,0,0,0</bondEncode>
      <blockID>0</blockID>
      <nbond>25</nbond>
      <sbond>0</sbond>
      <dbond>0</dbond>
      <tbond>0</tbond>
      <qbond>0</qbond>
      <bounce>0</bounce>
      <hardness>0</hardness>
      <slip>0</slip>
      <made>6</made>
      <device>computer</device>
    </block>
    <block>
      <time>Fri 23 Nov 2012 06:25:55 AM EST</time>
      <bondEncode>1,1,1,1,1,1,1,1,0,0,1,1,1,0,1,1,1,1,1,1,0,0,0,0,0,0,0,0,0,0,0,1,0,0,1,1,0,0,1,0</bondEncode>
      <blockID>1</blockID>
      <nbond>0</nbond>
      <sbond>3</sbond>
      <dbond>13</dbond>
      <tbond>9</tbond>
      <qbond>0</qbond>
      <bounce>0.47916666666667</bounce>
      <hardness>0.20416666666667</hardness>
      <slip>0.5625</slip>
      <made>9</made>
      <device>computer</device>
    </block>
    <level>
      <finishedLevel>1</finishedLevel>
      <time>Fri 23 Nov 2012 06:25:55 AM EST</time>
      <tilesRemoved>4</tilesRemoved>
      <timeToFinish>241.04499999999</timeToFinish>
      <status>quit</status>
    </level>
  </type>
</xml>
