<?xml version="1.0"?>
<xml>
  <type>
    <block>
      <time>17 &#x41D;&#x43E;&#x44F;&#x431;&#x440;&#x44C; 2012 &#x433;. 22:47:26</time>
      <bondEncode>0,0,0,0,0,0,0,0,0,0,0,0,0,0,0,0,0,0,0,0,0,0,0,0,0,0,0,0,0,0,0,0,0,0,0,0,0,0,0,0</bondEncode>
      <blockID>0</blockID>
      <nbond>25</nbond>
      <sbond>0</sbond>
      <dbond>0</dbond>
      <tbond>0</tbond>
      <qbond>0</qbond>
      <bounce>0</bounce>
      <hardness>0</hardness>
      <slip>0</slip>
      <made>0</made>
      <device>computer</device>
    </block>
    <block>
      <time>17 &#x41D;&#x43E;&#x44F;&#x431;&#x440;&#x44C; 2012 &#x433;. 22:47:56</time>
      <bondEncode>1,1,1,1,0,0,0,0,1,1,1,1,0,0,0,0,0,0,0,0,0,0,0,0,0,0,0,0,0,0,0,0,0,0,0,0,0,0,0,0</bondEncode>
      <blockID>1</blockID>
      <nbond>6</nbond>
      <sbond>4</sbond>
      <dbond>15</dbond>
      <tbond>0</tbond>
      <qbond>0</qbond>
      <bounce>0</bounce>
      <hardness>0.0625</hardness>
      <slip>0.6625</slip>
      <made>0</made>
      <device>computer</device>
    </block>
    <block>
      <time>17 &#x41D;&#x43E;&#x44F;&#x431;&#x440;&#x44C; 2012 &#x433;. 22:49:18</time>
      <bondEncode>1,1,1,1,0,0,0,0,0,0,0,0,0,0,0,0,0,0,0,0,0,0,0,0,0,0,0,0,0,0,0,0,0,0,0,0,0,0,0,0</bondEncode>
      <blockID>2</blockID>
      <nbond>20</nbond>
      <sbond>2</sbond>
      <dbond>3</dbond>
      <tbond>0</tbond>
      <qbond>0</qbond>
      <bounce>0</bounce>
      <hardness>0.0125</hardness>
      <slip>0.1625</slip>
      <made>0</made>
      <device>computer</device>
    </block>
    <block>
      <time>17 &#x41D;&#x43E;&#x44F;&#x431;&#x440;&#x44C; 2012 &#x433;. 22:50:41</time>
      <bondEncode>1,1,1,1,0,0,0,0,0,0,0,0,1,1,1,1,0,0,0,0,0,0,0,0,0,0,0,0,0,0,0,0,0,0,0,0,0,0,0,0</bondEncode>
      <blockID>3</blockID>
      <nbond>0</nbond>
      <sbond>10</sbond>
      <dbond>15</dbond>
      <tbond>0</tbond>
      <qbond>0</qbond>
      <bounce>0</bounce>
      <hardness>0.0625</hardness>
      <slip>0.8125</slip>
      <made>0</made>
      <device>computer</device>
    </block>
    <level>
      <finishedLevel>1</finishedLevel>
      <time>17 &#x41D;&#x43E;&#x44F;&#x431;&#x440;&#x44C; 2012 &#x433;. 22:50:41</time>
      <tilesRemoved>0</tilesRemoved>
      <timeToFinish>207.26299999997</timeToFinish>
      <status>quit</status>
    </level>
  </type>
</xml>
