<?xml version="1.0"?>
<xml>
  <type>
    <block>
      <time>Mon Nov 19 2012 12:42:51 GMT 1100 (AUS Eastern Daylight Time)</time>
      <bondEncode>0,0,0,0,0,0,0,0,0,0,0,0,0,0,0,0,0,0,0,0,0,0,0,0,0,0,0,0,0,0,0,0,0,0,0,0,0,0,0,0</bondEncode>
      <blockID>0</blockID>
      <nbond>25</nbond>
      <sbond>0</sbond>
      <dbond>0</dbond>
      <tbond>0</tbond>
      <qbond>0</qbond>
      <bounce>0</bounce>
      <hardness>0</hardness>
      <slip>0</slip>
      <made>24</made>
      <device>computer</device>
    </block>
    <block>
      <time>Mon Nov 19 2012 12:43:57 GMT 1100 (AUS Eastern Daylight Time)</time>
      <bondEncode>0,0,0,0,0,0,0,0,0,0,1,1,0,0,0,0,0,0,0,0,0,0,0,0,0,0,0,0,0,0,0,1,0,0,1,0,0,0,0,1</bondEncode>
      <blockID>1</blockID>
      <nbond>13</nbond>
      <sbond>0</sbond>
      <dbond>10</dbond>
      <tbond>2</tbond>
      <qbond>0</qbond>
      <bounce>0.29166666666667</bounce>
      <hardness>0.075</hardness>
      <slip>0.375</slip>
      <made>133</made>
      <device>computer</device>
    </block>
    <block>
      <time>Mon Nov 19 2012 12:46:56 GMT 1100 (AUS Eastern Daylight Time)</time>
      <bondEncode>0,0,0,0,0,0,0,0,0,1,1,1,0,0,0,0,0,0,0,0,0,0,0,0,0,0,0,0,1,0,0,1,0,0,1,0,0,0,0,1</bondEncode>
      <blockID>2</blockID>
      <nbond>12</nbond>
      <sbond>1</sbond>
      <dbond>9</dbond>
      <tbond>3</tbond>
      <qbond>0</qbond>
      <bounce>0.3125</bounce>
      <hardness>0.0875</hardness>
      <slip>0.3625</slip>
      <made>85</made>
      <device>computer</device>
    </block>
    <level>
      <finishedLevel>1</finishedLevel>
      <time>Mon Nov 19 2012 12:46:56 GMT 1100 (AUS Eastern Daylight Time)</time>
      <tilesRemoved>51</tilesRemoved>
      <timeToFinish>342.28899999997</timeToFinish>
      <status>quit</status>
    </level>
  </type>
</xml>
