<?xml version="1.0"?>
<xml>
  <type>
    <block>
      <time>November 25, 2012 10:49:20 PM EST</time>
      <bondEncode>0,0,0,0,0,0,0,0,0,0,0,0,0,0,0,0,0,0,0,0,0,0,0,0,0,0,0,0,0,0,0,0,0,0,0,0,0,0,0,0</bondEncode>
      <blockID>0</blockID>
      <nbond>25</nbond>
      <sbond>0</sbond>
      <dbond>0</dbond>
      <tbond>0</tbond>
      <qbond>0</qbond>
      <bounce>0</bounce>
      <hardness>0</hardness>
      <slip>0</slip>
      <made>18</made>
      <device>computer</device>
    </block>
    <block>
      <time>November 25, 2012 10:50:53 PM EST</time>
      <bondEncode>0,0,0,0,1,1,1,1,0,0,0,0,0,0,0,0,0,0,0,0,1,0,0,0,0,0,0,0,0,0,0,0,0,0,0,0,0,0,0,0</bondEncode>
      <blockID>1</blockID>
      <nbond>15</nbond>
      <sbond>2</sbond>
      <dbond>8</dbond>
      <tbond>0</tbond>
      <qbond>0</qbond>
      <bounce>0</bounce>
      <hardness>0.033333333333333</hardness>
      <slip>0.35</slip>
      <made>3</made>
      <device>computer</device>
    </block>
    <block>
      <time>November 25, 2012 10:51:27 PM EST</time>
      <bondEncode>0,0,0,0,1,1,1,1,1,0,0,0,0,0,0,0,1,1,1,1,1,0,0,0,0,0,0,0,0,0,0,0,0,0,0,0,0,0,0,0</bondEncode>
      <blockID>2</blockID>
      <nbond>0</nbond>
      <sbond>4</sbond>
      <dbond>21</dbond>
      <tbond>0</tbond>
      <qbond>0</qbond>
      <bounce>0</bounce>
      <hardness>0.0875</hardness>
      <slip>0.8875</slip>
      <made>2</made>
      <device>computer</device>
    </block>
    <level>
      <finishedLevel>1</finishedLevel>
      <time>November 25, 2012 10:51:27 PM EST</time>
      <tilesRemoved>7</tilesRemoved>
      <timeToFinish>132.031</timeToFinish>
      <status>quit</status>
    </level>
  </type>
</xml>
