<?xml version="1.0"?>
<xml>
  <type>
    <block>
      <time>Fri Nov 23 2012 16:52:47 GMT 0100 (W. Europe Standard Time)</time>
      <bondEncode>0,0,0,0,0,0,0,0,0,0,0,0,0,0,0,0,0,0,0,0,0,0,0,0,0,0,0,0,0,0,0,0,0,0,0,0,0,0,0,0</bondEncode>
      <blockID>0</blockID>
      <nbond>25</nbond>
      <sbond>0</sbond>
      <dbond>0</dbond>
      <tbond>0</tbond>
      <qbond>0</qbond>
      <bounce>0</bounce>
      <hardness>0</hardness>
      <slip>0</slip>
      <made>485</made>
      <device>computer</device>
    </block>
    <level>
      <finishedLevel>1</finishedLevel>
      <time>Fri Nov 23 2012 16:52:47 GMT 0100 (W. Europe Standard Time)</time>
      <tilesRemoved>93</tilesRemoved>
      <timeToFinish>360.31899999998</timeToFinish>
      <status>quit</status>
    </level>
  </type>
</xml>
