<?xml version="1.0"?>
<xml>
  <type>
    <block>
      <time>2012/11/23 15:39:33</time>
      <bondEncode>0,0,0,0,0,0,0,0,0,0,0,0,0,0,0,0,0,0,0,0,0,0,0,0,0,0,0,0,0,0,0,0,0,0,0,0,0,0,0,0</bondEncode>
      <blockID>0</blockID>
      <nbond>25</nbond>
      <sbond>0</sbond>
      <dbond>0</dbond>
      <tbond>0</tbond>
      <qbond>0</qbond>
      <bounce>0</bounce>
      <hardness>0</hardness>
      <slip>0</slip>
      <made>0</made>
      <device>computer</device>
    </block>
    <block>
      <time>2012/11/23 15:40:32</time>
      <bondEncode>0,0,0,0,0,0,0,0,0,0,0,0,0,0,0,0,0,0,0,0,0,0,0,0,1,0,0,0,0,1,0,0,0,0,1,0,0,0,0,1</bondEncode>
      <blockID>1</blockID>
      <nbond>20</nbond>
      <sbond>2</sbond>
      <dbond>3</dbond>
      <tbond>0</tbond>
      <qbond>0</qbond>
      <bounce>0</bounce>
      <hardness>0.0125</hardness>
      <slip>0.1625</slip>
      <made>0</made>
      <device>computer</device>
    </block>
    <level>
      <finishedLevel>1</finishedLevel>
      <time>2012/11/23 15:40:32</time>
      <tilesRemoved>0</tilesRemoved>
      <timeToFinish>66.819</timeToFinish>
      <status>quit</status>
    </level>
  </type>
</xml>
