<?xml version="1.0"?>
<xml>
  <type>
    <block>
      <time>Sun Nov 25 2012 20:13:32 GMT-0600 (Central Standard Time)</time>
      <bondEncode>0,0,0,0,0,0,0,0,0,0,0,0,0,0,0,0,0,0,0,0,0,0,0,0,0,0,0,0,0,0,0,0,0,0,0,0,0,0,0,0</bondEncode>
      <blockID>0</blockID>
      <nbond>25</nbond>
      <sbond>0</sbond>
      <dbond>0</dbond>
      <tbond>0</tbond>
      <qbond>0</qbond>
      <bounce>0</bounce>
      <hardness>0</hardness>
      <slip>0</slip>
      <made>8</made>
      <device>computer</device>
    </block>
    <block>
      <time>Sun Nov 25 2012 20:14:39 GMT-0600 (Central Standard Time)</time>
      <bondEncode>1,1,1,1,1,0,1,1,0,0,0,0,0,1,1,0,0,0,0,0,0,0,0,0,0,0,0,0,0,0,0,0,0,0,0,0,0,0,0,0</bondEncode>
      <blockID>1</blockID>
      <nbond>12</nbond>
      <sbond>8</sbond>
      <dbond>5</dbond>
      <tbond>0</tbond>
      <qbond>0</qbond>
      <bounce>0</bounce>
      <hardness>0.020833333333333</hardness>
      <slip>0.3875</slip>
      <made>18</made>
      <device>computer</device>
    </block>
    <level>
      <finishedLevel>1</finishedLevel>
      <time>Sun Nov 25 2012 20:14:39 GMT-0600 (Central Standard Time)</time>
      <tilesRemoved>5</tilesRemoved>
      <timeToFinish>96.924000000002</timeToFinish>
      <status>quit</status>
    </level>
  </type>
</xml>
