<?xml version="1.0"?>
<xml>
  <type>
    <block>
      <time>Fri Nov 16 2012 08:36:49 GMT-0800 (Pacific Standard Time)</time>
      <bondEncode>0,0,0,0,0,0,0,0,0,0,0,0,0,0,0,0,0,0,0,0,0,0,0,0,0,0,0,0,0,0,0,0,0,0,0,0,0,0,0,0</bondEncode>
      <blockID>0</blockID>
      <nbond>25</nbond>
      <sbond>0</sbond>
      <dbond>0</dbond>
      <tbond>0</tbond>
      <qbond>0</qbond>
      <bounce>0</bounce>
      <hardness>0</hardness>
      <slip>0</slip>
      <made>8</made>
      <device>computer</device>
    </block>
    <block>
      <time>Fri Nov 16 2012 08:38:56 GMT-0800 (Pacific Standard Time)</time>
      <bondEncode>1,0,0,0,0,0,0,0,0,0,0,0,0,1,0,0,0,0,1,0,0,0,0,0,0,0,0,0,0,0,0,0,0,0,0,0,0,0,0,0</bondEncode>
      <blockID>1</blockID>
      <nbond>12</nbond>
      <sbond>10</sbond>
      <dbond>3</dbond>
      <tbond>0</tbond>
      <qbond>0</qbond>
      <bounce>0</bounce>
      <hardness>0.0125</hardness>
      <slip>0.3625</slip>
      <made>9</made>
      <device>computer</device>
    </block>
    <block>
      <time>Fri Nov 16 2012 08:39:49 GMT-0800 (Pacific Standard Time)</time>
      <bondEncode>0,0,0,0,0,0,0,0,0,0,0,0,0,0,0,0,0,0,0,0,0,0,0,0,0,0,0,0,0,0,0,0,0,0,0,0,0,0,0,0</bondEncode>
      <blockID>2</blockID>
      <nbond>18</nbond>
      <sbond>6</sbond>
      <dbond>1</dbond>
      <tbond>0</tbond>
      <qbond>0</qbond>
      <bounce>0</bounce>
      <hardness>0.0041666666666667</hardness>
      <slip>0.1875</slip>
      <made>18</made>
      <device>computer</device>
    </block>
    <level>
      <finishedLevel>1</finishedLevel>
      <time>Fri Nov 16 2012 08:39:49 GMT-0800 (Pacific Standard Time)</time>
      <tilesRemoved>6</tilesRemoved>
      <timeToFinish>200.264</timeToFinish>
      <status>quit</status>
    </level>
  </type>
</xml>
