<?xml version="1.0"?>
<xml>
  <type>
    <block>
      <time>November 15, 2012, 7:56:35 PM CST</time>
      <bondEncode>0,0,0,0,0,0,0,0,0,0,0,0,0,0,0,0,0,0,0,0,0,0,0,0,0,0,0,0,0,0,0,0,0,0,0,0,0,0,0,0</bondEncode>
      <blockID>0</blockID>
      <nbond>25</nbond>
      <sbond>0</sbond>
      <dbond>0</dbond>
      <tbond>0</tbond>
      <qbond>0</qbond>
      <bounce>0</bounce>
      <hardness>0</hardness>
      <slip>0</slip>
      <made>37</made>
      <device>iPad</device>
    </block>
    <block>
      <time>November 15, 2012, 7:58:25 PM CST</time>
      <bondEncode>1,1,1,1,1,0,1,0,1,1,1,1,0,1,1,0,1,1,1,1,1,1,1,1,1,0,1,0,1,0,0,0,1,1,1,1,0,1,1,0</bondEncode>
      <blockID>1</blockID>
      <nbond>0</nbond>
      <sbond>0</sbond>
      <dbond>4</dbond>
      <tbond>12</tbond>
      <qbond>9</qbond>
      <bounce>0</bounce>
      <hardness>0.71666666666667</hardness>
      <slip>0.15</slip>
      <made>751</made>
      <device>iPad</device>
    </block>
    <block>
      <time>November 15, 2012, 8:09:30 PM CST</time>
      <bondEncode>1,0,1,0,1,0,1,0,1,0,1,0,1,0,1,0,1,0,1,0,0,0,0,0,1,0,0,0,0,0,0,0,0,0,1,0,0,0,0,0</bondEncode>
      <blockID>2</blockID>
      <nbond>0</nbond>
      <sbond>24</sbond>
      <dbond>1</dbond>
      <tbond>0</tbond>
      <qbond>0</qbond>
      <bounce>0</bounce>
      <hardness>0.0041666666666667</hardness>
      <slip>0.6375</slip>
      <made>16</made>
      <device>iPad</device>
    </block>
    <block>
      <time>November 15, 2012, 8:10:28 PM CST</time>
      <bondEncode>1,1,0,1,1,1,1,1,1,1,1,1,1,1,1,1,1,0,1,1,0,1,0,0,0,0,0,1,0,0,0,0,0,0,0,0,0,0,0,0</bondEncode>
      <blockID>3</blockID>
      <nbond>0</nbond>
      <sbond>9</sbond>
      <dbond>9</dbond>
      <tbond>7</tbond>
      <qbond>0</qbond>
      <bounce>0.4125</bounce>
      <hardness>0.15416666666667</hardness>
      <slip>0.5625</slip>
      <made>318</made>
      <device>iPad</device>
    </block>
    <level>
      <finishedLevel>1</finishedLevel>
      <time>November 15, 2012, 8:10:28 PM CST</time>
      <tilesRemoved>114</tilesRemoved>
      <timeToFinish>1029.7639999999</timeToFinish>
      <status>complete</status>
    </level>
  </type>
</xml>
