<?xml version="1.0"?>
<xml>
  <type>
    <block>
      <time>Fri 16 Nov 2012 05:00:12 PM EST</time>
      <bondEncode>0,0,0,0,0,0,0,0,0,0,0,0,0,0,0,0,0,0,0,0,0,0,0,0,0,0,0,0,0,0,0,0,0,0,0,0,0,0,0,0</bondEncode>
      <blockID>0</blockID>
      <nbond>25</nbond>
      <sbond>0</sbond>
      <dbond>0</dbond>
      <tbond>0</tbond>
      <qbond>0</qbond>
      <bounce>0</bounce>
      <hardness>0</hardness>
      <slip>0</slip>
      <made>0</made>
      <device>computer</device>
    </block>
    <block>
      <time>Fri 16 Nov 2012 05:02:00 PM EST</time>
      <bondEncode>0,0,0,0,0,0,1,0,0,1,0,0,0,0,1,1,0,0,0,0,0,0,0,0,0,0,0,0,1,0,1,0,0,0,0,1,0,0,0,1</bondEncode>
      <blockID>1</blockID>
      <nbond>9</nbond>
      <sbond>4</sbond>
      <dbond>12</dbond>
      <tbond>0</tbond>
      <qbond>0</qbond>
      <bounce>0</bounce>
      <hardness>0.05</hardness>
      <slip>0.55</slip>
      <made>22</made>
      <device>computer</device>
    </block>
    <block>
      <time>Fri 16 Nov 2012 05:07:26 PM EST</time>
      <bondEncode>0,0,0,0,0,0,0,0,0,0,0,0,0,0,0,0,0,0,0,0,1,0,0,0,1,1,0,0,0,1,1,0,0,0,1,1,0,0,0,1</bondEncode>
      <blockID>2</blockID>
      <nbond>15</nbond>
      <sbond>4</sbond>
      <dbond>6</dbond>
      <tbond>0</tbond>
      <qbond>0</qbond>
      <bounce>0</bounce>
      <hardness>0.025</hardness>
      <slip>0.325</slip>
      <made>5</made>
      <device>computer</device>
    </block>
    <level>
      <finishedLevel>1</finishedLevel>
      <time>Fri 16 Nov 2012 05:07:26 PM EST</time>
      <tilesRemoved>11</tilesRemoved>
      <timeToFinish>580.96499999996</timeToFinish>
      <status>quit</status>
    </level>
  </type>
</xml>
