<?xml version="1.0"?>
<xml>
  <type>
    <block>
      <time>November 15, 2012, 4:44:53 PM CST</time>
      <bondEncode>0,0,0,0,0,0,0,0,0,0,0,0,0,0,0,0,0,0,0,0,0,0,0,0,0,0,0,0,0,0,0,0,0,0,0,0,0,0,0,0</bondEncode>
      <blockID>0</blockID>
      <nbond>25</nbond>
      <sbond>0</sbond>
      <dbond>0</dbond>
      <tbond>0</tbond>
      <qbond>0</qbond>
      <bounce>0</bounce>
      <hardness>0</hardness>
      <slip>0</slip>
      <made>15</made>
      <device>iPad</device>
    </block>
    <block>
      <time>November 15, 2012, 4:47:05 PM CST</time>
      <bondEncode>1,1,1,1,1,1,1,1,1,1,1,1,1,1,1,1,1,1,1,1,1,0,0,0,1,1,0,0,0,1,1,0,0,0,1,1,0,0,0,0</bondEncode>
      <blockID>1</blockID>
      <nbond>0</nbond>
      <sbond>0</sbond>
      <dbond>19</dbond>
      <tbond>6</tbond>
      <qbond>0</qbond>
      <bounce>0</bounce>
      <hardness>0.17916666666667</hardness>
      <slip>0.7125</slip>
      <made>2</made>
      <device>iPad</device>
    </block>
    <block>
      <time>November 15, 2012, 4:47:41 PM CST</time>
      <bondEncode>0,0,0,0,0,0,0,0,0,0,0,0,0,0,0,0,1,1,1,1,1,0,0,0,0,1,0,0,0,0,1,0,0,0,0,1,0,0,0,0</bondEncode>
      <blockID>2</blockID>
      <nbond>9</nbond>
      <sbond>2</sbond>
      <dbond>14</dbond>
      <tbond>0</tbond>
      <qbond>0</qbond>
      <bounce>0</bounce>
      <hardness>0.058333333333333</hardness>
      <slip>0.575</slip>
      <made>42</made>
      <device>iPad</device>
    </block>
    <block>
      <time>November 15, 2012, 4:50:06 PM CST</time>
      <bondEncode>1,1,1,1,1,1,1,1,1,1,1,1,0,0,0,0,0,0,0,0,0,0,0,0,0,0,0,0,0,0,0,0,0,0,0,0,0,0,0,0</bondEncode>
      <blockID>3</blockID>
      <nbond>10</nbond>
      <sbond>6</sbond>
      <dbond>9</dbond>
      <tbond>0</tbond>
      <qbond>0</qbond>
      <bounce>0</bounce>
      <hardness>0.0375</hardness>
      <slip>0.4875</slip>
      <made>8</made>
      <device>iPad</device>
    </block>
    <block>
      <time>November 15, 2012, 4:50:54 PM CST</time>
      <bondEncode>0,0,0,0,0,0,0,0,0,0,0,0,0,0,0,0,0,0,0,0,1,1,1,1,1,1,1,1,1,1,1,1,1,1,1,1,1,1,1,1</bondEncode>
      <blockID>4</blockID>
      <nbond>0</nbond>
      <sbond>10</sbond>
      <dbond>15</dbond>
      <tbond>0</tbond>
      <qbond>0</qbond>
      <bounce>0</bounce>
      <hardness>0.0625</hardness>
      <slip>0.8125</slip>
      <made>39</made>
      <device>iPad</device>
    </block>
    <block>
      <time>November 15, 2012, 4:52:06 PM CST</time>
      <bondEncode>0,0,0,0,0,0,0,0,0,1,1,0,0,1,1,0,0,0,0,0,0,0,0,0,0,0,1,1,0,0,0,1,0,0,0,0,0,0,0,0</bondEncode>
      <blockID>5</blockID>
      <nbond>16</nbond>
      <sbond>0</sbond>
      <dbond>4</dbond>
      <tbond>4</tbond>
      <qbond>1</qbond>
      <bounce>0.36666666666667</bounce>
      <hardness>0.13888888888889</hardness>
      <slip>0.15</slip>
      <made>12</made>
      <device>iPad</device>
    </block>
    <block>
      <time>November 15, 2012, 4:53:07 PM CST</time>
      <bondEncode>0,0,0,0,0,0,1,1,1,1,1,1,1,1,1,1,1,1,1,1,1,1,0,1,0,1,1,1,1,0,1,1,1,0,0,1,1,1,1,0</bondEncode>
      <blockID>6</blockID>
      <nbond>0</nbond>
      <sbond>0</sbond>
      <dbond>4</dbond>
      <tbond>12</tbond>
      <qbond>9</qbond>
      <bounce>0</bounce>
      <hardness>0.71666666666667</hardness>
      <slip>0.15</slip>
      <made>61</made>
      <device>iPad</device>
    </block>
    <block>
      <time>November 15, 2012, 4:55:22 PM CST</time>
      <bondEncode>0,0,0,0,0,0,0,0,0,0,0,0,0,0,0,0,0,0,0,0,1,1,1,1,1,1,1,1,1,1,1,1,1,1,1,1,1,1,1,1</bondEncode>
      <blockID>7</blockID>
      <nbond>0</nbond>
      <sbond>10</sbond>
      <dbond>15</dbond>
      <tbond>0</tbond>
      <qbond>0</qbond>
      <bounce>0</bounce>
      <hardness>0.0625</hardness>
      <slip>0.8125</slip>
      <made>8</made>
      <device>iPad</device>
    </block>
    <block>
      <time>November 15, 2012, 4:55:49 PM CST</time>
      <bondEncode>0,0,0,0,0,0,0,0,0,0,1,0,0,0,0,0,0,0,0,0,0,0,0,0,0,0,0,0,0,0,0,0,0,0,0,0,0,0,0,0</bondEncode>
      <blockID>8</blockID>
      <nbond>23</nbond>
      <sbond>2</sbond>
      <dbond>0</dbond>
      <tbond>0</tbond>
      <qbond>0</qbond>
      <bounce>0</bounce>
      <hardness>0</hardness>
      <slip>0.05</slip>
      <made>24</made>
      <device>iPad</device>
    </block>
    <block>
      <time>November 15, 2012, 4:56:12 PM CST</time>
      <bondEncode>0,0,0,0,0,0,1,1,1,1,1,1,1,1,1,1,1,1,1,1,1,1,0,1,0,1,1,1,1,0,1,1,1,0,0,1,1,1,1,0</bondEncode>
      <blockID>9</blockID>
      <nbond>0</nbond>
      <sbond>0</sbond>
      <dbond>4</dbond>
      <tbond>12</tbond>
      <qbond>9</qbond>
      <bounce>0</bounce>
      <hardness>0.71666666666667</hardness>
      <slip>0.15</slip>
      <made>28</made>
      <device>iPad</device>
    </block>
    <block>
      <time>November 15, 2012, 4:57:04 PM CST</time>
      <bondEncode>0,0,0,0,0,0,0,0,0,0,1,0,0,0,0,0,0,0,0,0,0,0,0,0,0,0,0,0,0,0,0,0,0,0,0,0,0,0,0,0</bondEncode>
      <blockID>10</blockID>
      <nbond>23</nbond>
      <sbond>2</sbond>
      <dbond>0</dbond>
      <tbond>0</tbond>
      <qbond>0</qbond>
      <bounce>0</bounce>
      <hardness>0</hardness>
      <slip>0.05</slip>
      <made>10</made>
      <device>iPad</device>
    </block>
    <block>
      <time>November 15, 2012, 4:57:22 PM CST</time>
      <bondEncode>0,0,0,0,0,0,1,1,1,1,1,1,1,1,1,1,1,1,1,1,1,1,0,1,0,1,1,1,1,0,1,1,1,0,0,1,1,1,1,0</bondEncode>
      <blockID>11</blockID>
      <nbond>0</nbond>
      <sbond>0</sbond>
      <dbond>4</dbond>
      <tbond>12</tbond>
      <qbond>9</qbond>
      <bounce>0</bounce>
      <hardness>0.71666666666667</hardness>
      <slip>0.15</slip>
      <made>23</made>
      <device>iPad</device>
    </block>
    <level>
      <finishedLevel>1</finishedLevel>
      <time>November 15, 2012, 4:57:22 PM CST</time>
      <tilesRemoved>64</tilesRemoved>
      <timeToFinish>772.869</timeToFinish>
      <status>complete</status>
    </level>
  </type>
  <type>
    <block>
      <time>November 15, 2012, 4:58:03 PM CST</time>
      <bondEncode>0,0,0,0,0,0,1,1,1,1,1,1,1,1,1,1,1,1,1,1,1,1,0,1,0,1,1,1,1,0,1,1,1,0,0,1,1,1,1,0</bondEncode>
      <blockID>11</blockID>
      <nbond>0</nbond>
      <sbond>0</sbond>
      <dbond>4</dbond>
      <tbond>12</tbond>
      <qbond>9</qbond>
      <bounce>0</bounce>
      <hardness>0.71666666666667</hardness>
      <slip>0.15</slip>
      <made>66</made>
      <device>iPad</device>
    </block>
    <block>
      <time>November 15, 2012, 4:59:56 PM CST</time>
      <bondEncode>0,0,0,0,0,0,0,0,0,0,1,0,0,0,0,0,0,0,0,0,0,0,0,0,0,0,0,0,0,0,0,0,0,0,0,0,0,0,0,0</bondEncode>
      <blockID>12</blockID>
      <nbond>23</nbond>
      <sbond>2</sbond>
      <dbond>0</dbond>
      <tbond>0</tbond>
      <qbond>0</qbond>
      <bounce>0</bounce>
      <hardness>0</hardness>
      <slip>0.05</slip>
      <made>40</made>
      <device>iPad</device>
    </block>
    <block>
      <time>November 15, 2012, 5:00:29 PM CST</time>
      <bondEncode>0,0,0,0,0,0,1,1,1,1,1,1,1,1,1,1,1,1,1,1,1,1,0,1,0,1,1,1,1,0,1,1,1,0,0,1,1,1,1,0</bondEncode>
      <blockID>13</blockID>
      <nbond>0</nbond>
      <sbond>0</sbond>
      <dbond>4</dbond>
      <tbond>12</tbond>
      <qbond>9</qbond>
      <bounce>0</bounce>
      <hardness>0.71666666666667</hardness>
      <slip>0.15</slip>
      <made>225</made>
      <device>iPad</device>
    </block>
    <block>
      <time>November 15, 2012, 5:03:59 PM CST</time>
      <bondEncode>1,1,1,1,0,0,0,0,1,1,1,1,0,0,0,0,1,1,1,1,1,0,0,0,1,1,0,0,0,1,1,0,0,0,1,1,0,0,0,0</bondEncode>
      <blockID>14</blockID>
      <nbond>6</nbond>
      <sbond>2</sbond>
      <dbond>15</dbond>
      <tbond>2</tbond>
      <qbond>0</qbond>
      <bounce>0.3125</bounce>
      <hardness>0.095833333333333</hardness>
      <slip>0.6125</slip>
      <made>8</made>
      <device>iPad</device>
    </block>
    <block>
      <time>November 15, 2012, 5:04:32 PM CST</time>
      <bondEncode>1,1,1,1,0,0,0,0,1,1,1,1,0,0,0,0,1,1,1,1,0,1,0,0,0,0,1,0,0,0,0,0,0,1,0,0,0,0,1,0</bondEncode>
      <blockID>15</blockID>
      <nbond>8</nbond>
      <sbond>6</sbond>
      <dbond>7</dbond>
      <tbond>4</tbond>
      <qbond>0</qbond>
      <bounce>0.32916666666667</bounce>
      <hardness>0.095833333333333</hardness>
      <slip>0.4125</slip>
      <made>4</made>
      <device>iPad</device>
    </block>
    <block>
      <time>November 15, 2012, 5:05:51 PM CST</time>
      <bondEncode>1,1,1,1,0,0,0,0,1,1,1,1,0,0,0,0,1,1,1,1,1,0,0,0,0,1,0,0,0,0,0,0,0,0,1,0,0,0,0,1</bondEncode>
      <blockID>16</blockID>
      <nbond>8</nbond>
      <sbond>2</sbond>
      <dbond>15</dbond>
      <tbond>0</tbond>
      <qbond>0</qbond>
      <bounce>0</bounce>
      <hardness>0.0625</hardness>
      <slip>0.6125</slip>
      <made>4</made>
      <device>iPad</device>
    </block>
    <block>
      <time>November 15, 2012, 5:06:45 PM CST</time>
      <bondEncode>1,1,1,1,1,1,1,1,1,1,1,1,0,0,0,0,1,1,1,1,1,0,0,0,1,1,0,0,0,1,1,0,0,0,1,1,0,0,0,1</bondEncode>
      <blockID>17</blockID>
      <nbond>0</nbond>
      <sbond>0</sbond>
      <dbond>19</dbond>
      <tbond>6</tbond>
      <qbond>0</qbond>
      <bounce>0</bounce>
      <hardness>0.17916666666667</hardness>
      <slip>0.7125</slip>
      <made>17</made>
      <device>iPad</device>
    </block>
    <block>
      <time>November 15, 2012, 5:07:36 PM CST</time>
      <bondEncode>1,1,1,1,1,1,1,1,1,1,1,1,0,0,0,0,1,1,1,1,0,1,0,1,0,0,1,0,1,0,0,1,0,1,0,0,1,0,1,0</bondEncode>
      <blockID>18</blockID>
      <nbond>0</nbond>
      <sbond>10</sbond>
      <dbond>5</dbond>
      <tbond>4</tbond>
      <qbond>6</qbond>
      <bounce>0.62083333333333</bounce>
      <hardness>0.42083333333333</hardness>
      <slip>0.4375</slip>
      <made>4</made>
      <device>iPad</device>
    </block>
    <block>
      <time>November 15, 2012, 5:07:57 PM CST</time>
      <bondEncode>0,0,0,0,0,0,0,0,0,0,0,0,0,0,0,0,0,0,0,0,1,1,1,1,1,1,1,1,1,1,1,1,1,1,1,1,1,1,1,1</bondEncode>
      <blockID>19</blockID>
      <nbond>0</nbond>
      <sbond>10</sbond>
      <dbond>15</dbond>
      <tbond>0</tbond>
      <qbond>0</qbond>
      <bounce>0</bounce>
      <hardness>0.0625</hardness>
      <slip>0.8125</slip>
      <made>12</made>
      <device>iPad</device>
    </block>
    <block>
      <time>November 15, 2012, 5:08:36 PM CST</time>
      <bondEncode>1,1,1,1,1,1,1,1,1,1,1,1,0,0,0,0,1,1,1,1,0,1,0,1,0,0,1,0,1,0,0,1,0,1,0,0,1,0,1,0</bondEncode>
      <blockID>20</blockID>
      <nbond>0</nbond>
      <sbond>10</sbond>
      <dbond>5</dbond>
      <tbond>4</tbond>
      <qbond>6</qbond>
      <bounce>0.62083333333333</bounce>
      <hardness>0.42083333333333</hardness>
      <slip>0.4375</slip>
      <made>105</made>
      <device>iPad</device>
    </block>
    <block>
      <time>November 15, 2012, 5:10:08 PM CST</time>
      <bondEncode>0,0,0,0,0,0,0,0,0,0,0,0,0,0,0,0,0,0,0,0,1,1,1,1,1,1,1,1,1,1,1,1,1,1,1,1,1,1,1,1</bondEncode>
      <blockID>21</blockID>
      <nbond>0</nbond>
      <sbond>10</sbond>
      <dbond>15</dbond>
      <tbond>0</tbond>
      <qbond>0</qbond>
      <bounce>0</bounce>
      <hardness>0.0625</hardness>
      <slip>0.8125</slip>
      <made>12</made>
      <device>iPad</device>
    </block>
    <block>
      <time>November 15, 2012, 5:10:27 PM CST</time>
      <bondEncode>0,0,0,0,0,0,1,1,1,1,1,1,1,1,1,1,1,1,1,1,1,1,0,1,0,1,1,1,1,0,1,1,1,0,0,1,1,1,1,0</bondEncode>
      <blockID>22</blockID>
      <nbond>0</nbond>
      <sbond>0</sbond>
      <dbond>4</dbond>
      <tbond>12</tbond>
      <qbond>9</qbond>
      <bounce>0</bounce>
      <hardness>0.71666666666667</hardness>
      <slip>0.15</slip>
      <made>30</made>
      <device>iPad</device>
    </block>
    <block>
      <time>November 15, 2012, 5:11:17 PM CST</time>
      <bondEncode>1,1,1,1,1,1,1,1,1,1,1,1,0,0,0,0,1,1,1,1,0,1,0,1,0,0,1,0,1,0,0,1,0,1,0,0,1,0,1,0</bondEncode>
      <blockID>23</blockID>
      <nbond>0</nbond>
      <sbond>10</sbond>
      <dbond>5</dbond>
      <tbond>4</tbond>
      <qbond>6</qbond>
      <bounce>0.62083333333333</bounce>
      <hardness>0.42083333333333</hardness>
      <slip>0.4375</slip>
      <made>123</made>
      <device>iPad</device>
    </block>
    <block>
      <time>November 15, 2012, 5:13:41 PM CST</time>
      <bondEncode>0,0,0,0,0,0,0,0,0,0,0,0,0,0,0,0,0,0,0,0,1,1,1,1,1,1,1,1,1,1,1,1,1,1,1,1,1,1,1,1</bondEncode>
      <blockID>24</blockID>
      <nbond>0</nbond>
      <sbond>10</sbond>
      <dbond>15</dbond>
      <tbond>0</tbond>
      <qbond>0</qbond>
      <bounce>0</bounce>
      <hardness>0.0625</hardness>
      <slip>0.8125</slip>
      <made>32</made>
      <device>iPad</device>
    </block>
    <block>
      <time>November 15, 2012, 5:14:13 PM CST</time>
      <bondEncode>0,0,0,0,0,0,1,1,1,1,1,1,1,1,1,1,1,1,1,1,1,1,0,1,0,1,1,1,1,0,1,1,1,0,0,1,1,1,1,0</bondEncode>
      <blockID>25</blockID>
      <nbond>0</nbond>
      <sbond>0</sbond>
      <dbond>4</dbond>
      <tbond>12</tbond>
      <qbond>9</qbond>
      <bounce>0</bounce>
      <hardness>0.71666666666667</hardness>
      <slip>0.15</slip>
      <made>12</made>
      <device>iPad</device>
    </block>
    <block>
      <time>November 15, 2012, 5:14:30 PM CST</time>
      <bondEncode>0,0,0,0,0,0,0,0,0,0,0,0,0,0,0,0,0,0,0,0,1,1,1,1,1,1,1,1,1,1,1,1,1,1,1,1,1,1,1,1</bondEncode>
      <blockID>26</blockID>
      <nbond>0</nbond>
      <sbond>10</sbond>
      <dbond>15</dbond>
      <tbond>0</tbond>
      <qbond>0</qbond>
      <bounce>0</bounce>
      <hardness>0.0625</hardness>
      <slip>0.8125</slip>
      <made>12</made>
      <device>iPad</device>
    </block>
    <block>
      <time>November 15, 2012, 5:14:56 PM CST</time>
      <bondEncode>1,1,1,1,1,1,1,1,1,1,1,1,0,0,0,0,1,1,1,1,0,1,0,1,0,0,1,0,1,0,0,1,0,1,0,0,1,0,1,0</bondEncode>
      <blockID>27</blockID>
      <nbond>0</nbond>
      <sbond>10</sbond>
      <dbond>5</dbond>
      <tbond>4</tbond>
      <qbond>6</qbond>
      <bounce>0.62083333333333</bounce>
      <hardness>0.42083333333333</hardness>
      <slip>0.4375</slip>
      <made>54</made>
      <device>iPad</device>
    </block>
    <block>
      <time>November 15, 2012, 5:16:06 PM CST</time>
      <bondEncode>0,0,0,0,0,0,0,0,0,0,1,0,0,0,0,0,0,0,0,0,0,0,0,0,0,0,0,0,0,0,0,0,0,0,0,0,0,0,0,0</bondEncode>
      <blockID>28</blockID>
      <nbond>23</nbond>
      <sbond>2</sbond>
      <dbond>0</dbond>
      <tbond>0</tbond>
      <qbond>0</qbond>
      <bounce>0</bounce>
      <hardness>0</hardness>
      <slip>0.05</slip>
      <made>8</made>
      <device>iPad</device>
    </block>
    <block>
      <time>November 15, 2012, 5:16:17 PM CST</time>
      <bondEncode>1,1,1,1,1,1,1,1,1,1,1,1,0,0,0,0,1,1,1,1,0,1,0,1,0,0,1,0,1,0,0,1,0,1,0,0,1,0,1,0</bondEncode>
      <blockID>29</blockID>
      <nbond>0</nbond>
      <sbond>10</sbond>
      <dbond>5</dbond>
      <tbond>4</tbond>
      <qbond>6</qbond>
      <bounce>0.62083333333333</bounce>
      <hardness>0.42083333333333</hardness>
      <slip>0.4375</slip>
      <made>18</made>
      <device>iPad</device>
    </block>
    <level>
      <finishedLevel>2</finishedLevel>
      <time>November 15, 2012, 5:16:17 PM CST</time>
      <tilesRemoved>123</tilesRemoved>
      <timeToFinish>1838.9879999996</timeToFinish>
      <status>complete</status>
    </level>
  </type>
</xml>
