<?xml version="1.0"?>
<xml>
  <type>
    <block>
      <time>Wed Nov 21 2012 00:00:34 GMT 0800 (China Standard Time)</time>
      <bondEncode>0,0,0,0,0,0,0,0,0,0,0,0,0,0,0,0,0,0,0,0,0,0,0,0,0,0,0,0,0,0,0,0,0,0,0,0,0,0,0,0</bondEncode>
      <blockID>0</blockID>
      <nbond>25</nbond>
      <sbond>0</sbond>
      <dbond>0</dbond>
      <tbond>0</tbond>
      <qbond>0</qbond>
      <bounce>0</bounce>
      <hardness>0</hardness>
      <slip>0</slip>
      <made>27</made>
      <device>computer</device>
    </block>
    <block>
      <time>Wed Nov 21 2012 00:01:43 GMT 0800 (China Standard Time)</time>
      <bondEncode>1,1,1,1,0,1,1,0,0,0,0,0,0,0,0,0,0,0,0,0,0,0,0,0,0,0,0,0,0,0,0,0,0,0,0,0,0,0,0,0</bondEncode>
      <blockID>1</blockID>
      <nbond>17</nbond>
      <sbond>4</sbond>
      <dbond>4</dbond>
      <tbond>0</tbond>
      <qbond>0</qbond>
      <bounce>0</bounce>
      <hardness>0.016666666666667</hardness>
      <slip>0.25</slip>
      <made>320</made>
      <device>computer</device>
    </block>
    <block>
      <time>Wed Nov 21 2012 00:04:57 GMT 0800 (China Standard Time)</time>
      <bondEncode>1,1,1,1,0,1,1,1,1,0,1,1,0,1,0,1,0,1,1,1,1,0,0,0,0,1,0,0,0,0,1,0,0,0,0,0,0,0,0,0</bondEncode>
      <blockID>2</blockID>
      <nbond>1</nbond>
      <sbond>10</sbond>
      <dbond>12</dbond>
      <tbond>2</tbond>
      <qbond>0</qbond>
      <bounce>0.3</bounce>
      <hardness>0.083333333333333</hardness>
      <slip>0.7</slip>
      <made>92</made>
      <device>computer</device>
    </block>
    <level>
      <finishedLevel>1</finishedLevel>
      <time>Wed Nov 21 2012 00:04:57 GMT 0800 (China Standard Time)</time>
      <tilesRemoved>30</tilesRemoved>
      <timeToFinish>301.60199999998</timeToFinish>
      <status>quit</status>
    </level>
  </type>
</xml>
