<?xml version="1.0"?>
<xml>
  <type>
    <block>
      <time>Wed Nov 21 2012 14:38:21 GMT 0100 (Sentral-Europa (normaltid))</time>
      <bondEncode>0,0,0,0,0,0,0,0,0,0,0,0,0,0,0,0,0,0,0,0,0,0,0,0,0,0,0,0,0,0,0,0,0,0,0,0,0,0,0,0</bondEncode>
      <blockID>0</blockID>
      <nbond>25</nbond>
      <sbond>0</sbond>
      <dbond>0</dbond>
      <tbond>0</tbond>
      <qbond>0</qbond>
      <bounce>0</bounce>
      <hardness>0</hardness>
      <slip>0</slip>
      <made>39</made>
      <device>computer</device>
    </block>
    <level>
      <finishedLevel>1</finishedLevel>
      <time>Wed Nov 21 2012 14:38:21 GMT 0100 (Sentral-Europa (normaltid))</time>
      <tilesRemoved>17</tilesRemoved>
      <timeToFinish>121.119</timeToFinish>
      <status>quit</status>
    </level>
  </type>
</xml>
