<?xml version="1.0"?>
<xml>
  <type>
    <block>
      <time>Thu 22 Nov 2012 06:15:47 PM CST</time>
      <bondEncode>0,0,0,0,0,0,0,0,0,0,0,0,0,0,0,0,0,0,0,0,0,0,0,0,0,0,0,0,0,0,0,0,0,0,0,0,0,0,0,0</bondEncode>
      <blockID>0</blockID>
      <nbond>25</nbond>
      <sbond>0</sbond>
      <dbond>0</dbond>
      <tbond>0</tbond>
      <qbond>0</qbond>
      <bounce>0</bounce>
      <hardness>0</hardness>
      <slip>0</slip>
      <made>7</made>
      <device>computer</device>
    </block>
    <block>
      <time>Thu 22 Nov 2012 06:18:16 PM CST</time>
      <bondEncode>1,1,1,1,1,1,1,1,1,1,1,1,1,1,1,1,1,1,1,1,0,0,1,0,0,0,1,0,1,0,0,0,1,0,0,0,1,0,1,0</bondEncode>
      <blockID>1</blockID>
      <nbond>0</nbond>
      <sbond>10</sbond>
      <dbond>3</dbond>
      <tbond>12</tbond>
      <qbond>0</qbond>
      <bounce>0.5125</bounce>
      <hardness>0.2125</hardness>
      <slip>0.3625</slip>
      <made>0</made>
      <device>computer</device>
    </block>
    <block>
      <time>Thu 22 Nov 2012 06:18:23 PM CST</time>
      <bondEncode>1,1,1,1,0,1,0,0,1,1,1,1,0,0,0,0,1,0,1,1,1,1,1,1,0,1,1,1,1,0,1,1,1,1,0,1,0,1,1,0</bondEncode>
      <blockID>2</blockID>
      <nbond>0</nbond>
      <sbond>0</sbond>
      <dbond>4</dbond>
      <tbond>12</tbond>
      <qbond>9</qbond>
      <bounce>0</bounce>
      <hardness>0.71666666666667</hardness>
      <slip>0.15</slip>
      <made>18</made>
      <device>computer</device>
    </block>
    <block>
      <time>Thu 22 Nov 2012 06:18:51 PM CST</time>
      <bondEncode>0,0,0,0,0,0,0,0,0,0,0,0,0,0,0,0,0,0,0,0,0,0,0,0,0,0,0,0,0,0,0,0,0,0,0,0,0,0,0,0</bondEncode>
      <blockID>3</blockID>
      <nbond>25</nbond>
      <sbond>0</sbond>
      <dbond>0</dbond>
      <tbond>0</tbond>
      <qbond>0</qbond>
      <bounce>0</bounce>
      <hardness>0</hardness>
      <slip>0</slip>
      <made>0</made>
      <device>computer</device>
    </block>
    <block>
      <time>Thu 22 Nov 2012 06:19:14 PM CST</time>
      <bondEncode>0,0,0,0,0,0,1,0,0,0,0,0,0,1,1,0,0,0,0,0,0,0,0,0,0,0,1,0,0,0,0,1,0,0,0,0,0,0,0,0</bondEncode>
      <blockID>4</blockID>
      <nbond>17</nbond>
      <sbond>0</sbond>
      <dbond>8</dbond>
      <tbond>0</tbond>
      <qbond>0</qbond>
      <bounce>0</bounce>
      <hardness>0.033333333333333</hardness>
      <slip>0.3</slip>
      <made>51</made>
      <device>computer</device>
    </block>
    <block>
      <time>Thu 22 Nov 2012 06:20:38 PM CST</time>
      <bondEncode>1,1,1,1,0,1,0,0,1,1,1,1,0,0,0,0,1,0,1,1,1,1,1,1,0,1,1,1,1,0,1,1,1,1,0,1,0,1,1,0</bondEncode>
      <blockID>5</blockID>
      <nbond>0</nbond>
      <sbond>0</sbond>
      <dbond>4</dbond>
      <tbond>12</tbond>
      <qbond>9</qbond>
      <bounce>0</bounce>
      <hardness>0.71666666666667</hardness>
      <slip>0.15</slip>
      <made>78</made>
      <device>computer</device>
    </block>
    <level>
      <finishedLevel>1</finishedLevel>
      <time>Thu 22 Nov 2012 06:20:38 PM CST</time>
      <tilesRemoved>29</tilesRemoved>
      <timeToFinish>497.22499999995</timeToFinish>
      <status>quit</status>
    </level>
  </type>
</xml>
