<?xml version="1.0"?>
<xml>
  <type>
    <block>
      <time>Thursday, November 22, 2012 11:21:27 PM</time>
      <bondEncode>0,0,0,0,0,0,0,0,0,0,0,0,0,0,0,0,0,0,0,0,0,0,0,0,0,0,0,0,0,0,0,0,0,0,0,0,0,0,0,0</bondEncode>
      <blockID>0</blockID>
      <nbond>25</nbond>
      <sbond>0</sbond>
      <dbond>0</dbond>
      <tbond>0</tbond>
      <qbond>0</qbond>
      <bounce>0</bounce>
      <hardness>0</hardness>
      <slip>0</slip>
      <made>38</made>
      <device>computer</device>
    </block>
    <block>
      <time>Thursday, November 22, 2012 11:22:47 PM</time>
      <bondEncode>0,1,0,0,0,0,0,0,0,0,0,0,0,0,0,0,0,0,0,0,1,0,0,0,0,1,0,0,0,0,1,0,0,0,0,1,0,0,0,0</bondEncode>
      <blockID>1</blockID>
      <nbond>16</nbond>
      <sbond>2</sbond>
      <dbond>7</dbond>
      <tbond>0</tbond>
      <qbond>0</qbond>
      <bounce>0</bounce>
      <hardness>0.029166666666667</hardness>
      <slip>0.3125</slip>
      <made>4</made>
      <device>computer</device>
    </block>
    <level>
      <finishedLevel>1</finishedLevel>
      <time>Thursday, November 22, 2012 11:22:47 PM</time>
      <tilesRemoved>4</tilesRemoved>
      <timeToFinish>98.380000000002</timeToFinish>
      <status>quit</status>
    </level>
  </type>
</xml>
