<?xml version="1.0"?>
<xml>
  <type>
    <block>
      <time>Fri Nov 16 2012 10:35:24 GMT-0600 (CST)</time>
      <bondEncode>0,0,0,0,0,0,0,0,0,0,0,0,0,0,0,0,0,0,0,0,0,0,0,0,0,0,0,0,0,0,0,0,0,0,0,0,0,0,0,0</bondEncode>
      <blockID>0</blockID>
      <nbond>25</nbond>
      <sbond>0</sbond>
      <dbond>0</dbond>
      <tbond>0</tbond>
      <qbond>0</qbond>
      <bounce>0</bounce>
      <hardness>0</hardness>
      <slip>0</slip>
      <made>54</made>
      <device>computer</device>
    </block>
    <block>
      <time>Fri Nov 16 2012 10:36:22 GMT-0600 (CST)</time>
      <bondEncode>0,0,0,1,0,0,1,0,0,0,0,0,0,0,1,1,1,1,0,1,0,0,0,0,0,0,0,0,0,0,0,0,1,0,0,0,1,0,1,0</bondEncode>
      <blockID>1</blockID>
      <nbond>7</nbond>
      <sbond>7</sbond>
      <dbond>6</dbond>
      <tbond>5</tbond>
      <qbond>0</qbond>
      <bounce>0.35</bounce>
      <hardness>0.10833333333333</hardness>
      <slip>0.4</slip>
      <made>34</made>
      <device>computer</device>
    </block>
    <level>
      <finishedLevel>1</finishedLevel>
      <time>Fri Nov 16 2012 10:36:22 GMT-0600 (CST)</time>
      <tilesRemoved>14</tilesRemoved>
      <timeToFinish>90.358000000001</timeToFinish>
      <status>quit</status>
    </level>
  </type>
</xml>
