<?xml version="1.0"?>
<xml>
  <type>
    <block>
      <time>Fri Nov 16 2012 10:56:53 GMT-0600 (CST)</time>
      <bondEncode>0,0,0,0,0,0,0,0,0,0,0,0,0,0,0,0,0,0,0,0,0,0,0,0,0,0,0,0,0,0,0,0,0,0,0,0,0,0,0,0</bondEncode>
      <blockID>0</blockID>
      <nbond>25</nbond>
      <sbond>0</sbond>
      <dbond>0</dbond>
      <tbond>0</tbond>
      <qbond>0</qbond>
      <bounce>0</bounce>
      <hardness>0</hardness>
      <slip>0</slip>
      <made>17</made>
      <device>computer</device>
    </block>
    <block>
      <time>Fri Nov 16 2012 10:58:48 GMT-0600 (CST)</time>
      <bondEncode>0,0,0,0,0,1,0,0,0,0,0,0,0,1,1,1,1,0,1,0,0,0,0,0,0,0,1,1,0,0,0,1,1,1,1,1,1,1,1,0</bondEncode>
      <blockID>1</blockID>
      <nbond>5</nbond>
      <sbond>0</sbond>
      <dbond>9</dbond>
      <tbond>8</tbond>
      <qbond>3</qbond>
      <bounce>0.5875</bounce>
      <hardness>0.3375</hardness>
      <slip>0.3375</slip>
      <made>8</made>
      <device>computer</device>
    </block>
    <block>
      <time>Fri Nov 16 2012 10:59:59 GMT-0600 (CST)</time>
      <bondEncode>0,0,0,0,0,0,0,0,0,0,0,0,0,0,0,0,0,0,0,0,0,0,0,0,0,0,0,0,0,0,0,0,0,0,0,0,0,0,0,0</bondEncode>
      <blockID>2</blockID>
      <nbond>25</nbond>
      <sbond>0</sbond>
      <dbond>0</dbond>
      <tbond>0</tbond>
      <qbond>0</qbond>
      <bounce>0</bounce>
      <hardness>0</hardness>
      <slip>0</slip>
      <made>6</made>
      <device>computer</device>
    </block>
    <block>
      <time>Fri Nov 16 2012 11:00:29 GMT-0600 (CST)</time>
      <bondEncode>0,0,0,0,1,0,1,0,0,1,1,1,0,0,0,0,0,0,0,0,0,0,0,0,0,0,0,0,0,1,0,0,0,0,0,0,0,0,0,0</bondEncode>
      <blockID>3</blockID>
      <nbond>15</nbond>
      <sbond>0</sbond>
      <dbond>10</dbond>
      <tbond>0</tbond>
      <qbond>0</qbond>
      <bounce>0</bounce>
      <hardness>0.041666666666667</hardness>
      <slip>0.375</slip>
      <made>3</made>
      <device>computer</device>
    </block>
    <level>
      <finishedLevel>1</finishedLevel>
      <time>Fri Nov 16 2012 11:00:29 GMT-0600 (CST)</time>
      <tilesRemoved>9</tilesRemoved>
      <timeToFinish>225.204</timeToFinish>
      <status>quit</status>
    </level>
  </type>
  <type>
    <block>
      <time>2/18/2013 12:28:54 PM</time>
      <bondEncode>0,0,0,0,0,0,0,0,0,0,0,0,0,0,0,0,0,0,0,0,0,0,0,0,0,0,0,0,0,0,0,0,0,0,0,0,0,0,0,0</bondEncode>
      <blockID>0</blockID>
      <nbond>25</nbond>
      <sbond>0</sbond>
      <dbond>0</dbond>
      <tbond>0</tbond>
      <qbond>0</qbond>
      <bounce>0</bounce>
      <hardness>0</hardness>
      <slip>0</slip>
      <made>0</made>
      <device>computer</device>
    </block>
    <block>
      <time>2/18/2013 12:29:20 PM</time>
      <bondEncode>1,1,0,0,0,0,0,0,0,0,0,0,0,0,0,0,1,1,0,1,1,0,0,0,0,1,0,0,0,0,1,0,0,0,0,1,0,0,0,0</bondEncode>
      <blockID>1</blockID>
      <nbond>12</nbond>
      <sbond>2</sbond>
      <dbond>11</dbond>
      <tbond>0</tbond>
      <qbond>0</qbond>
      <bounce>0</bounce>
      <hardness>0.045833333333333</hardness>
      <slip>0.4625</slip>
      <made>11</made>
      <device>computer</device>
    </block>
    <block>
      <time>2/18/2013 12:31:32 PM</time>
      <bondEncode>1,1,0,0,1,0,0,0,1,0,1,1,0,0,0,0,1,1,0,1,0,1,0,0,0,0,0,0,0,1,0,0,1,0,0,0,0,0,0,0</bondEncode>
      <blockID>2</blockID>
      <nbond>0</nbond>
      <sbond>6</sbond>
      <dbond>15</dbond>
      <tbond>4</tbond>
      <qbond>0</qbond>
      <bounce>0.3625</bounce>
      <hardness>0.12916666666667</hardness>
      <slip>0.7125</slip>
      <made>25</made>
      <device>computer</device>
    </block>
    <block>
      <time>2/18/2013 12:35:23 PM</time>
      <bondEncode>0,0,1,0,1,1,0,0,1,1,1,0,0,0,1,0,1,0,0,0,1,0,1,0,1,0,1,0,1,0,1,0,1,0,1,0,0,0,0,0</bondEncode>
      <blockID>3</blockID>
      <nbond>0</nbond>
      <sbond>2</sbond>
      <dbond>11</dbond>
      <tbond>12</tbond>
      <qbond>0</qbond>
      <bounce>0.54583333333333</bounce>
      <hardness>0.24583333333333</hardness>
      <slip>0.4625</slip>
      <made>16</made>
      <device>computer</device>
    </block>
    <level>
      <finishedLevel>1</finishedLevel>
      <time>2/18/2013 12:35:23 PM</time>
      <tilesRemoved>19</tilesRemoved>
      <timeToFinish>443.97499999999</timeToFinish>
      <status>quit</status>
    </level>
  </type>
  <type>
    <block>
      <time>2/18/2013 12:52:33 PM</time>
      <bondEncode>0,0,0,0,0,0,0,0,0,0,0,0,0,0,0,0,0,0,0,0,0,0,0,0,0,0,0,0,0,0,0,0,0,0,0,0,0,0,0,0</bondEncode>
      <blockID>0</blockID>
      <nbond>25</nbond>
      <sbond>0</sbond>
      <dbond>0</dbond>
      <tbond>0</tbond>
      <qbond>0</qbond>
      <bounce>0</bounce>
      <hardness>0</hardness>
      <slip>0</slip>
      <made>16</made>
      <device>computer</device>
    </block>
    <level>
      <finishedLevel>1</finishedLevel>
      <time>2/18/2013 12:52:33 PM</time>
      <tilesRemoved>5</tilesRemoved>
      <timeToFinish>87.173</timeToFinish>
      <status>quit</status>
    </level>
  </type>
</xml>
