<?xml version="1.0"?>
<xml>
  <type>
    <block>
      <time>Fri Nov 16 17:33:54 2012</time>
      <bondEncode>0,0,0,0,0,0,0,0,0,0,0,0,0,0,0,0,0,0,0,0,0,0,0,0,0,0,0,0,0,0,0,0,0,0,0,0,0,0,0,0</bondEncode>
      <blockID>0</blockID>
      <nbond>25</nbond>
      <sbond>0</sbond>
      <dbond>0</dbond>
      <tbond>0</tbond>
      <qbond>0</qbond>
      <bounce>0</bounce>
      <hardness>0</hardness>
      <slip>0</slip>
      <made>14</made>
      <device>computer</device>
    </block>
    <block>
      <time>Fri Nov 16 17:37:01 2012</time>
      <bondEncode>0,0,0,0,0,0,0,0,0,0,0,0,1,1,0,0,0,0,0,0,0,0,0,0,0,1,0,0,0,0,1,0,0,0,0,1,0,0,0,0</bondEncode>
      <blockID>1</blockID>
      <nbond>14</nbond>
      <sbond>2</sbond>
      <dbond>7</dbond>
      <tbond>2</tbond>
      <qbond>0</qbond>
      <bounce>0.27916666666667</bounce>
      <hardness>0.0625</hardness>
      <slip>0.3125</slip>
      <made>66</made>
      <device>computer</device>
    </block>
    <block>
      <time>Fri Nov 16 17:40:52 2012</time>
      <bondEncode>0,0,0,0,0,0,0,0,0,0,0,0,0,0,0,0,0,1,1,1,0,0,0,0,0,0,1,0,0,0,0,1,0,0,1,0,1,0,0,1</bondEncode>
      <blockID>2</blockID>
      <nbond>13</nbond>
      <sbond>0</sbond>
      <dbond>12</dbond>
      <tbond>0</tbond>
      <qbond>0</qbond>
      <bounce>0</bounce>
      <hardness>0.05</hardness>
      <slip>0.45</slip>
      <made>22</made>
      <device>computer</device>
    </block>
    <block>
      <time>Fri Nov 16 17:48:26 2012</time>
      <bondEncode>1,1,1,1,0,0,0,0,0,0,0,0,0,0,0,0,0,0,0,0,0,0,0,0,1,0,0,0,0,1,0,0,0,0,1,0,0,0,0,0</bondEncode>
      <blockID>3</blockID>
      <nbond>11</nbond>
      <sbond>0</sbond>
      <dbond>14</dbond>
      <tbond>0</tbond>
      <qbond>0</qbond>
      <bounce>0</bounce>
      <hardness>0.058333333333333</hardness>
      <slip>0.525</slip>
      <made>38</made>
      <device>computer</device>
    </block>
    <block>
      <time>Fri Nov 16 17:49:35 2012</time>
      <bondEncode>0,0,0,0,0,0,0,0,1,0,1,0,0,1,0,0,0,0,0,0,1,1,1,1,0,1,0,1,0,1,1,1,1,1,0,1,1,1,1,0</bondEncode>
      <blockID>4</blockID>
      <nbond>0</nbond>
      <sbond>0</sbond>
      <dbond>4</dbond>
      <tbond>12</tbond>
      <qbond>9</qbond>
      <bounce>0</bounce>
      <hardness>0.71666666666667</hardness>
      <slip>0.15</slip>
      <made>51</made>
      <device>computer</device>
    </block>
    <level>
      <finishedLevel>1</finishedLevel>
      <time>Fri Nov 16 17:49:35 2012</time>
      <tilesRemoved>34</tilesRemoved>
      <timeToFinish>1139.217</timeToFinish>
      <status>quit</status>
    </level>
  </type>
</xml>
