<?xml version="1.0"?>
<xml>
  <type>
    <block>
      <time>Fri Nov 16 2012 13:33:53 GMT-0800 (Pacific Standard Time)</time>
      <bondEncode>0,0,0,0,0,0,0,0,0,0,0,0,0,0,0,0,0,0,0,0,0,0,0,0,0,0,0,0,0,0,0,0,0,0,0,0,0,0,0,0</bondEncode>
      <blockID>0</blockID>
      <nbond>25</nbond>
      <sbond>0</sbond>
      <dbond>0</dbond>
      <tbond>0</tbond>
      <qbond>0</qbond>
      <bounce>0</bounce>
      <hardness>0</hardness>
      <slip>0</slip>
      <made>0</made>
      <device>computer</device>
    </block>
    <block>
      <time>Fri Nov 16 2012 13:34:11 GMT-0800 (Pacific Standard Time)</time>
      <bondEncode>0,0,0,0,0,0,0,0,0,0,1,1,0,0,0,0,0,0,0,0,0,0,0,0,0,0,0,1,0,0,0,0,0,0,0,0,0,0,0,0</bondEncode>
      <blockID>1</blockID>
      <nbond>19</nbond>
      <sbond>0</sbond>
      <dbond>6</dbond>
      <tbond>0</tbond>
      <qbond>0</qbond>
      <bounce>0</bounce>
      <hardness>0.025</hardness>
      <slip>0.225</slip>
      <made>4</made>
      <device>computer</device>
    </block>
    <block>
      <time>Fri Nov 16 2012 13:34:29 GMT-0800 (Pacific Standard Time)</time>
      <bondEncode>0,0,0,0,0,0,0,0,1,1,1,1,0,0,0,0,0,0,0,0,0,0,0,0,0,1,0,0,0,1,0,0,0,0,0,0,0,0,0,0</bondEncode>
      <blockID>2</blockID>
      <nbond>15</nbond>
      <sbond>2</sbond>
      <dbond>8</dbond>
      <tbond>0</tbond>
      <qbond>0</qbond>
      <bounce>0</bounce>
      <hardness>0.033333333333333</hardness>
      <slip>0.35</slip>
      <made>31</made>
      <device>computer</device>
    </block>
    <block>
      <time>Fri Nov 16 2012 13:36:48 GMT-0800 (Pacific Standard Time)</time>
      <bondEncode>0,0,0,0,0,0,0,0,0,0,0,1,0,0,1,0,0,0,0,0,0,0,0,0,0,0,0,0,0,0,0,0,0,0,0,0,0,0,0,0</bondEncode>
      <blockID>3</blockID>
      <nbond>19</nbond>
      <sbond>2</sbond>
      <dbond>4</dbond>
      <tbond>0</tbond>
      <qbond>0</qbond>
      <bounce>0</bounce>
      <hardness>0.016666666666667</hardness>
      <slip>0.2</slip>
      <made>6</made>
      <device>computer</device>
    </block>
    <level>
      <finishedLevel>1</finishedLevel>
      <time>Fri Nov 16 2012 13:36:48 GMT-0800 (Pacific Standard Time)</time>
      <tilesRemoved>8</tilesRemoved>
      <timeToFinish>149.03799999999</timeToFinish>
      <status>quit</status>
    </level>
  </type>
</xml>
