<?xml version="1.0"?>
<xml>
  <type>
    <block>
      <time>Wed Nov 21 2012 01:02:56 GMT 0100 (W. Europe Standard Time)</time>
      <bondEncode>0,0,0,0,0,0,0,0,0,0,0,0,0,0,0,0,0,0,0,0,0,0,0,0,0,0,0,0,0,0,0,0,0,0,0,0,0,0,0,0</bondEncode>
      <blockID>0</blockID>
      <nbond>25</nbond>
      <sbond>0</sbond>
      <dbond>0</dbond>
      <tbond>0</tbond>
      <qbond>0</qbond>
      <bounce>0</bounce>
      <hardness>0</hardness>
      <slip>0</slip>
      <made>26</made>
      <device>computer</device>
    </block>
    <block>
      <time>Wed Nov 21 2012 01:03:28 GMT 0100 (W. Europe Standard Time)</time>
      <bondEncode>0,0,0,0,0,0,0,0,0,0,0,0,0,0,0,0,1,1,1,1,1,0,0,0,1,1,0,0,0,1,1,0,0,0,1,1,0,0,0,0</bondEncode>
      <blockID>1</blockID>
      <nbond>9</nbond>
      <sbond>4</sbond>
      <dbond>12</dbond>
      <tbond>0</tbond>
      <qbond>0</qbond>
      <bounce>0</bounce>
      <hardness>0.05</hardness>
      <slip>0.55</slip>
      <made>74</made>
      <device>computer</device>
    </block>
    <block>
      <time>Wed Nov 21 2012 01:04:52 GMT 0100 (W. Europe Standard Time)</time>
      <bondEncode>0,0,0,0,0,0,0,0,0,0,0,0,0,0,1,0,0,0,0,1,1,0,0,0,0,1,0,0,0,0,1,0,1,0,0,1,0,0,0,1</bondEncode>
      <blockID>2</blockID>
      <nbond>8</nbond>
      <sbond>4</sbond>
      <dbond>13</dbond>
      <tbond>0</tbond>
      <qbond>0</qbond>
      <bounce>0</bounce>
      <hardness>0.054166666666667</hardness>
      <slip>0.5875</slip>
      <made>30</made>
      <device>computer</device>
    </block>
    <level>
      <finishedLevel>1</finishedLevel>
      <time>Wed Nov 21 2012 01:04:52 GMT 0100 (W. Europe Standard Time)</time>
      <tilesRemoved>10</tilesRemoved>
      <timeToFinish>132.288</timeToFinish>
      <status>quit</status>
    </level>
  </type>
</xml>
