<?xml version="1.0"?>
<xml>
  <type>
    <block>
      <time>Wed Nov 21 2012 17:25:11 GMT-0300 (Hora est&#xE1;ndar de Argentina)</time>
      <bondEncode>0,0,0,0,0,0,0,0,0,0,0,0,0,0,0,0,0,0,0,0,0,0,0,0,0,0,0,0,0,0,0,0,0,0,0,0,0,0,0,0</bondEncode>
      <blockID>0</blockID>
      <nbond>25</nbond>
      <sbond>0</sbond>
      <dbond>0</dbond>
      <tbond>0</tbond>
      <qbond>0</qbond>
      <bounce>0</bounce>
      <hardness>0</hardness>
      <slip>0</slip>
      <made>94</made>
      <device>computer</device>
    </block>
    <level>
      <finishedLevel>1</finishedLevel>
      <time>Wed Nov 21 2012 17:25:11 GMT-0300 (Hora est&#xE1;ndar de Argentina)</time>
      <tilesRemoved>7</tilesRemoved>
      <timeToFinish>48.230999999999</timeToFinish>
      <status>quit</status>
    </level>
  </type>
</xml>
