<?xml version="1.0"?>
<xml>
  <type>
    <block>
      <time>Wed Nov 21 09:37:07 2012</time>
      <bondEncode>0,0,0,0,0,0,0,0,0,0,0,0,0,0,0,0,0,0,0,0,0,0,0,0,0,0,0,0,0,0,0,0,0,0,0,0,0,0,0,0</bondEncode>
      <blockID>0</blockID>
      <nbond>25</nbond>
      <sbond>0</sbond>
      <dbond>0</dbond>
      <tbond>0</tbond>
      <qbond>0</qbond>
      <bounce>0</bounce>
      <hardness>0</hardness>
      <slip>0</slip>
      <made>14</made>
      <device>computer</device>
    </block>
    <block>
      <time>Wed Nov 21 09:40:04 2012</time>
      <bondEncode>1,1,1,1,0,0,0,0,0,0,0,0,0,0,0,0,1,0,1,1,0,0,0,0,0,0,0,1,0,0,0,0,0,0,0,0,0,1,0,0</bondEncode>
      <blockID>1</blockID>
      <nbond>12</nbond>
      <sbond>8</sbond>
      <dbond>5</dbond>
      <tbond>0</tbond>
      <qbond>0</qbond>
      <bounce>0</bounce>
      <hardness>0.020833333333333</hardness>
      <slip>0.3875</slip>
      <made>4</made>
      <device>computer</device>
    </block>
    <block>
      <time>Wed Nov 21 09:40:31 2012</time>
      <bondEncode>1,1,1,1,1,1,1,1,1,1,1,1,0,0,1,1,1,0,1,1,0,0,0,0,0,0,0,1,0,0,0,0,0,0,0,0,0,1,0,0</bondEncode>
      <blockID>2</blockID>
      <nbond>0</nbond>
      <sbond>11</sbond>
      <dbond>11</dbond>
      <tbond>3</tbond>
      <qbond>0</qbond>
      <bounce>0.32083333333333</bounce>
      <hardness>0.095833333333333</hardness>
      <slip>0.6875</slip>
      <made>55</made>
      <device>computer</device>
    </block>
    <level>
      <finishedLevel>1</finishedLevel>
      <time>Wed Nov 21 09:40:31 2012</time>
      <tilesRemoved>12</tilesRemoved>
      <timeToFinish>267.26699999997</timeToFinish>
      <status>quit</status>
    </level>
  </type>
</xml>
