<?xml version="1.0"?>
<xml>
  <type>
    <block>
      <time>Fri Nov 23 2012 17:23:57 GMT 0100 (CET)</time>
      <bondEncode>0,0,0,0,0,0,0,0,0,0,0,0,0,0,0,0,0,0,0,0,0,0,0,0,0,0,0,0,0,0,0,0,0,0,0,0,0,0,0,0</bondEncode>
      <blockID>0</blockID>
      <nbond>25</nbond>
      <sbond>0</sbond>
      <dbond>0</dbond>
      <tbond>0</tbond>
      <qbond>0</qbond>
      <bounce>0</bounce>
      <hardness>0</hardness>
      <slip>0</slip>
      <made>14</made>
      <device>computer</device>
    </block>
    <block>
      <time>Fri Nov 23 2012 17:25:35 GMT 0100 (CET)</time>
      <bondEncode>1,1,0,0,0,0,0,0,0,0,0,0,0,0,0,0,0,0,0,0,0,0,0,1,0,0,0,1,0,0,0,0,1,0,0,0,0,0,0,0</bondEncode>
      <blockID>1</blockID>
      <nbond>14</nbond>
      <sbond>5</sbond>
      <dbond>5</dbond>
      <tbond>1</tbond>
      <qbond>0</qbond>
      <bounce>0</bounce>
      <hardness>0.0375</hardness>
      <slip>0.3125</slip>
      <made>20</made>
      <device>computer</device>
    </block>
    <level>
      <finishedLevel>1</finishedLevel>
      <time>Fri Nov 23 2012 17:25:35 GMT 0100 (CET)</time>
      <tilesRemoved>13</tilesRemoved>
      <timeToFinish>538.41200000004</timeToFinish>
      <status>quit</status>
    </level>
  </type>
</xml>
