<?xml version="1.0"?>
<xml>
  <type>
    <block>
      <time>November-22-12 10:09:42 PM</time>
      <bondEncode>0,0,0,0,0,0,0,0,0,0,0,0,0,0,0,0,0,0,0,0,0,0,0,0,0,0,0,0,0,0,0,0,0,0,0,0,0,0,0,0</bondEncode>
      <blockID>0</blockID>
      <nbond>25</nbond>
      <sbond>0</sbond>
      <dbond>0</dbond>
      <tbond>0</tbond>
      <qbond>0</qbond>
      <bounce>0</bounce>
      <hardness>0</hardness>
      <slip>0</slip>
      <made>54</made>
      <device>computer</device>
    </block>
    <block>
      <time>November-22-12 10:12:01 PM</time>
      <bondEncode>0,0,0,0,0,1,1,1,0,0,0,0,0,0,0,0,0,0,0,0,0,0,0,0,0,0,0,0,0,0,0,0,0,0,1,0,0,0,0,1</bondEncode>
      <blockID>1</blockID>
      <nbond>7</nbond>
      <sbond>12</sbond>
      <dbond>6</dbond>
      <tbond>0</tbond>
      <qbond>0</qbond>
      <bounce>0</bounce>
      <hardness>0.025</hardness>
      <slip>0.525</slip>
      <made>0</made>
      <device>computer</device>
    </block>
    <level>
      <finishedLevel>1</finishedLevel>
      <time>November-22-12 10:12:01 PM</time>
      <tilesRemoved>5</tilesRemoved>
      <timeToFinish>107.927</timeToFinish>
      <status>quit</status>
    </level>
  </type>
  <type>
    <block>
      <time>November-22-12 10:12:22 PM</time>
      <bondEncode>0,0,0,0,0,0,0,0,0,0,0,0,0,0,0,0,0,0,0,0,0,0,0,0,0,0,0,0,0,0,0,0,0,0,0,0,0,0,0,0</bondEncode>
      <blockID>0</blockID>
      <nbond>25</nbond>
      <sbond>0</sbond>
      <dbond>0</dbond>
      <tbond>0</tbond>
      <qbond>0</qbond>
      <bounce>0</bounce>
      <hardness>0</hardness>
      <slip>0</slip>
      <made>49</made>
      <device>computer</device>
    </block>
    <block>
      <time>November-22-12 10:13:59 PM</time>
      <bondEncode>0,0,0,0,0,0,0,0,0,0,0,0,0,0,0,0,0,0,0,0,0,0,0,0,0,0,0,1,0,0,0,1,0,0,0,1,0,0,0,0</bondEncode>
      <blockID>1</blockID>
      <nbond>17</nbond>
      <sbond>8</sbond>
      <dbond>0</dbond>
      <tbond>0</tbond>
      <qbond>0</qbond>
      <bounce>0</bounce>
      <hardness>0</hardness>
      <slip>0.2</slip>
      <made>305</made>
      <device>computer</device>
    </block>
    <level>
      <finishedLevel>1</finishedLevel>
      <time>November-22-12 10:13:59 PM</time>
      <tilesRemoved>40</tilesRemoved>
      <timeToFinish>237.14999999998</timeToFinish>
      <status>quit</status>
    </level>
  </type>
</xml>
