<?xml version="1.0"?>
<xml>
  <type>
    <block>
      <time>Sat Nov 17 2012 00:47:53 GMT 0800 (&#x53F0;&#x5317;&#x6A19;&#x6E96;&#x6642;&#x9593;)</time>
      <bondEncode>0,0,0,0,0,0,0,0,0,0,0,0,0,0,0,0,0,0,0,0,0,0,0,0,0,0,0,0,0,0,0,0,0,0,0,0,0,0,0,0</bondEncode>
      <blockID>0</blockID>
      <nbond>25</nbond>
      <sbond>0</sbond>
      <dbond>0</dbond>
      <tbond>0</tbond>
      <qbond>0</qbond>
      <bounce>0</bounce>
      <hardness>0</hardness>
      <slip>0</slip>
      <made>0</made>
      <device>computer</device>
    </block>
    <level>
      <finishedLevel>1</finishedLevel>
      <time>Sat Nov 17 2012 00:47:53 GMT 0800 (&#x53F0;&#x5317;&#x6A19;&#x6E96;&#x6642;&#x9593;)</time>
      <tilesRemoved>0</tilesRemoved>
      <timeToFinish>21.205</timeToFinish>
      <status>quit</status>
    </level>
  </type>
</xml>
