<?xml version="1.0"?>
<xml>
  <type>
    <block>
      <time>Mon Nov 19 2012 15:20:33 GMT-0800 (PST)</time>
      <bondEncode>0,0,0,0,0,0,0,0,0,0,0,0,0,0,0,0,0,0,0,0,0,0,0,0,0,0,0,0,0,0,0,0,0,0,0,0,0,0,0,0</bondEncode>
      <blockID>0</blockID>
      <nbond>25</nbond>
      <sbond>0</sbond>
      <dbond>0</dbond>
      <tbond>0</tbond>
      <qbond>0</qbond>
      <bounce>0</bounce>
      <hardness>0</hardness>
      <slip>0</slip>
      <made>161</made>
      <device>computer</device>
    </block>
    <level>
      <finishedLevel>1</finishedLevel>
      <time>Mon Nov 19 2012 15:20:33 GMT-0800 (PST)</time>
      <tilesRemoved>9</tilesRemoved>
      <timeToFinish>94.754000000002</timeToFinish>
      <status>quit</status>
    </level>
  </type>
</xml>
