<?xml version="1.0"?>
<xml>
  <type>
    <block>
      <time>November 22, 2012 11:32:54 PM PST</time>
      <bondEncode>0,0,0,0,0,0,0,0,0,0,0,0,0,0,0,0,0,0,0,0,0,0,0,0,0,0,0,0,0,0,0,0,0,0,0,0,0,0,0,0</bondEncode>
      <blockID>0</blockID>
      <nbond>25</nbond>
      <sbond>0</sbond>
      <dbond>0</dbond>
      <tbond>0</tbond>
      <qbond>0</qbond>
      <bounce>0</bounce>
      <hardness>0</hardness>
      <slip>0</slip>
      <made>8</made>
      <device>computer</device>
    </block>
    <block>
      <time>November 22, 2012 11:35:39 PM PST</time>
      <bondEncode>0,1,1,1,0,0,1,0,0,0,1,1,0,0,1,0,1,1,1,0,0,0,0,0,0,0,0,0,0,0,0,0,0,0,0,0,0,0,0,0</bondEncode>
      <blockID>1</blockID>
      <nbond>6</nbond>
      <sbond>10</sbond>
      <dbond>9</dbond>
      <tbond>0</tbond>
      <qbond>0</qbond>
      <bounce>0</bounce>
      <hardness>0.0375</hardness>
      <slip>0.5875</slip>
      <made>106</made>
      <device>computer</device>
    </block>
    <level>
      <finishedLevel>1</finishedLevel>
      <time>November 22, 2012 11:35:39 PM PST</time>
      <tilesRemoved>30</tilesRemoved>
      <timeToFinish>368.15000000006</timeToFinish>
      <status>quit</status>
    </level>
  </type>
</xml>
