<?xml version="1.0"?>
<xml>
  <type>
    <block>
      <time>November 25, 2012 10:44:20 PM EST</time>
      <bondEncode>0,0,0,0,0,0,0,0,0,0,0,0,0,0,0,0,0,0,0,0,0,0,0,0,0,0,0,0,0,0,0,0,0,0,0,0,0,0,0,0</bondEncode>
      <blockID>0</blockID>
      <nbond>25</nbond>
      <sbond>0</sbond>
      <dbond>0</dbond>
      <tbond>0</tbond>
      <qbond>0</qbond>
      <bounce>0</bounce>
      <hardness>0</hardness>
      <slip>0</slip>
      <made>26</made>
      <device>computer</device>
    </block>
    <block>
      <time>November 25, 2012 10:46:12 PM EST</time>
      <bondEncode>0,0,0,0,1,1,1,1,0,0,0,0,1,1,1,1,0,0,0,0,1,0,0,0,0,0,0,0,0,1,1,0,0,0,0,0,0,0,0,1</bondEncode>
      <blockID>1</blockID>
      <nbond>0</nbond>
      <sbond>2</sbond>
      <dbond>23</dbond>
      <tbond>0</tbond>
      <qbond>0</qbond>
      <bounce>0</bounce>
      <hardness>0.095833333333333</hardness>
      <slip>0.9125</slip>
      <made>51</made>
      <device>computer</device>
    </block>
    <level>
      <finishedLevel>1</finishedLevel>
      <time>November 25, 2012 10:46:12 PM EST</time>
      <tilesRemoved>28</tilesRemoved>
      <timeToFinish>284.56699999996</timeToFinish>
      <status>quit</status>
    </level>
  </type>
</xml>
