<?xml version="1.0"?>
<xml>
  <type>
    <block>
      <time>Sun Nov 18 2012 16:59:45 GMT-0600 (Central Standard Time)</time>
      <bondEncode>0,0,0,0,0,0,0,0,0,0,0,0,0,0,0,0,0,0,0,0,0,0,0,0,0,0,0,0,0,0,0,0,0,0,0,0,0,0,0,0</bondEncode>
      <blockID>0</blockID>
      <nbond>25</nbond>
      <sbond>0</sbond>
      <dbond>0</dbond>
      <tbond>0</tbond>
      <qbond>0</qbond>
      <bounce>0</bounce>
      <hardness>0</hardness>
      <slip>0</slip>
      <made>12</made>
      <device>computer</device>
    </block>
    <level>
      <finishedLevel>1</finishedLevel>
      <time>Sun Nov 18 2012 16:59:45 GMT-0600 (Central Standard Time)</time>
      <tilesRemoved>0</tilesRemoved>
      <timeToFinish>82.115000000002</timeToFinish>
      <status>quit</status>
    </level>
  </type>
</xml>
