<?xml version="1.0"?>
<xml>
  <type>
    <block>
      <time>11/27/2012 11:41:43 AM</time>
      <bondEncode>0,0,0,0,0,0,0,0,0,0,0,0,0,0,0,0,0,0,0,0,0,0,0,0,0,0,0,0,0,0,0,0,0,0,0,0,0,0,0,0</bondEncode>
      <blockID>0</blockID>
      <nbond>25</nbond>
      <sbond>0</sbond>
      <dbond>0</dbond>
      <tbond>0</tbond>
      <qbond>0</qbond>
      <bounce>0</bounce>
      <hardness>0</hardness>
      <slip>0</slip>
      <made>0</made>
      <device>computer</device>
    </block>
    <block>
      <time>11/27/2012 11:42:42 AM</time>
      <bondEncode>1,0,0,1,1,0,1,1,0,0,0,0,0,1,1,1,0,0,1,0,0,0,1,0,0,0,0,1,0,0,0,0,0,1,0,1,1,0,0,1</bondEncode>
      <blockID>1</blockID>
      <nbond>0</nbond>
      <sbond>14</sbond>
      <dbond>9</dbond>
      <tbond>2</tbond>
      <qbond>0</qbond>
      <bounce>0.2875</bounce>
      <hardness>0.070833333333333</hardness>
      <slip>0.6875</slip>
      <made>114</made>
      <device>computer</device>
    </block>
    <block>
      <time>11/27/2012 11:44:26 AM</time>
      <bondEncode>0,0,0,0,0,0,0,0,0,0,0,0,0,0,0,0,0,0,0,0,0,0,0,0,0,0,0,0,0,0,0,0,0,0,0,0,0,0,0,0</bondEncode>
      <blockID>2</blockID>
      <nbond>25</nbond>
      <sbond>0</sbond>
      <dbond>0</dbond>
      <tbond>0</tbond>
      <qbond>0</qbond>
      <bounce>0</bounce>
      <hardness>0</hardness>
      <slip>0</slip>
      <made>173</made>
      <device>computer</device>
    </block>
    <level>
      <finishedLevel>1</finishedLevel>
      <time>11/27/2012 11:44:26 AM</time>
      <tilesRemoved>35</tilesRemoved>
      <timeToFinish>495.04000000005</timeToFinish>
      <status>quit</status>
    </level>
  </type>
</xml>
