<?xml version="1.0"?>
<xml>
  <type>
    <block>
      <time>Tue Nov 20 2012 02:15:36 GMT 0400 (&#x41C;&#x43E;&#x441;&#x43A;&#x43E;&#x432;&#x441;&#x43A;&#x43E;&#x435; &#x432;&#x440;&#x435;&#x43C;&#x44F; (&#x437;&#x438;&#x43C;&#x430;))</time>
      <bondEncode>0,0,0,0,0,0,0,0,0,0,0,0,0,0,0,0,0,0,0,0,0,0,0,0,0,0,0,0,0,0,0,0,0,0,0,0,0,0,0,0</bondEncode>
      <blockID>0</blockID>
      <nbond>25</nbond>
      <sbond>0</sbond>
      <dbond>0</dbond>
      <tbond>0</tbond>
      <qbond>0</qbond>
      <bounce>0</bounce>
      <hardness>0</hardness>
      <slip>0</slip>
      <made>0</made>
      <device>computer</device>
    </block>
    <level>
      <finishedLevel>1</finishedLevel>
      <time>Tue Nov 20 2012 02:15:36 GMT 0400 (&#x41C;&#x43E;&#x441;&#x43A;&#x43E;&#x432;&#x441;&#x43A;&#x43E;&#x435; &#x432;&#x440;&#x435;&#x43C;&#x44F; (&#x437;&#x438;&#x43C;&#x430;))</time>
      <tilesRemoved>0</tilesRemoved>
      <timeToFinish>10.888</timeToFinish>
      <status>quit</status>
    </level>
  </type>
</xml>
