<?xml version="1.0"?>
<xml>
  <type>
    <block>
      <time>Thu Nov 29 2012 09:26:17 GMT 0700 (SE Asia Standard Time)</time>
      <bondEncode>0,0,0,0,0,0,0,0,0,0,0,0,0,0,0,0,0,0,0,0,0,0,0,0,0,0,0,0,0,0,0,0,0,0,0,0,0,0,0,0</bondEncode>
      <blockID>0</blockID>
      <nbond>25</nbond>
      <sbond>0</sbond>
      <dbond>0</dbond>
      <tbond>0</tbond>
      <qbond>0</qbond>
      <bounce>0</bounce>
      <hardness>0</hardness>
      <slip>0</slip>
      <made>0</made>
      <device>computer</device>
    </block>
    <block>
      <time>Thu Nov 29 2012 09:26:48 GMT 0700 (SE Asia Standard Time)</time>
      <bondEncode>0,0,0,0,0,1,1,1,0,0,0,0,0,0,0,0,0,0,0,0,0,0,0,0,0,0,0,0,0,1,0,0,0,0,1,0,0,0,0,0</bondEncode>
      <blockID>1</blockID>
      <nbond>10</nbond>
      <sbond>6</sbond>
      <dbond>9</dbond>
      <tbond>0</tbond>
      <qbond>0</qbond>
      <bounce>0</bounce>
      <hardness>0.0375</hardness>
      <slip>0.4875</slip>
      <made>0</made>
      <device>computer</device>
    </block>
    <level>
      <finishedLevel>1</finishedLevel>
      <time>Thu Nov 29 2012 09:26:48 GMT 0700 (SE Asia Standard Time)</time>
      <tilesRemoved>0</tilesRemoved>
      <timeToFinish>65.451000000001</timeToFinish>
      <status>quit</status>
    </level>
  </type>
</xml>
