<?xml version="1.0"?>
<xml>
  <type>
    <block>
      <time>Sat Dec 01 2012 01:45:03 GMT 0100 (Mitteleurop&#xE4;ische Zeit)</time>
      <bondEncode>0,0,0,0,0,0,0,0,0,0,0,0,0,0,0,0,0,0,0,0,0,0,0,0,0,0,0,0,0,0,0,0,0,0,0,0,0,0,0,0</bondEncode>
      <blockID>0</blockID>
      <nbond>25</nbond>
      <sbond>0</sbond>
      <dbond>0</dbond>
      <tbond>0</tbond>
      <qbond>0</qbond>
      <bounce>0</bounce>
      <hardness>0</hardness>
      <slip>0</slip>
      <made>22</made>
      <device>computer</device>
    </block>
    <block>
      <time>Sat Dec 01 2012 01:46:01 GMT 0100 (Mitteleurop&#xE4;ische Zeit)</time>
      <bondEncode>0,0,0,0,0,1,1,0,0,0,0,0,0,0,0,0,0,0,0,0,0,0,0,0,0,0,0,0,0,1,0,0,0,0,0,0,0,0,0,0</bondEncode>
      <blockID>1</blockID>
      <nbond>16</nbond>
      <sbond>6</sbond>
      <dbond>3</dbond>
      <tbond>0</tbond>
      <qbond>0</qbond>
      <bounce>0</bounce>
      <hardness>0.0125</hardness>
      <slip>0.2625</slip>
      <made>77</made>
      <device>computer</device>
    </block>
    <block>
      <time>Sat Dec 01 2012 01:46:44 GMT 0100 (Mitteleurop&#xE4;ische Zeit)</time>
      <bondEncode>0,0,0,0,0,0,0,0,0,0,0,0,0,0,0,0,0,0,0,0,0,0,0,0,0,0,0,0,0,0,0,0,0,0,0,0,0,0,0,0</bondEncode>
      <blockID>2</blockID>
      <nbond>25</nbond>
      <sbond>0</sbond>
      <dbond>0</dbond>
      <tbond>0</tbond>
      <qbond>0</qbond>
      <bounce>0</bounce>
      <hardness>0</hardness>
      <slip>0</slip>
      <made>875</made>
      <device>computer</device>
    </block>
    <level>
      <finishedLevel>1</finishedLevel>
      <time>Sat Dec 01 2012 01:46:44 GMT 0100 (Mitteleurop&#xE4;ische Zeit)</time>
      <tilesRemoved>82</tilesRemoved>
      <timeToFinish>375.72899999998</timeToFinish>
      <status>quit</status>
    </level>
  </type>
</xml>
