<?xml version="1.0"?>
<xml>
  <type>
    <block>
      <time>Tue Dec 04 2012 16:17:28 GMT-0500 (EST)</time>
      <bondEncode>0,0,0,0,0,0,0,0,0,0,0,0,0,0,0,0,0,0,0,0,0,0,0,0,0,0,0,0,0,0,0,0,0,0,0,0,0,0,0,0</bondEncode>
      <blockID>0</blockID>
      <nbond>25</nbond>
      <sbond>0</sbond>
      <dbond>0</dbond>
      <tbond>0</tbond>
      <qbond>0</qbond>
      <bounce>0</bounce>
      <hardness>0</hardness>
      <slip>0</slip>
      <made>0</made>
      <device>computer</device>
    </block>
    <block>
      <time>Tue Dec 04 2012 16:18:22 GMT-0500 (EST)</time>
      <bondEncode>0,0,0,0,0,0,0,0,0,0,0,0,0,0,1,0,1,1,1,1,1,0,0,0,0,1,0,0,0,1,0,0,1,0,0,1,0,0,0,0</bondEncode>
      <blockID>1</blockID>
      <nbond>0</nbond>
      <sbond>10</sbond>
      <dbond>13</dbond>
      <tbond>2</tbond>
      <qbond>0</qbond>
      <bounce>0.30416666666667</bounce>
      <hardness>0.0875</hardness>
      <slip>0.7375</slip>
      <made>0</made>
      <device>computer</device>
    </block>
    <level>
      <finishedLevel>1</finishedLevel>
      <time>Tue Dec 04 2012 16:18:22 GMT-0500 (EST)</time>
      <tilesRemoved>0</tilesRemoved>
      <timeToFinish>98.486000000003</timeToFinish>
      <status>quit</status>
    </level>
  </type>
</xml>
