<?xml version="1.0"?>
<xml>
  <type>
    <block>
      <time>Thu Nov 29 2012 15:41:43 GMT 0100 (Paris, Madrid)</time>
      <bondEncode>0,0,0,0,0,0,0,0,0,0,0,0,0,0,0,0,0,0,0,0,0,0,0,0,0,0,0,0,0,0,0,0,0,0,0,0,0,0,0,0</bondEncode>
      <blockID>0</blockID>
      <nbond>25</nbond>
      <sbond>0</sbond>
      <dbond>0</dbond>
      <tbond>0</tbond>
      <qbond>0</qbond>
      <bounce>0</bounce>
      <hardness>0</hardness>
      <slip>0</slip>
      <made>0</made>
      <device>computer</device>
    </block>
    <block>
      <time>Thu Nov 29 2012 15:42:31 GMT 0100 (Paris, Madrid)</time>
      <bondEncode>0,0,0,0,0,0,0,0,0,0,0,0,0,0,0,0,0,0,0,0,0,0,0,0,1,0,0,0,0,1,0,0,0,0,1,0,0,0,0,1</bondEncode>
      <blockID>1</blockID>
      <nbond>20</nbond>
      <sbond>2</sbond>
      <dbond>3</dbond>
      <tbond>0</tbond>
      <qbond>0</qbond>
      <bounce>0</bounce>
      <hardness>0.0125</hardness>
      <slip>0.1625</slip>
      <made>0</made>
      <device>computer</device>
    </block>
    <block>
      <time>Thu Nov 29 2012 15:42:57 GMT 0100 (Paris, Madrid)</time>
      <bondEncode>0,0,0,0,0,0,0,0,0,0,0,0,0,0,0,0,0,0,0,0,0,0,0,0,0,0,0,0,0,0,0,0,0,0,0,0,0,0,0,0</bondEncode>
      <blockID>2</blockID>
      <nbond>25</nbond>
      <sbond>0</sbond>
      <dbond>0</dbond>
      <tbond>0</tbond>
      <qbond>0</qbond>
      <bounce>0</bounce>
      <hardness>0</hardness>
      <slip>0</slip>
      <made>18</made>
      <device>computer</device>
    </block>
    <block>
      <time>Thu Nov 29 2012 15:43:38 GMT 0100 (Paris, Madrid)</time>
      <bondEncode>0,0,0,0,0,0,0,0,0,0,0,0,0,1,1,1,1,1,0,0,0,0,0,0,0,0,0,0,0,0,0,0,0,0,0,0,0,0,0,0</bondEncode>
      <blockID>3</blockID>
      <nbond>15</nbond>
      <sbond>4</sbond>
      <dbond>6</dbond>
      <tbond>0</tbond>
      <qbond>0</qbond>
      <bounce>0</bounce>
      <hardness>0.025</hardness>
      <slip>0.325</slip>
      <made>8</made>
      <device>computer</device>
    </block>
    <block>
      <time>Thu Nov 29 2012 15:44:33 GMT 0100 (Paris, Madrid)</time>
      <bondEncode>0,0,0,0,0,0,0,0,0,0,0,0,0,0,0,0,0,0,0,0,0,0,0,0,0,0,0,0,0,0,0,0,0,0,0,0,0,0,0,0</bondEncode>
      <blockID>4</blockID>
      <nbond>25</nbond>
      <sbond>0</sbond>
      <dbond>0</dbond>
      <tbond>0</tbond>
      <qbond>0</qbond>
      <bounce>0</bounce>
      <hardness>0</hardness>
      <slip>0</slip>
      <made>0</made>
      <device>computer</device>
    </block>
    <block>
      <time>Thu Nov 29 2012 15:44:47 GMT 0100 (Paris, Madrid)</time>
      <bondEncode>0,0,0,0,0,0,0,0,0,0,0,0,0,1,1,1,0,0,0,0,0,0,0,0,0,0,0,0,0,0,0,0,0,0,0,0,0,0,0,0</bondEncode>
      <blockID>5</blockID>
      <nbond>21</nbond>
      <sbond>2</sbond>
      <dbond>2</dbond>
      <tbond>0</tbond>
      <qbond>0</qbond>
      <bounce>0</bounce>
      <hardness>0.0083333333333333</hardness>
      <slip>0.125</slip>
      <made>3</made>
      <device>computer</device>
    </block>
    <block>
      <time>Thu Nov 29 2012 15:45:07 GMT 0100 (Paris, Madrid)</time>
      <bondEncode>0,0,0,0,0,0,0,0,0,0,0,0,0,0,0,0,0,1,1,1,0,0,0,0,0,0,0,0,0,0,0,0,0,0,0,1,0,0,0,0</bondEncode>
      <blockID>6</blockID>
      <nbond>19</nbond>
      <sbond>4</sbond>
      <dbond>2</dbond>
      <tbond>0</tbond>
      <qbond>0</qbond>
      <bounce>0</bounce>
      <hardness>0.0083333333333333</hardness>
      <slip>0.175</slip>
      <made>1</made>
      <device>computer</device>
    </block>
    <block>
      <time>Thu Nov 29 2012 15:45:38 GMT 0100 (Paris, Madrid)</time>
      <bondEncode>0,0,0,0,0,0,0,0,0,0,0,0,0,0,0,0,0,0,0,0,0,0,0,0,1,0,0,0,0,1,0,0,0,0,1,0,0,0,0,1</bondEncode>
      <blockID>7</blockID>
      <nbond>20</nbond>
      <sbond>2</sbond>
      <dbond>3</dbond>
      <tbond>0</tbond>
      <qbond>0</qbond>
      <bounce>0</bounce>
      <hardness>0.0125</hardness>
      <slip>0.1625</slip>
      <made>72</made>
      <device>computer</device>
    </block>
    <block>
      <time>Thu Nov 29 2012 15:47:58 GMT 0100 (Paris, Madrid)</time>
      <bondEncode>0,0,0,0,0,0,0,0,0,0,0,1,0,0,0,0,0,0,0,0,0,0,0,0,1,0,0,0,0,1,0,0,0,0,1,0,0,0,0,0</bondEncode>
      <blockID>8</blockID>
      <nbond>19</nbond>
      <sbond>3</sbond>
      <dbond>2</dbond>
      <tbond>1</tbond>
      <qbond>0</qbond>
      <bounce>0</bounce>
      <hardness>0.025</hardness>
      <slip>0.15</slip>
      <made>5</made>
      <device>computer</device>
    </block>
    <level>
      <finishedLevel>1</finishedLevel>
      <time>Thu Nov 29 2012 15:47:58 GMT 0100 (Paris, Madrid)</time>
      <tilesRemoved>33</tilesRemoved>
      <timeToFinish>512.48599999997</timeToFinish>
      <status>quit</status>
    </level>
  </type>
  <type>
    <block>
      <time>Thu Nov 29 2012 15:50:29 GMT 0100 (Paris, Madrid)</time>
      <bondEncode>0,0,0,0,0,0,0,0,0,0,0,0,0,0,0,0,0,0,0,0,0,0,0,0,0,0,0,0,0,0,0,0,0,0,0,0,0,0,0,0</bondEncode>
      <blockID>0</blockID>
      <nbond>25</nbond>
      <sbond>0</sbond>
      <dbond>0</dbond>
      <tbond>0</tbond>
      <qbond>0</qbond>
      <bounce>0</bounce>
      <hardness>0</hardness>
      <slip>0</slip>
      <made>16</made>
      <device>computer</device>
    </block>
    <block>
      <time>Thu Nov 29 2012 15:51:44 GMT 0100 (Paris, Madrid)</time>
      <bondEncode>0,0,0,0,0,0,0,0,0,0,0,0,0,0,1,0,0,0,0,0,0,0,0,0,0,0,1,0,0,0,0,1,0,0,0,0,1,0,0,1</bondEncode>
      <blockID>1</blockID>
      <nbond>15</nbond>
      <sbond>8</sbond>
      <dbond>2</dbond>
      <tbond>0</tbond>
      <qbond>0</qbond>
      <bounce>0</bounce>
      <hardness>0.0083333333333333</hardness>
      <slip>0.275</slip>
      <made>191</made>
      <device>computer</device>
    </block>
    <block>
      <time>Thu Nov 29 2012 15:54:14 GMT 0100 (Paris, Madrid)</time>
      <bondEncode>0,0,1,1,0,0,0,0,0,0,1,0,0,0,1,0,1,0,1,0,1,0,0,0,0,1,1,0,0,0,1,1,0,0,0,0,1,0,0,1</bondEncode>
      <blockID>2</blockID>
      <nbond>0</nbond>
      <sbond>14</sbond>
      <dbond>11</dbond>
      <tbond>0</tbond>
      <qbond>0</qbond>
      <bounce>0</bounce>
      <hardness>0.045833333333333</hardness>
      <slip>0.7625</slip>
      <made>12</made>
      <device>computer</device>
    </block>
    <block>
      <time>Thu Nov 29 2012 15:55:18 GMT 0100 (Paris, Madrid)</time>
      <bondEncode>0,0,0,0,0,0,1,1,0,1,0,1,0,0,0,0,0,0,1,0,0,0,0,0,0,0,0,0,0,0,0,0,1,0,1,0,0,1,0,1</bondEncode>
      <blockID>3</blockID>
      <nbond>0</nbond>
      <sbond>8</sbond>
      <dbond>17</dbond>
      <tbond>0</tbond>
      <qbond>0</qbond>
      <bounce>0</bounce>
      <hardness>0.070833333333333</hardness>
      <slip>0.8375</slip>
      <made>14</made>
      <device>computer</device>
    </block>
    <level>
      <finishedLevel>1</finishedLevel>
      <time>Thu Nov 29 2012 15:55:18 GMT 0100 (Paris, Madrid)</time>
      <tilesRemoved>52</tilesRemoved>
      <timeToFinish>321.20799999998</timeToFinish>
      <status>quit</status>
    </level>
  </type>
</xml>
