<?xml version="1.0"?>
<xml>
  <type>
    <block>
      <time>2 &#x434;&#x435;&#x43A;&#x430;&#x431;&#x440;&#x44F; 2012 &#x433;. 13:57:09</time>
      <bondEncode>0,0,0,0,0,0,0,0,0,0,0,0,0,0,0,0,0,0,0,0,0,0,0,0,0,0,0,0,0,0,0,0,0,0,0,0,0,0,0,0</bondEncode>
      <blockID>0</blockID>
      <nbond>25</nbond>
      <sbond>0</sbond>
      <dbond>0</dbond>
      <tbond>0</tbond>
      <qbond>0</qbond>
      <bounce>0</bounce>
      <hardness>0</hardness>
      <slip>0</slip>
      <made>69</made>
      <device>computer</device>
    </block>
    <level>
      <finishedLevel>1</finishedLevel>
      <time>2 &#x434;&#x435;&#x43A;&#x430;&#x431;&#x440;&#x44F; 2012 &#x433;. 13:57:09</time>
      <tilesRemoved>16</tilesRemoved>
      <timeToFinish>78.189000000001</timeToFinish>
      <status>quit</status>
    </level>
  </type>
</xml>
