<?xml version="1.0"?>
<xml>
  <type>
    <block>
      <time>Sat Dec 01 2012 09:08:29 GMT 0100 (Mitteleurop&#xE4;ische Zeit)</time>
      <bondEncode>0,0,0,0,0,0,0,0,0,0,0,0,0,0,0,0,0,0,0,0,0,0,0,0,0,0,0,0,0,0,0,0,0,0,0,0,0,0,0,0</bondEncode>
      <blockID>0</blockID>
      <nbond>25</nbond>
      <sbond>0</sbond>
      <dbond>0</dbond>
      <tbond>0</tbond>
      <qbond>0</qbond>
      <bounce>0</bounce>
      <hardness>0</hardness>
      <slip>0</slip>
      <made>14</made>
      <device>computer</device>
    </block>
    <level>
      <finishedLevel>1</finishedLevel>
      <time>Sat Dec 01 2012 09:08:29 GMT 0100 (Mitteleurop&#xE4;ische Zeit)</time>
      <tilesRemoved>4</tilesRemoved>
      <timeToFinish>43.673</timeToFinish>
      <status>quit</status>
    </level>
  </type>
</xml>
