<?xml version="1.0"?>
<xml>
  <type>
    <block>
      <time>Fri Nov 30 2012 16:43:45 GMT-0800 (PST)</time>
      <bondEncode>0,0,0,0,0,0,0,0,0,0,0,0,0,0,0,0,0,0,0,0,0,0,0,0,0,0,0,0,0,0,0,0,0,0,0,0,0,0,0,0</bondEncode>
      <blockID>0</blockID>
      <nbond>25</nbond>
      <sbond>0</sbond>
      <dbond>0</dbond>
      <tbond>0</tbond>
      <qbond>0</qbond>
      <bounce>0</bounce>
      <hardness>0</hardness>
      <slip>0</slip>
      <made>8</made>
      <device>computer</device>
    </block>
    <level>
      <finishedLevel>1</finishedLevel>
      <time>Fri Nov 30 2012 16:43:45 GMT-0800 (PST)</time>
      <tilesRemoved>5</tilesRemoved>
      <timeToFinish>59.380000000002</timeToFinish>
      <status>quit</status>
    </level>
  </type>
</xml>
