<?xml version="1.0"?>
<xml>
  <type>
    <block>
      <time>Tue Nov 27 2012 22:46:36 GMT-0500 (Eastern Standard Time)</time>
      <bondEncode>0,0,0,0,0,0,0,0,0,0,0,0,0,0,0,0,0,0,0,0,0,0,0,0,0,0,0,0,0,0,0,0,0,0,0,0,0,0,0,0</bondEncode>
      <blockID>0</blockID>
      <nbond>25</nbond>
      <sbond>0</sbond>
      <dbond>0</dbond>
      <tbond>0</tbond>
      <qbond>0</qbond>
      <bounce>0</bounce>
      <hardness>0</hardness>
      <slip>0</slip>
      <made>0</made>
      <device>computer</device>
    </block>
    <block>
      <time>Tue Nov 27 2012 22:47:04 GMT-0500 (Eastern Standard Time)</time>
      <bondEncode>0,0,1,1,0,0,0,0,0,0,0,0,0,0,0,0,0,0,0,0,0,0,0,0,1,0,0,0,0,0,0,0,0,0,0,0,0,0,0,0</bondEncode>
      <blockID>1</blockID>
      <nbond>21</nbond>
      <sbond>2</sbond>
      <dbond>2</dbond>
      <tbond>0</tbond>
      <qbond>0</qbond>
      <bounce>0</bounce>
      <hardness>0.0083333333333333</hardness>
      <slip>0.125</slip>
      <made>4</made>
      <device>computer</device>
    </block>
    <level>
      <finishedLevel>1</finishedLevel>
      <time>Tue Nov 27 2012 22:47:04 GMT-0500 (Eastern Standard Time)</time>
      <tilesRemoved>2</tilesRemoved>
      <timeToFinish>91.742000000001</timeToFinish>
      <status>quit</status>
    </level>
  </type>
</xml>
