<?xml version="1.0"?>
<xml>
  <type>
    <block>
      <time>28 November 2012 22:53:36</time>
      <bondEncode>0,0,0,0,0,0,0,0,0,0,0,0,0,0,0,0,0,0,0,0,0,0,0,0,0,0,0,0,0,0,0,0,0,0,0,0,0,0,0,0</bondEncode>
      <blockID>0</blockID>
      <nbond>25</nbond>
      <sbond>0</sbond>
      <dbond>0</dbond>
      <tbond>0</tbond>
      <qbond>0</qbond>
      <bounce>0</bounce>
      <hardness>0</hardness>
      <slip>0</slip>
      <made>8</made>
      <device>computer</device>
    </block>
    <block>
      <time>28 November 2012 22:54:37</time>
      <bondEncode>0,0,0,0,0,1,1,0,0,0,1,1,0,0,0,0,0,0,0,0,0,0,0,0,0,0,0,1,1,0,0,0,0,0,0,0,0,0,0,0</bondEncode>
      <blockID>1</blockID>
      <nbond>17</nbond>
      <sbond>0</sbond>
      <dbond>4</dbond>
      <tbond>4</tbond>
      <qbond>0</qbond>
      <bounce>0.31666666666667</bounce>
      <hardness>0.083333333333333</hardness>
      <slip>0.15</slip>
      <made>0</made>
      <device>computer</device>
    </block>
    <level>
      <finishedLevel>1</finishedLevel>
      <time>28 November 2012 22:54:37</time>
      <tilesRemoved>8</tilesRemoved>
      <timeToFinish>65.027000000002</timeToFinish>
      <status>quit</status>
    </level>
  </type>
</xml>
