<?xml version="1.0"?>
<xml>
  <type>
    <block>
      <time>Sun Dec 02 2012 15:06:39 GMT 0800 (&#x4E2D;&#x56FD;&#x6807;&#x51C6;&#x65F6;&#x95F4;)</time>
      <bondEncode>0,0,0,0,0,0,0,0,0,0,0,0,0,0,0,0,0,0,0,0,0,0,0,0,0,0,0,0,0,0,0,0,0,0,0,0,0,0,0,0</bondEncode>
      <blockID>0</blockID>
      <nbond>25</nbond>
      <sbond>0</sbond>
      <dbond>0</dbond>
      <tbond>0</tbond>
      <qbond>0</qbond>
      <bounce>0</bounce>
      <hardness>0</hardness>
      <slip>0</slip>
      <made>20</made>
      <device>computer</device>
    </block>
    <level>
      <finishedLevel>1</finishedLevel>
      <time>Sun Dec 02 2012 15:06:39 GMT 0800 (&#x4E2D;&#x56FD;&#x6807;&#x51C6;&#x65F6;&#x95F4;)</time>
      <tilesRemoved>8</tilesRemoved>
      <timeToFinish>62.950999999996</timeToFinish>
      <status>quit</status>
    </level>
  </type>
</xml>
