<?xml version="1.0"?>
<xml>
  <type>
    <block>
      <time>Fri Nov 30 2012 18:10:19 GMT 0100 (CET)</time>
      <bondEncode>0,0,0,0,0,0,0,0,0,0,0,0,0,0,0,0,0,0,0,0,0,0,0,0,0,0,0,0,0,0,0,0,0,0,0,0,0,0,0,0</bondEncode>
      <blockID>0</blockID>
      <nbond>25</nbond>
      <sbond>0</sbond>
      <dbond>0</dbond>
      <tbond>0</tbond>
      <qbond>0</qbond>
      <bounce>0</bounce>
      <hardness>0</hardness>
      <slip>0</slip>
      <made>79</made>
      <device>computer</device>
    </block>
    <block>
      <time>Fri Nov 30 2012 18:11:42 GMT 0100 (CET)</time>
      <bondEncode>1,1,0,0,1,0,0,0,0,0,0,0,0,0,0,0,0,0,1,0,1,0,0,0,1,1,1,1,0,0,1,1,1,0,1,0,1,1,0,1</bondEncode>
      <blockID>1</blockID>
      <nbond>0</nbond>
      <sbond>6</sbond>
      <dbond>17</dbond>
      <tbond>2</tbond>
      <qbond>0</qbond>
      <bounce>0.32083333333333</bounce>
      <hardness>0.10416666666667</hardness>
      <slip>0.7875</slip>
      <made>102</made>
      <device>computer</device>
    </block>
    <level>
      <finishedLevel>1</finishedLevel>
      <time>Fri Nov 30 2012 18:11:42 GMT 0100 (CET)</time>
      <tilesRemoved>19</tilesRemoved>
      <timeToFinish>132.35</timeToFinish>
      <status>quit</status>
    </level>
  </type>
</xml>
