<?xml version="1.0"?>
<xml>
  <type>
    <block>
      <time>Wed Nov 28 2012 09:09:00 GMT-0500 (Eastern Standard Time)</time>
      <bondEncode>0,0,0,0,0,0,0,0,0,0,0,0,0,0,0,0,0,0,0,0,0,0,0,0,0,0,0,0,0,0,0,0,0,0,0,0,0,0,0,0</bondEncode>
      <blockID>0</blockID>
      <nbond>25</nbond>
      <sbond>0</sbond>
      <dbond>0</dbond>
      <tbond>0</tbond>
      <qbond>0</qbond>
      <bounce>0</bounce>
      <hardness>0</hardness>
      <slip>0</slip>
      <made>8</made>
      <device>computer</device>
    </block>
    <block>
      <time>Wed Nov 28 2012 09:11:07 GMT-0500 (Eastern Standard Time)</time>
      <bondEncode>1,1,1,0,1,0,1,1,0,0,0,0,1,1,1,1,1,1,1,1,0,0,0,0,1,0,0,0,0,0,0,0,0,0,0,0,0,0,0,0</bondEncode>
      <blockID>1</blockID>
      <nbond>5</nbond>
      <sbond>10</sbond>
      <dbond>10</dbond>
      <tbond>0</tbond>
      <qbond>0</qbond>
      <bounce>0</bounce>
      <hardness>0.041666666666667</hardness>
      <slip>0.625</slip>
      <made>8</made>
      <device>computer</device>
    </block>
    <block>
      <time>Wed Nov 28 2012 09:11:50 GMT-0500 (Eastern Standard Time)</time>
      <bondEncode>0,0,0,0,1,1,0,0,0,0,0,0,1,1,1,1,0,0,0,0,0,0,0,0,0,0,0,0,1,0,0,0,0,0,0,0,0,0,0,0</bondEncode>
      <blockID>2</blockID>
      <nbond>13</nbond>
      <sbond>6</sbond>
      <dbond>6</dbond>
      <tbond>0</tbond>
      <qbond>0</qbond>
      <bounce>0</bounce>
      <hardness>0.025</hardness>
      <slip>0.375</slip>
      <made>16</made>
      <device>computer</device>
    </block>
    <level>
      <finishedLevel>1</finishedLevel>
      <time>Wed Nov 28 2012 09:11:50 GMT-0500 (Eastern Standard Time)</time>
      <tilesRemoved>13</tilesRemoved>
      <timeToFinish>239.04899999996</timeToFinish>
      <status>quit</status>
    </level>
  </type>
</xml>
