<?xml version="1.0"?>
<xml>
  <type>
    <block>
      <time>November 27, 2012 7:45:55 PM PST</time>
      <bondEncode>0,0,0,0,0,0,0,0,0,0,0,0,0,0,0,0,0,0,0,0,0,0,0,0,0,0,0,0,0,0,0,0,0,0,0,0,0,0,0,0</bondEncode>
      <blockID>0</blockID>
      <nbond>25</nbond>
      <sbond>0</sbond>
      <dbond>0</dbond>
      <tbond>0</tbond>
      <qbond>0</qbond>
      <bounce>0</bounce>
      <hardness>0</hardness>
      <slip>0</slip>
      <made>16</made>
      <device>iPad</device>
    </block>
    <block>
      <time>November 27, 2012 7:47:13 PM PST</time>
      <bondEncode>1,1,1,0,0,0,0,0,0,0,0,0,0,0,0,0,0,0,0,0,0,0,0,1,1,0,0,0,0,1,0,0,0,1,1,0,0,0,1,1</bondEncode>
      <blockID>1</blockID>
      <nbond>0</nbond>
      <sbond>4</sbond>
      <dbond>17</dbond>
      <tbond>4</tbond>
      <qbond>0</qbond>
      <bounce>0.37083333333333</bounce>
      <hardness>0.1375</hardness>
      <slip>0.7375</slip>
      <made>0</made>
      <device>iPad</device>
    </block>
    <block>
      <time>November 27, 2012 7:47:50 PM PST</time>
      <bondEncode>1,1,1,0,0,0,0,0,0,0,0,0,0,0,0,0,0,0,0,0,0,0,0,1,1,0,0,0,0,1,0,0,0,0,1,0,0,0,1,1</bondEncode>
      <blockID>2</blockID>
      <nbond>1</nbond>
      <sbond>5</sbond>
      <dbond>16</dbond>
      <tbond>3</tbond>
      <qbond>0</qbond>
      <bounce>0.34166666666667</bounce>
      <hardness>0.11666666666667</hardness>
      <slip>0.725</slip>
      <made>0</made>
      <device>iPad</device>
    </block>
    <block>
      <time>November 27, 2012 7:47:57 PM PST</time>
      <bondEncode>1,1,1,0,0,0,0,0,0,0,0,0,0,0,0,0,0,0,0,0,0,0,0,0,1,0,0,0,0,1,0,0,0,0,1,0,0,0,1,1</bondEncode>
      <blockID>3</blockID>
      <nbond>2</nbond>
      <sbond>5</sbond>
      <dbond>15</dbond>
      <tbond>3</tbond>
      <qbond>0</qbond>
      <bounce>0.3375</bounce>
      <hardness>0.1125</hardness>
      <slip>0.6875</slip>
      <made>116</made>
      <device>iPad</device>
    </block>
    <block>
      <time>November 27, 2012 7:50:27 PM PST</time>
      <bondEncode>0,0,0,0,0,0,0,0,0,0,0,0,0,0,0,0,0,0,0,0,0,0,0,0,0,0,0,0,0,0,0,0,0,0,0,0,0,0,0,0</bondEncode>
      <blockID>4</blockID>
      <nbond>23</nbond>
      <sbond>2</sbond>
      <dbond>0</dbond>
      <tbond>0</tbond>
      <qbond>0</qbond>
      <bounce>0</bounce>
      <hardness>0</hardness>
      <slip>0.05</slip>
      <made>199</made>
      <device>iPad</device>
    </block>
    <block>
      <time>November 27, 2012 7:56:14 PM PST</time>
      <bondEncode>0,0,0,0,0,0,0,0,0,0,0,0,0,0,0,0,0,0,0,0,0,0,0,0,0,0,0,0,0,0,0,0,0,0,0,0,1,1,0,0</bondEncode>
      <blockID>5</blockID>
      <nbond>19</nbond>
      <sbond>6</sbond>
      <dbond>0</dbond>
      <tbond>0</tbond>
      <qbond>0</qbond>
      <bounce>0</bounce>
      <hardness>0</hardness>
      <slip>0.15</slip>
      <made>3</made>
      <device>iPad</device>
    </block>
    <block>
      <time>November 27, 2012 7:56:31 PM PST</time>
      <bondEncode>0,0,0,0,0,0,1,0,0,0,0,0,0,0,0,0,0,0,0,1,0,0,0,0,0,0,0,0,0,0,0,0,0,0,0,0,1,1,1,0</bondEncode>
      <blockID>6</blockID>
      <nbond>5</nbond>
      <sbond>10</sbond>
      <dbond>10</dbond>
      <tbond>0</tbond>
      <qbond>0</qbond>
      <bounce>0</bounce>
      <hardness>0.041666666666667</hardness>
      <slip>0.625</slip>
      <made>166</made>
      <device>iPad</device>
    </block>
    <block>
      <time>November 27, 2012 7:58:08 PM PST</time>
      <bondEncode>0,0,0,0,0,0,0,0,0,0,0,0,0,0,0,0,0,0,0,0,0,0,0,0,0,0,0,0,0,0,0,0,0,0,0,0,0,0,0,0</bondEncode>
      <blockID>7</blockID>
      <nbond>23</nbond>
      <sbond>2</sbond>
      <dbond>0</dbond>
      <tbond>0</tbond>
      <qbond>0</qbond>
      <bounce>0</bounce>
      <hardness>0</hardness>
      <slip>0.05</slip>
      <made>306</made>
      <device>iPad</device>
    </block>
    <block>
      <time>November 28, 2012 9:09:23 AM PST</time>
      <bondEncode>0,1,0,0,0,0,0,0,0,0,0,0,0,0,0,0,0,0,0,0,0,0,0,0,0,0,0,0,0,0,0,0,0,0,0,0,0,0,0,0</bondEncode>
      <blockID>8</blockID>
      <nbond>18</nbond>
      <sbond>6</sbond>
      <dbond>1</dbond>
      <tbond>0</tbond>
      <qbond>0</qbond>
      <bounce>0</bounce>
      <hardness>0.0041666666666667</hardness>
      <slip>0.1875</slip>
      <made>8</made>
      <device>iPad</device>
    </block>
    <block>
      <time>November 28, 2012 9:09:33 AM PST</time>
      <bondEncode>0,0,0,0,0,0,1,0,0,0,0,0,0,0,0,0,0,0,0,1,0,0,0,0,0,0,0,0,0,0,0,0,0,0,0,0,1,1,1,0</bondEncode>
      <blockID>9</blockID>
      <nbond>5</nbond>
      <sbond>10</sbond>
      <dbond>10</dbond>
      <tbond>0</tbond>
      <qbond>0</qbond>
      <bounce>0</bounce>
      <hardness>0.041666666666667</hardness>
      <slip>0.625</slip>
      <made>223</made>
      <device>iPad</device>
    </block>
    <block>
      <time>November 28, 2012 9:21:13 AM PST</time>
      <bondEncode>0,0,0,0,0,0,0,0,0,0,0,0,0,0,0,0,0,0,0,0,0,0,0,0,0,0,0,0,0,0,0,0,0,0,0,0,0,0,0,0</bondEncode>
      <blockID>10</blockID>
      <nbond>23</nbond>
      <sbond>2</sbond>
      <dbond>0</dbond>
      <tbond>0</tbond>
      <qbond>0</qbond>
      <bounce>0</bounce>
      <hardness>0</hardness>
      <slip>0.05</slip>
      <made>36</made>
      <device>iPad</device>
    </block>
    <block>
      <time>November 28, 2012 9:21:38 AM PST</time>
      <bondEncode>1,1,1,0,0,0,0,0,0,0,0,0,0,0,0,0,0,0,0,0,0,0,0,0,1,0,0,0,0,1,0,0,0,0,1,0,0,0,1,1</bondEncode>
      <blockID>11</blockID>
      <nbond>2</nbond>
      <sbond>5</sbond>
      <dbond>15</dbond>
      <tbond>3</tbond>
      <qbond>0</qbond>
      <bounce>0.3375</bounce>
      <hardness>0.1125</hardness>
      <slip>0.6875</slip>
      <made>36</made>
      <device>iPad</device>
    </block>
    <block>
      <time>November 28, 2012 9:22:15 AM PST</time>
      <bondEncode>0,0,0,0,0,0,0,0,0,0,0,0,0,0,0,0,0,0,0,0,0,0,0,0,0,0,0,0,0,0,0,0,0,0,0,0,0,0,0,0</bondEncode>
      <blockID>12</blockID>
      <nbond>23</nbond>
      <sbond>2</sbond>
      <dbond>0</dbond>
      <tbond>0</tbond>
      <qbond>0</qbond>
      <bounce>0</bounce>
      <hardness>0</hardness>
      <slip>0.05</slip>
      <made>280</made>
      <device>iPad</device>
    </block>
    <level>
      <finishedLevel>1</finishedLevel>
      <time>November 28, 2012 9:22:15 AM PST</time>
      <tilesRemoved>165</tilesRemoved>
      <timeToFinish>1227.2359999999</timeToFinish>
      <status>complete</status>
    </level>
  </type>
</xml>
