<?xml version="1.0"?>
<xml>
  <type>
    <block>
      <time>Mon Dec 17 2012 15:01:34 GMT-0600 (CST)</time>
      <bondEncode>0,0,0,0,0,0,0,0,0,0,0,0,0,0,0,0,0,0,0,0,0,0,0,0,0,0,0,0,0,0,0,0,0,0,0,0,0,0,0,0</bondEncode>
      <blockID>0</blockID>
      <nbond>25</nbond>
      <sbond>0</sbond>
      <dbond>0</dbond>
      <tbond>0</tbond>
      <qbond>0</qbond>
      <bounce>0</bounce>
      <hardness>0</hardness>
      <slip>0</slip>
      <made>8</made>
      <device>computer</device>
    </block>
    <block>
      <time>Mon Dec 17 2012 15:02:00 GMT-0600 (CST)</time>
      <bondEncode>1,1,1,1,1,1,1,1,0,0,0,0,1,0,1,1,0,0,0,0,0,0,1,0,0,0,0,1,0,0,0,0,1,0,0,0,0,1,0,0</bondEncode>
      <blockID>1</blockID>
      <nbond>4</nbond>
      <sbond>7</sbond>
      <dbond>10</dbond>
      <tbond>3</tbond>
      <qbond>1</qbond>
      <bounce>0.36666666666667</bounce>
      <hardness>0.14722222222222</hardness>
      <slip>0.55</slip>
      <made>16</made>
      <device>computer</device>
    </block>
    <block>
      <time>Mon Dec 17 2012 15:02:29 GMT-0600 (CST)</time>
      <bondEncode>1,1,1,1,1,1,1,1,0,0,1,1,1,0,1,1,0,0,1,1,0,0,1,0,0,0,0,1,0,0,0,0,1,0,0,0,0,1,0,0</bondEncode>
      <blockID>2</blockID>
      <nbond>0</nbond>
      <sbond>9</sbond>
      <dbond>11</dbond>
      <tbond>3</tbond>
      <qbond>2</qbond>
      <bounce>0.42083333333333</bounce>
      <hardness>0.20694444444444</hardness>
      <slip>0.6375</slip>
      <made>16</made>
      <device>computer</device>
    </block>
    <level>
      <finishedLevel>1</finishedLevel>
      <time>Mon Dec 17 2012 15:02:29 GMT-0600 (CST)</time>
      <tilesRemoved>16</tilesRemoved>
      <timeToFinish>76.432000000001</timeToFinish>
      <status>quit</status>
    </level>
  </type>
</xml>
