<?xml version="1.0"?>
<xml>
  <type>
    <block>
      <time>mercredi 12 d&#xE9;cembre 2012 14:59:15</time>
      <bondEncode>0,0,0,0,0,0,0,0,0,0,0,0,0,0,0,0,0,0,0,0,0,0,0,0,0,0,0,0,0,0,0,0,0,0,0,0,0,0,0,0</bondEncode>
      <blockID>0</blockID>
      <nbond>25</nbond>
      <sbond>0</sbond>
      <dbond>0</dbond>
      <tbond>0</tbond>
      <qbond>0</qbond>
      <bounce>0</bounce>
      <hardness>0</hardness>
      <slip>0</slip>
      <made>12</made>
      <device>computer</device>
    </block>
    <block>
      <time>mercredi 12 d&#xE9;cembre 2012 15:00:20</time>
      <bondEncode>0,0,0,0,0,0,1,0,0,0,0,0,0,1,0,0,0,0,0,0,0,0,0,0,0,0,0,0,1,0,0,0,0,0,0,0,0,0,0,0</bondEncode>
      <blockID>1</blockID>
      <nbond>19</nbond>
      <sbond>1</sbond>
      <dbond>4</dbond>
      <tbond>1</tbond>
      <qbond>0</qbond>
      <bounce>0</bounce>
      <hardness>0.033333333333333</hardness>
      <slip>0.175</slip>
      <made>4</made>
      <device>computer</device>
    </block>
    <block>
      <time>mercredi 12 d&#xE9;cembre 2012 15:00:46</time>
      <bondEncode>0,0,0,0,0,0,1,0,0,0,0,0,0,1,0,0,0,1,1,1,1,0,0,0,0,1,0,0,1,0,0,0,0,0,0,1,0,0,0,0</bondEncode>
      <blockID>2</blockID>
      <nbond>3</nbond>
      <sbond>9</sbond>
      <dbond>12</dbond>
      <tbond>1</tbond>
      <qbond>0</qbond>
      <bounce>0</bounce>
      <hardness>0.066666666666667</hardness>
      <slip>0.675</slip>
      <made>5</made>
      <device>computer</device>
    </block>
    <level>
      <finishedLevel>1</finishedLevel>
      <time>mercredi 12 d&#xE9;cembre 2012 15:00:46</time>
      <tilesRemoved>5</tilesRemoved>
      <timeToFinish>130.998</timeToFinish>
      <status>quit</status>
    </level>
  </type>
</xml>
