<?xml version="1.0"?>
<xml>
  <type>
    <block>
      <time>Wed Dec 19 2012 19:03:22 GMT 0100 (Paris, Madrid)</time>
      <bondEncode>0,0,0,0,0,0,0,0,0,0,0,0,0,0,0,0,0,0,0,0,0,0,0,0,0,0,0,0,0,0,0,0,0,0,0,0,0,0,0,0</bondEncode>
      <blockID>0</blockID>
      <nbond>25</nbond>
      <sbond>0</sbond>
      <dbond>0</dbond>
      <tbond>0</tbond>
      <qbond>0</qbond>
      <bounce>0</bounce>
      <hardness>0</hardness>
      <slip>0</slip>
      <made>71</made>
      <device>computer</device>
    </block>
    <level>
      <finishedLevel>1</finishedLevel>
      <time>Wed Dec 19 2012 19:03:22 GMT 0100 (Paris, Madrid)</time>
      <tilesRemoved>12</tilesRemoved>
      <timeToFinish>55.622000000002</timeToFinish>
      <status>quit</status>
    </level>
  </type>
</xml>
