<?xml version="1.0"?>
<xml>
  <type>
    <block>
      <time>Sun Dec 16 2012 14:08:58 GMT-0500 (Eastern Standard Time)</time>
      <bondEncode>0,0,0,0,0,0,0,0,0,0,0,0,0,0,0,0,0,0,0,0,0,0,0,0,0,0,0,0,0,0,0,0,0,0,0,0,0,0,0,0</bondEncode>
      <blockID>0</blockID>
      <nbond>25</nbond>
      <sbond>0</sbond>
      <dbond>0</dbond>
      <tbond>0</tbond>
      <qbond>0</qbond>
      <bounce>0</bounce>
      <hardness>0</hardness>
      <slip>0</slip>
      <made>0</made>
      <device>computer</device>
    </block>
    <block>
      <time>Sun Dec 16 2012 14:10:02 GMT-0500 (Eastern Standard Time)</time>
      <bondEncode>0,0,0,0,0,0,0,0,0,0,0,0,0,0,0,0,1,1,1,1,0,0,0,0,0,0,0,0,0,0,1,1,1,1,0,1,1,1,1,0</bondEncode>
      <blockID>1</blockID>
      <nbond>10</nbond>
      <sbond>0</sbond>
      <dbond>9</dbond>
      <tbond>6</tbond>
      <qbond>0</qbond>
      <bounce>0.3875</bounce>
      <hardness>0.1375</hardness>
      <slip>0.3375</slip>
      <made>12</made>
      <device>computer</device>
    </block>
    <level>
      <finishedLevel>1</finishedLevel>
      <time>Sun Dec 16 2012 14:10:02 GMT-0500 (Eastern Standard Time)</time>
      <tilesRemoved>2</tilesRemoved>
      <timeToFinish>80.415</timeToFinish>
      <status>quit</status>
    </level>
  </type>
</xml>
