<?xml version="1.0"?>
<xml>
  <type>
    <block>
      <time>December 17, 2012, 7:14:48 PM PST</time>
      <bondEncode>0,0,0,0,0,0,0,0,0,0,0,0,0,0,0,0,0,0,0,0,0,0,0,0,0,0,0,0,0,0,0,0,0,0,0,0,0,0,0,0</bondEncode>
      <blockID>0</blockID>
      <nbond>25</nbond>
      <sbond>0</sbond>
      <dbond>0</dbond>
      <tbond>0</tbond>
      <qbond>0</qbond>
      <bounce>0</bounce>
      <hardness>0</hardness>
      <slip>0</slip>
      <made>6</made>
      <device>iPad</device>
    </block>
    <block>
      <time>December 17, 2012, 7:15:24 PM PST</time>
      <bondEncode>1,1,0,0,0,0,0,0,0,0,0,0,0,0,0,0,1,1,1,1,0,0,1,0,0,1,0,1,0,0,0,0,0,0,0,1,0,0,0,0</bondEncode>
      <blockID>1</blockID>
      <nbond>6</nbond>
      <sbond>2</sbond>
      <dbond>17</dbond>
      <tbond>0</tbond>
      <qbond>0</qbond>
      <bounce>0</bounce>
      <hardness>0.070833333333333</hardness>
      <slip>0.6875</slip>
      <made>33</made>
      <device>iPad</device>
    </block>
    <block>
      <time>December 17, 2012, 7:17:01 PM PST</time>
      <bondEncode>1,0,0,1,0,0,0,1,1,0,0,1,0,0,0,0,1,1,1,1,1,1,1,0,0,1,0,1,0,0,1,1,1,0,0,1,1,1,1,0</bondEncode>
      <blockID>2</blockID>
      <nbond>0</nbond>
      <sbond>0</sbond>
      <dbond>4</dbond>
      <tbond>12</tbond>
      <qbond>9</qbond>
      <bounce>0</bounce>
      <hardness>0.71666666666667</hardness>
      <slip>0.15</slip>
      <made>87</made>
      <device>iPad</device>
    </block>
    <block>
      <time>December 17, 2012, 7:19:59 PM PST</time>
      <bondEncode>1,1,0,1,0,0,0,0,1,1,1,1,0,0,1,1,0,0,0,0,0,0,1,0,0,0,0,1,0,0,0,1,0,1,0,1,0,1,0,1</bondEncode>
      <blockID>3</blockID>
      <nbond>4</nbond>
      <sbond>4</sbond>
      <dbond>9</dbond>
      <tbond>8</tbond>
      <qbond>0</qbond>
      <bounce>0.4375</bounce>
      <hardness>0.17083333333333</hardness>
      <slip>0.4375</slip>
      <made>333</made>
      <device>iPad</device>
    </block>
    <level>
      <finishedLevel>1</finishedLevel>
      <time>December 17, 2012, 7:19:59 PM PST</time>
      <tilesRemoved>105</tilesRemoved>
      <timeToFinish>626.83799999997</timeToFinish>
      <status>complete</status>
    </level>
  </type>
</xml>
