<?xml version="1.0"?>
<xml>
  <type>
    <block>
      <time>Thu Dec 13 2012 21:13:06 GMT-0500 (Eastern Standard Time)</time>
      <bondEncode>0,0,0,0,0,0,0,0,0,0,0,0,0,0,0,0,0,0,0,0,0,0,0,0,0,0,0,0,0,0,0,0,0,0,0,0,0,0,0,0</bondEncode>
      <blockID>0</blockID>
      <nbond>25</nbond>
      <sbond>0</sbond>
      <dbond>0</dbond>
      <tbond>0</tbond>
      <qbond>0</qbond>
      <bounce>0</bounce>
      <hardness>0</hardness>
      <slip>0</slip>
      <made>234</made>
      <device>computer</device>
    </block>
    <level>
      <finishedLevel>1</finishedLevel>
      <time>Thu Dec 13 2012 21:13:06 GMT-0500 (Eastern Standard Time)</time>
      <tilesRemoved>20</tilesRemoved>
      <timeToFinish>96.947</timeToFinish>
      <status>quit</status>
    </level>
  </type>
</xml>
