<?xml version="1.0"?>
<xml>
  <type>
    <block>
      <time>Wed Dec 26 2012 19:15:50 GMT-0800 (PST)</time>
      <bondEncode>0,0,0,0,0,0,0,0,0,0,0,0,0,0,0,0,0,0,0,0,0,0,0,0,0,0,0,0,0,0,0,0,0,0,0,0,0,0,0,0</bondEncode>
      <blockID>0</blockID>
      <nbond>25</nbond>
      <sbond>0</sbond>
      <dbond>0</dbond>
      <tbond>0</tbond>
      <qbond>0</qbond>
      <bounce>0</bounce>
      <hardness>0</hardness>
      <slip>0</slip>
      <made>32</made>
      <device>computer</device>
    </block>
    <block>
      <time>Wed Dec 26 2012 19:16:28 GMT-0800 (PST)</time>
      <bondEncode>1,0,0,0,0,0,0,0,1,1,1,1,1,1,1,1,0,0,0,0,0,0,0,0,0,1,0,0,0,0,0,0,0,0,0,0,0,0,0,1</bondEncode>
      <blockID>1</blockID>
      <nbond>0</nbond>
      <sbond>4</sbond>
      <dbond>21</dbond>
      <tbond>0</tbond>
      <qbond>0</qbond>
      <bounce>0</bounce>
      <hardness>0.0875</hardness>
      <slip>0.8875</slip>
      <made>21</made>
      <device>computer</device>
    </block>
    <level>
      <finishedLevel>1</finishedLevel>
      <time>Wed Dec 26 2012 19:16:28 GMT-0800 (PST)</time>
      <tilesRemoved>12</tilesRemoved>
      <timeToFinish>85.161000000001</timeToFinish>
      <status>quit</status>
    </level>
  </type>
  <type>
    <block>
      <time>Wed Dec 26 2012 19:32:12 GMT-0800 (PST)</time>
      <bondEncode>0,0,0,0,0,0,0,0,0,0,0,0,0,0,0,0,0,0,0,0,0,0,0,0,0,0,0,0,0,0,0,0,0,0,0,0,0,0,0,0</bondEncode>
      <blockID>0</blockID>
      <nbond>25</nbond>
      <sbond>0</sbond>
      <dbond>0</dbond>
      <tbond>0</tbond>
      <qbond>0</qbond>
      <bounce>0</bounce>
      <hardness>0</hardness>
      <slip>0</slip>
      <made>0</made>
      <device>computer</device>
    </block>
    <level>
      <finishedLevel>1</finishedLevel>
      <time>Wed Dec 26 2012 19:32:12 GMT-0800 (PST)</time>
      <tilesRemoved>0</tilesRemoved>
      <timeToFinish>332.745</timeToFinish>
      <status>quit</status>
    </level>
  </type>
</xml>
