<?xml version="1.0"?>
<xml>
  <type>
    <block>
      <time>December 22, 2012 7:53:38 PM</time>
      <bondEncode>0,0,0,0,0,0,0,0,0,0,0,0,0,0,0,0,0,0,0,0,0,0,0,0,0,0,0,0,0,0,0,0,0,0,0,0,0,0,0,0</bondEncode>
      <blockID>0</blockID>
      <nbond>25</nbond>
      <sbond>0</sbond>
      <dbond>0</dbond>
      <tbond>0</tbond>
      <qbond>0</qbond>
      <bounce>0</bounce>
      <hardness>0</hardness>
      <slip>0</slip>
      <made>16</made>
      <device>computer</device>
    </block>
    <block>
      <time>December 22, 2012 7:55:45 PM</time>
      <bondEncode>1,1,1,0,0,0,0,0,0,0,0,0,0,0,0,0,0,0,0,0,0,0,0,1,0,0,0,0,1,0,0,0,0,1,0,0,0,0,0,0</bondEncode>
      <blockID>1</blockID>
      <nbond>13</nbond>
      <sbond>0</sbond>
      <dbond>12</dbond>
      <tbond>0</tbond>
      <qbond>0</qbond>
      <bounce>0</bounce>
      <hardness>0.05</hardness>
      <slip>0.45</slip>
      <made>0</made>
      <device>computer</device>
    </block>
    <block>
      <time>December 22, 2012 7:58:50 PM</time>
      <bondEncode>1,1,1,1,0,0,0,0,0,0,0,0,0,0,0,0,1,1,1,1,0,0,0,0,0,0,0,0,0,0,0,0,0,0,0,0,0,0,0,0</bondEncode>
      <blockID>2</blockID>
      <nbond>12</nbond>
      <sbond>4</sbond>
      <dbond>7</dbond>
      <tbond>2</tbond>
      <qbond>0</qbond>
      <bounce>0.27916666666667</bounce>
      <hardness>0.0625</hardness>
      <slip>0.3625</slip>
      <made>8</made>
      <device>computer</device>
    </block>
    <level>
      <finishedLevel>1</finishedLevel>
      <time>December 22, 2012 7:58:50 PM</time>
      <tilesRemoved>6</tilesRemoved>
      <timeToFinish>295.78599999999</timeToFinish>
      <status>quit</status>
    </level>
  </type>
</xml>
