<?xml version="1.0"?>
<xml>
  <type>
    <block>
      <time>Mon Dec 31 2012 20:51:27 GMT 0100 (W. Europe Standard Time)</time>
      <bondEncode>0,0,0,0,0,0,0,0,0,0,0,0,0,0,0,0,0,0,0,0,0,0,0,0,0,0,0,0,0,0,0,0,0,0,0,0,0,0,0,0</bondEncode>
      <blockID>0</blockID>
      <nbond>25</nbond>
      <sbond>0</sbond>
      <dbond>0</dbond>
      <tbond>0</tbond>
      <qbond>0</qbond>
      <bounce>0</bounce>
      <hardness>0</hardness>
      <slip>0</slip>
      <made>23</made>
      <device>computer</device>
    </block>
    <level>
      <finishedLevel>1</finishedLevel>
      <time>Mon Dec 31 2012 20:51:27 GMT 0100 (W. Europe Standard Time)</time>
      <tilesRemoved>4</tilesRemoved>
      <timeToFinish>62.427000000002</timeToFinish>
      <status>quit</status>
    </level>
  </type>
</xml>
