<?xml version="1.0"?>
<xml>
  <type>
    <block>
      <time>Sun Dec 23 2012 13:42:04 GMT 0200 (&#x424;&#x438;&#x43D;&#x43B;&#x44F;&#x43D;&#x434;&#x438;&#x44F; (&#x437;&#x438;&#x43C;&#x430;))</time>
      <bondEncode>0,0,0,0,0,0,0,0,0,0,0,0,0,0,0,0,0,0,0,0,0,0,0,0,0,0,0,0,0,0,0,0,0,0,0,0,0,0,0,0</bondEncode>
      <blockID>0</blockID>
      <nbond>25</nbond>
      <sbond>0</sbond>
      <dbond>0</dbond>
      <tbond>0</tbond>
      <qbond>0</qbond>
      <bounce>0</bounce>
      <hardness>0</hardness>
      <slip>0</slip>
      <made>25</made>
      <device>computer</device>
    </block>
    <level>
      <finishedLevel>1</finishedLevel>
      <time>Sun Dec 23 2012 13:42:04 GMT 0200 (&#x424;&#x438;&#x43D;&#x43B;&#x44F;&#x43D;&#x434;&#x438;&#x44F; (&#x437;&#x438;&#x43C;&#x430;))</time>
      <tilesRemoved>5</tilesRemoved>
      <timeToFinish>70.307000000002</timeToFinish>
      <status>quit</status>
    </level>
  </type>
</xml>
