<?xml version="1.0"?>
<xml>
  <type>
    <block>
      <time>Wed Dec 26 2012 20:35:00 GMT-0500 (EST)</time>
      <bondEncode>0,0,0,0,0,0,0,0,0,0,0,0,0,0,0,0,0,0,0,0,0,0,0,0,0,0,0,0,0,0,0,0,0,0,0,0,0,0,0,0</bondEncode>
      <blockID>0</blockID>
      <nbond>25</nbond>
      <sbond>0</sbond>
      <dbond>0</dbond>
      <tbond>0</tbond>
      <qbond>0</qbond>
      <bounce>0</bounce>
      <hardness>0</hardness>
      <slip>0</slip>
      <made>4</made>
      <device>computer</device>
    </block>
    <block>
      <time>Wed Dec 26 2012 20:35:45 GMT-0500 (EST)</time>
      <bondEncode>0,0,0,0,0,0,0,0,0,0,0,0,0,0,0,0,0,0,0,0,0,0,0,0,0,0,0,0,0,0,0,0,0,0,0,0,0,0,0,1</bondEncode>
      <blockID>1</blockID>
      <nbond>21</nbond>
      <sbond>2</sbond>
      <dbond>2</dbond>
      <tbond>0</tbond>
      <qbond>0</qbond>
      <bounce>0</bounce>
      <hardness>0.0083333333333333</hardness>
      <slip>0.125</slip>
      <made>4</made>
      <device>computer</device>
    </block>
    <block>
      <time>Wed Dec 26 2012 20:36:16 GMT-0500 (EST)</time>
      <bondEncode>0,0,0,0,0,0,0,0,0,0,0,0,0,1,0,0,0,0,0,0,0,0,0,0,0,0,0,0,0,0,0,0,0,0,0,0,0,0,0,1</bondEncode>
      <blockID>2</blockID>
      <nbond>19</nbond>
      <sbond>4</sbond>
      <dbond>2</dbond>
      <tbond>0</tbond>
      <qbond>0</qbond>
      <bounce>0</bounce>
      <hardness>0.0083333333333333</hardness>
      <slip>0.175</slip>
      <made>10</made>
      <device>computer</device>
    </block>
    <level>
      <finishedLevel>1</finishedLevel>
      <time>Wed Dec 26 2012 20:36:16 GMT-0500 (EST)</time>
      <tilesRemoved>9</tilesRemoved>
      <timeToFinish>102.305</timeToFinish>
      <status>quit</status>
    </level>
  </type>
</xml>
