<?xml version="1.0"?>
<xml>
  <type>
    <block>
      <time>Wed Jan 09 2013 11:55:53 GMT-0600 (CST)</time>
      <bondEncode>0,0,0,0,0,0,0,0,0,0,0,0,0,0,0,0,0,0,0,0,0,0,0,0,0,0,0,0,0,0,0,0,0,0,0,0,0,0,0,0</bondEncode>
      <blockID>0</blockID>
      <nbond>25</nbond>
      <sbond>0</sbond>
      <dbond>0</dbond>
      <tbond>0</tbond>
      <qbond>0</qbond>
      <bounce>0</bounce>
      <hardness>0</hardness>
      <slip>0</slip>
      <made>2</made>
      <device>computer</device>
    </block>
    <block>
      <time>Wed Jan 09 2013 11:56:17 GMT-0600 (CST)</time>
      <bondEncode>1,1,1,1,0,0,0,0,1,1,0,0,0,1,1,1,0,0,0,0,0,0,0,0,1,1,0,0,0,0,0,1,0,1,0,0,0,0,0,0</bondEncode>
      <blockID>1</blockID>
      <nbond>6</nbond>
      <sbond>3</sbond>
      <dbond>11</dbond>
      <tbond>3</tbond>
      <qbond>2</qbond>
      <bounce>0.42083333333333</bounce>
      <hardness>0.20694444444444</hardness>
      <slip>0.4875</slip>
      <made>12</made>
      <device>computer</device>
    </block>
    <level>
      <finishedLevel>1</finishedLevel>
      <time>Wed Jan 09 2013 11:56:17 GMT-0600 (CST)</time>
      <tilesRemoved>0</tilesRemoved>
      <timeToFinish>43.808</timeToFinish>
      <status>quit</status>
    </level>
  </type>
  <type>
    <block>
      <time>Wed Jan 09 2013 12:14:43 GMT-0600 (CST)</time>
      <bondEncode>0,0,0,0,0,0,0,0,0,0,0,0,0,0,0,0,0,0,0,0,0,0,0,0,0,0,0,0,0,0,0,0,0,0,0,0,0,0,0,0</bondEncode>
      <blockID>0</blockID>
      <nbond>25</nbond>
      <sbond>0</sbond>
      <dbond>0</dbond>
      <tbond>0</tbond>
      <qbond>0</qbond>
      <bounce>0</bounce>
      <hardness>0</hardness>
      <slip>0</slip>
      <made>0</made>
      <device>computer</device>
    </block>
    <level>
      <finishedLevel>1</finishedLevel>
      <time>Wed Jan 09 2013 12:14:43 GMT-0600 (CST)</time>
      <tilesRemoved>0</tilesRemoved>
      <timeToFinish>17.883</timeToFinish>
      <status>quit</status>
    </level>
  </type>
  <type>
    <block>
      <time>Wed Jan 09 2013 12:15:04 GMT-0600 (CST)</time>
      <bondEncode>0,0,0,0,0,0,0,0,0,0,0,0,0,0,0,0,0,0,0,0,0,0,0,0,0,0,0,0,0,0,0,0,0,0,0,0,0,0,0,0</bondEncode>
      <blockID>0</blockID>
      <nbond>25</nbond>
      <sbond>0</sbond>
      <dbond>0</dbond>
      <tbond>0</tbond>
      <qbond>0</qbond>
      <bounce>0</bounce>
      <hardness>0</hardness>
      <slip>0</slip>
      <made>0</made>
      <device>computer</device>
    </block>
    <level>
      <finishedLevel>1</finishedLevel>
      <time>Wed Jan 09 2013 12:15:04 GMT-0600 (CST)</time>
      <tilesRemoved>0</tilesRemoved>
      <timeToFinish>61.468000000001</timeToFinish>
      <status>quit</status>
    </level>
  </type>
  <type>
    <block>
      <time>Wed Jan 09 2013 12:16:08 GMT-0600 (CST)</time>
      <bondEncode>0,0,0,0,0,0,0,0,0,0,0,0,0,0,0,0,0,0,0,0,0,0,0,0,0,0,0,0,0,0,0,0,0,0,0,0,0,0,0,0</bondEncode>
      <blockID>0</blockID>
      <nbond>25</nbond>
      <sbond>0</sbond>
      <dbond>0</dbond>
      <tbond>0</tbond>
      <qbond>0</qbond>
      <bounce>0</bounce>
      <hardness>0</hardness>
      <slip>0</slip>
      <made>0</made>
      <device>computer</device>
    </block>
    <level>
      <finishedLevel>1</finishedLevel>
      <time>Wed Jan 09 2013 12:16:08 GMT-0600 (CST)</time>
      <tilesRemoved>0</tilesRemoved>
      <timeToFinish>108.456</timeToFinish>
      <status>quit</status>
    </level>
  </type>
  <type>
    <block>
      <time>Wed Jan 09 2013 12:19:39 GMT-0600 (CST)</time>
      <bondEncode>0,0,0,0,0,0,0,0,0,0,0,0,0,0,0,0,0,0,0,0,0,0,0,0,0,0,0,0,0,0,0,0,0,0,0,0,0,0,0,0</bondEncode>
      <blockID>0</blockID>
      <nbond>25</nbond>
      <sbond>0</sbond>
      <dbond>0</dbond>
      <tbond>0</tbond>
      <qbond>0</qbond>
      <bounce>0</bounce>
      <hardness>0</hardness>
      <slip>0</slip>
      <made>8</made>
      <device>computer</device>
    </block>
    <block>
      <time>Wed Jan 09 2013 12:25:57 GMT-0600 (CST)</time>
      <bondEncode>1,1,1,1,0,0,0,0,0,0,0,0,0,0,0,0,0,0,0,0,0,0,0,0,0,0,0,0,0,0,0,0,0,0,0,0,0,0,0,0</bondEncode>
      <blockID>1</blockID>
      <nbond>20</nbond>
      <sbond>2</sbond>
      <dbond>3</dbond>
      <tbond>0</tbond>
      <qbond>0</qbond>
      <bounce>0</bounce>
      <hardness>0.0125</hardness>
      <slip>0.1625</slip>
      <made>0</made>
      <device>computer</device>
    </block>
    <level>
      <finishedLevel>1</finishedLevel>
      <time>Wed Jan 09 2013 12:25:57 GMT-0600 (CST)</time>
      <tilesRemoved>0</tilesRemoved>
      <timeToFinish>17.695</timeToFinish>
      <status>complete</status>
    </level>
  </type>
  <type>
    <block>
      <time>Wed Jan 09 2013 12:26:00 GMT-0600 (CST)</time>
      <bondEncode>1,1,1,1,0,0,0,0,0,0,0,0,0,0,0,0,0,0,0,0,0,0,0,0,0,0,0,0,0,0,0,0,0,0,0,0,0,0,0,0</bondEncode>
      <blockID>1</blockID>
      <nbond>20</nbond>
      <sbond>2</sbond>
      <dbond>3</dbond>
      <tbond>0</tbond>
      <qbond>0</qbond>
      <bounce>0</bounce>
      <hardness>0.0125</hardness>
      <slip>0.1625</slip>
      <made>0</made>
      <device>computer</device>
    </block>
    <level>
      <finishedLevel>2</finishedLevel>
      <time>Wed Jan 09 2013 12:26:00 GMT-0600 (CST)</time>
      <tilesRemoved>0</tilesRemoved>
      <timeToFinish>300.90099999996</timeToFinish>
      <status>quit</status>
    </level>
  </type>
  <type>
    <block>
      <time>Wed Jan 09 2013 12:38:12 GMT-0600 (CST)</time>
      <bondEncode>0,0,0,0,0,0,0,0,0,0,0,0,0,0,0,0,0,0,0,0,0,0,0,0,0,0,0,0,0,0,0,0,0,0,0,0,0,0,0,0</bondEncode>
      <blockID>0</blockID>
      <nbond>25</nbond>
      <sbond>0</sbond>
      <dbond>0</dbond>
      <tbond>0</tbond>
      <qbond>0</qbond>
      <bounce>0</bounce>
      <hardness>0</hardness>
      <slip>0</slip>
      <made>0</made>
      <device>computer</device>
    </block>
    <block>
      <time>Wed Jan 09 2013 14:05:16 GMT-0600 (CST)</time>
      <bondEncode>1,0,1,1,0,0,0,0,0,0,0,0,0,0,0,0,0,0,0,0,0,0,0,0,0,0,0,0,0,0,0,0,0,0,0,0,0,0,0,0</bondEncode>
      <blockID>1</blockID>
      <nbond>17</nbond>
      <sbond>6</sbond>
      <dbond>2</dbond>
      <tbond>0</tbond>
      <qbond>0</qbond>
      <bounce>0</bounce>
      <hardness>0.0083333333333333</hardness>
      <slip>0.225</slip>
      <made>0</made>
      <device>computer</device>
    </block>
    <block>
      <time>Wed Jan 09 2013 14:12:23 GMT-0600 (CST)</time>
      <bondEncode>1,1,1,1,1,0,0,0,0,0,0,0,0,0,0,0,0,0,0,0,1,0,1,1,1,0,0,0,0,0,0,0,0,0,0,0,0,0,0,0</bondEncode>
      <blockID>2</blockID>
      <nbond>15</nbond>
      <sbond>0</sbond>
      <dbond>4</dbond>
      <tbond>6</tbond>
      <qbond>0</qbond>
      <bounce>0.36666666666667</bounce>
      <hardness>0.11666666666667</hardness>
      <slip>0.15</slip>
      <made>0</made>
      <device>computer</device>
    </block>
    <level>
      <finishedLevel>1</finishedLevel>
      <time>Wed Jan 09 2013 14:12:23 GMT-0600 (CST)</time>
      <tilesRemoved>0</tilesRemoved>
      <timeToFinish>143.445</timeToFinish>
      <status>quit</status>
    </level>
  </type>
  <type>
    <block>
      <time>Wed Jan 09 2013 16:37:40 GMT-0600 (CST)</time>
      <bondEncode>0,0,0,0,0,0,0,0,0,0,0,0,0,0,0,0,0,0,0,0,0,0,0,0,0,0,0,0,0,0,0,0,0,0,0,0,0,0,0,0</bondEncode>
      <blockID>0</blockID>
      <nbond>25</nbond>
      <sbond>0</sbond>
      <dbond>0</dbond>
      <tbond>0</tbond>
      <qbond>0</qbond>
      <bounce>0</bounce>
      <hardness>0</hardness>
      <slip>0</slip>
      <made>2</made>
      <device>computer</device>
    </block>
    <level>
      <finishedLevel>1</finishedLevel>
      <time>Wed Jan 09 2013 16:37:40 GMT-0600 (CST)</time>
      <tilesRemoved>0</tilesRemoved>
      <timeToFinish>6.797</timeToFinish>
      <status>quit</status>
    </level>
  </type>
</xml>
