<?xml version="1.0"?>
<xml>
  <type>
    <block>
      <time>Wed Jan 09 2013 16:41:19 GMT-0600 (CST)</time>
      <bondEncode>0,0,0,0,0,0,0,0,0,0,0,0,0,0,0,0,0,0,0,0,0,0,0,0,0,0,0,0,0,0,0,0,0,0,0,0,0,0,0,0</bondEncode>
      <blockID>0</blockID>
      <nbond>25</nbond>
      <sbond>0</sbond>
      <dbond>0</dbond>
      <tbond>0</tbond>
      <qbond>0</qbond>
      <bounce>0</bounce>
      <hardness>0</hardness>
      <slip>0</slip>
      <made>4</made>
      <device>computer</device>
    </block>
    <block>
      <time>Wed Jan 09 2013 16:41:33 GMT-0600 (CST)</time>
      <bondEncode>1,1,1,0,1,1,1,1,0,0,0,0,1,1,1,1,0,0,0,0,0,1,0,0,0,0,0,0,1,0,0,0,1,0,0,0,1,0,0,0</bondEncode>
      <blockID>1</blockID>
      <nbond>0</nbond>
      <sbond>10</sbond>
      <dbond>7</dbond>
      <tbond>8</tbond>
      <qbond>0</qbond>
      <bounce>0.42916666666667</bounce>
      <hardness>0.1625</hardness>
      <slip>0.5125</slip>
      <made>22</made>
      <device>computer</device>
    </block>
    <level>
      <finishedLevel>1</finishedLevel>
      <time>Wed Jan 09 2013 16:41:33 GMT-0600 (CST)</time>
      <tilesRemoved>2</tilesRemoved>
      <timeToFinish>49.631</timeToFinish>
      <status>quit</status>
    </level>
  </type>
</xml>
