<?xml version="1.0"?>
<xml>
  <type>
    <block>
      <time>Friday, January 04, 2013 7:16:22 PM</time>
      <bondEncode>0,0,0,0,0,0,0,0,0,0,0,0,0,0,0,0,0,0,0,0,0,0,0,0,0,0,0,0,0,0,0,0,0,0,0,0,0,0,0,0</bondEncode>
      <blockID>0</blockID>
      <nbond>25</nbond>
      <sbond>0</sbond>
      <dbond>0</dbond>
      <tbond>0</tbond>
      <qbond>0</qbond>
      <bounce>0</bounce>
      <hardness>0</hardness>
      <slip>0</slip>
      <made>0</made>
      <device>computer</device>
    </block>
    <block>
      <time>Friday, January 04, 2013 7:17:01 PM</time>
      <bondEncode>0,0,0,0,0,0,0,0,0,1,0,0,0,1,0,0,0,0,0,0,0,1,0,0,1,0,0,0,1,1,0,0,0,1,0,0,0,0,1,1</bondEncode>
      <blockID>1</blockID>
      <nbond>0</nbond>
      <sbond>14</sbond>
      <dbond>11</dbond>
      <tbond>0</tbond>
      <qbond>0</qbond>
      <bounce>0</bounce>
      <hardness>0.045833333333333</hardness>
      <slip>0.7625</slip>
      <made>32</made>
      <device>computer</device>
    </block>
    <block>
      <time>Friday, January 04, 2013 7:18:29 PM</time>
      <bondEncode>0,1,0,1,0,0,0,0,0,1,0,0,0,1,0,0,0,0,0,0,0,1,0,0,1,0,1,0,1,1,0,1,1,1,0,0,0,0,1,1</bondEncode>
      <blockID>2</blockID>
      <nbond>0</nbond>
      <sbond>3</sbond>
      <dbond>19</dbond>
      <tbond>3</tbond>
      <qbond>0</qbond>
      <bounce>0.35416666666667</bounce>
      <hardness>0.12916666666667</hardness>
      <slip>0.7875</slip>
      <made>26</made>
      <device>computer</device>
    </block>
    <block>
      <time>Friday, January 04, 2013 7:19:04 PM</time>
      <bondEncode>0,0,0,0,0,0,0,0,0,0,0,0,0,0,0,1,0,0,0,0,0,0,0,0,0,0,0,0,0,0,0,0,0,1,0,0,0,0,0,0</bondEncode>
      <blockID>3</blockID>
      <nbond>21</nbond>
      <sbond>0</sbond>
      <dbond>4</dbond>
      <tbond>0</tbond>
      <qbond>0</qbond>
      <bounce>0</bounce>
      <hardness>0.016666666666667</hardness>
      <slip>0.15</slip>
      <made>10</made>
      <device>computer</device>
    </block>
    <block>
      <time>Friday, January 04, 2013 7:19:56 PM</time>
      <bondEncode>1,1,1,1,0,0,0,0,0,0,0,0,0,0,0,1,0,0,0,0,0,0,1,0,0,0,0,1,0,0,0,0,0,1,0,0,0,0,0,0</bondEncode>
      <blockID>4</blockID>
      <nbond>12</nbond>
      <sbond>3</sbond>
      <dbond>7</dbond>
      <tbond>3</tbond>
      <qbond>0</qbond>
      <bounce>0.30416666666667</bounce>
      <hardness>0.079166666666667</hardness>
      <slip>0.3375</slip>
      <made>5</made>
      <device>computer</device>
    </block>
    <block>
      <time>Friday, January 04, 2013 7:20:15 PM</time>
      <bondEncode>1,1,1,1,0,0,0,0,0,0,0,0,0,0,0,0,1,1,1,1,0,0,1,0,0,0,0,1,0,0,0,0,1,1,0,0,0,1,0,0</bondEncode>
      <blockID>5</blockID>
      <nbond>6</nbond>
      <sbond>5</sbond>
      <dbond>10</dbond>
      <tbond>3</tbond>
      <qbond>1</qbond>
      <bounce>0.36666666666667</bounce>
      <hardness>0.14722222222222</hardness>
      <slip>0.5</slip>
      <made>26</made>
      <device>computer</device>
    </block>
    <block>
      <time>Friday, January 04, 2013 7:21:29 PM</time>
      <bondEncode>0,0,0,0,0,0,0,0,1,1,1,1,0,0,0,0,0,0,0,0,1,0,0,0,0,1,0,0,0,0,0,0,0,0,1,0,0,0,0,1</bondEncode>
      <blockID>6</blockID>
      <nbond>8</nbond>
      <sbond>2</sbond>
      <dbond>15</dbond>
      <tbond>0</tbond>
      <qbond>0</qbond>
      <bounce>0</bounce>
      <hardness>0.0625</hardness>
      <slip>0.6125</slip>
      <made>6</made>
      <device>computer</device>
    </block>
    <block>
      <time>Friday, January 04, 2013 7:22:02 PM</time>
      <bondEncode>0,0,0,0,0,0,0,0,1,1,0,0,0,0,0,0,0,0,0,0,1,0,0,0,0,1,0,0,0,0,0,0,1,0,0,0,0,1,0,0</bondEncode>
      <blockID>7</blockID>
      <nbond>12</nbond>
      <sbond>2</sbond>
      <dbond>11</dbond>
      <tbond>0</tbond>
      <qbond>0</qbond>
      <bounce>0</bounce>
      <hardness>0.045833333333333</hardness>
      <slip>0.4625</slip>
      <made>129</made>
      <device>computer</device>
    </block>
    <block>
      <time>Friday, January 04, 2013 7:24:07 PM</time>
      <bondEncode>0,0,0,0,0,0,0,0,0,0,0,0,0,0,0,0,0,0,0,0,1,0,0,0,0,1,0,0,0,0,0,0,0,0,1,0,0,0,0,1</bondEncode>
      <blockID>8</blockID>
      <nbond>11</nbond>
      <sbond>4</sbond>
      <dbond>10</dbond>
      <tbond>0</tbond>
      <qbond>0</qbond>
      <bounce>0</bounce>
      <hardness>0.041666666666667</hardness>
      <slip>0.475</slip>
      <made>16</made>
      <device>computer</device>
    </block>
    <level>
      <finishedLevel>1</finishedLevel>
      <time>Friday, January 04, 2013 7:24:07 PM</time>
      <tilesRemoved>47</tilesRemoved>
      <timeToFinish>485.89399999995</timeToFinish>
      <status>quit</status>
    </level>
  </type>
</xml>
