<?xml version="1.0"?>
<xml>
  <type>
    <block>
      <time>Wed Jan 09 2013 00:21:50 GMT 0200 (FLE Standard Time)</time>
      <bondEncode>0,0,0,0,0,0,0,0,0,0,0,0,0,0,0,0,0,0,0,0,0,0,0,0,0,0,0,0,0,0,0,0,0,0,0,0,0,0,0,0</bondEncode>
      <blockID>0</blockID>
      <nbond>25</nbond>
      <sbond>0</sbond>
      <dbond>0</dbond>
      <tbond>0</tbond>
      <qbond>0</qbond>
      <bounce>0</bounce>
      <hardness>0</hardness>
      <slip>0</slip>
      <made>20</made>
      <device>computer</device>
    </block>
    <level>
      <finishedLevel>1</finishedLevel>
      <time>Wed Jan 09 2013 00:21:50 GMT 0200 (FLE Standard Time)</time>
      <tilesRemoved>5</tilesRemoved>
      <timeToFinish>82.963000000001</timeToFinish>
      <status>quit</status>
    </level>
  </type>
</xml>
