<?xml version="1.0"?>
<xml>
  <type>
    <block>
      <time>Wed Jan 09 2013 16:44:24 GMT-0600 (CST)</time>
      <bondEncode>0,0,0,0,0,0,0,0,0,0,0,0,0,0,0,0,0,0,0,0,0,0,0,0,0,0,0,0,0,0,0,0,0,0,0,0,0,0,0,0</bondEncode>
      <blockID>0</blockID>
      <nbond>25</nbond>
      <sbond>0</sbond>
      <dbond>0</dbond>
      <tbond>0</tbond>
      <qbond>0</qbond>
      <bounce>0</bounce>
      <hardness>0</hardness>
      <slip>0</slip>
      <made>10</made>
      <device>computer</device>
    </block>
    <block>
      <time>Wed Jan 09 2013 16:44:30 GMT-0600 (CST)</time>
      <bondEncode>1,1,1,1,0,0,0,0,0,0,0,0,0,0,0,0,0,0,0,0,0,0,0,0,1,0,0,0,0,0,0,0,0,0,0,0,0,0,0,0</bondEncode>
      <blockID>1</blockID>
      <nbond>15</nbond>
      <sbond>2</sbond>
      <dbond>8</dbond>
      <tbond>0</tbond>
      <qbond>0</qbond>
      <bounce>0</bounce>
      <hardness>0.033333333333333</hardness>
      <slip>0.35</slip>
      <made>0</made>
      <device>computer</device>
    </block>
    <block>
      <time>Wed Jan 09 2013 16:44:34 GMT-0600 (CST)</time>
      <bondEncode>0,0,0,0,0,0,1,0,0,0,0,0,0,0,0,0,0,0,0,0,0,0,0,0,0,0,0,0,1,0,0,0,0,0,0,0,0,0,0,0</bondEncode>
      <blockID>2</blockID>
      <nbond>20</nbond>
      <sbond>1</sbond>
      <dbond>3</dbond>
      <tbond>1</tbond>
      <qbond>0</qbond>
      <bounce>0</bounce>
      <hardness>0.029166666666667</hardness>
      <slip>0.1375</slip>
      <made>0</made>
      <device>computer</device>
    </block>
    <block>
      <time>Wed Jan 09 2013 16:44:36 GMT-0600 (CST)</time>
      <bondEncode>1,1,1,1,0,0,0,0,0,0,0,0,0,0,0,0,0,0,0,0,0,0,0,0,1,0,0,0,0,0,0,0,0,0,0,0,0,0,0,0</bondEncode>
      <blockID>3</blockID>
      <nbond>15</nbond>
      <sbond>2</sbond>
      <dbond>8</dbond>
      <tbond>0</tbond>
      <qbond>0</qbond>
      <bounce>0</bounce>
      <hardness>0.033333333333333</hardness>
      <slip>0.35</slip>
      <made>0</made>
      <device>computer</device>
    </block>
    <level>
      <finishedLevel>1</finishedLevel>
      <time>Wed Jan 09 2013 16:44:36 GMT-0600 (CST)</time>
      <tilesRemoved>0</tilesRemoved>
      <timeToFinish>14.576999999999</timeToFinish>
      <status>quit</status>
    </level>
  </type>
</xml>
