<?xml version="1.0"?>
<xml>
  <type>
    <block>
      <time>1/14/2013 8:15:41 PM</time>
      <bondEncode>0,0,0,0,0,0,0,0,0,0,0,0,0,0,0,0,0,0,0,0,0,0,0,0,0,0,0,0,0,0,0,0,0,0,0,0,0,0,0,0</bondEncode>
      <blockID>0</blockID>
      <nbond>25</nbond>
      <sbond>0</sbond>
      <dbond>0</dbond>
      <tbond>0</tbond>
      <qbond>0</qbond>
      <bounce>0</bounce>
      <hardness>0</hardness>
      <slip>0</slip>
      <made>28</made>
      <device>computer</device>
    </block>
    <block>
      <time>1/14/2013 8:16:58 PM</time>
      <bondEncode>0,0,1,0,0,0,0,0,0,0,0,0,0,0,1,0,0,0,0,0,0,0,0,1,1,0,0,0,0,0,0,0,1,0,1,0,0,0,1,0</bondEncode>
      <blockID>1</blockID>
      <nbond>9</nbond>
      <sbond>2</sbond>
      <dbond>9</dbond>
      <tbond>4</tbond>
      <qbond>1</qbond>
      <bounce>0.3875</bounce>
      <hardness>0.15972222222222</hardness>
      <slip>0.3875</slip>
      <made>16</made>
      <device>computer</device>
    </block>
    <level>
      <finishedLevel>1</finishedLevel>
      <time>1/14/2013 8:16:58 PM</time>
      <tilesRemoved>11</tilesRemoved>
      <timeToFinish>109.967</timeToFinish>
      <status>quit</status>
    </level>
  </type>
</xml>
