<?xml version="1.0"?>
<xml>
  <type>
    <block>
      <time>Thursday, January 24, 2013 8:22:22 PM</time>
      <bondEncode>0,0,0,0,0,0,0,0,0,0,0,0,0,0,0,0,0,0,0,0,0,0,0,0,0,0,0,0,0,0,0,0,0,0,0,0,0,0,0,0</bondEncode>
      <blockID>0</blockID>
      <nbond>25</nbond>
      <sbond>0</sbond>
      <dbond>0</dbond>
      <tbond>0</tbond>
      <qbond>0</qbond>
      <bounce>0</bounce>
      <hardness>0</hardness>
      <slip>0</slip>
      <made>0</made>
      <device>computer</device>
    </block>
    <level>
      <finishedLevel>1</finishedLevel>
      <time>Thursday, January 24, 2013 8:22:22 PM</time>
      <tilesRemoved>0</tilesRemoved>
      <timeToFinish>73.442000000001</timeToFinish>
      <status>quit</status>
    </level>
  </type>
  <type>
    <block>
      <time>Friday, January 25, 2013 12:37:53 AM</time>
      <bondEncode>0,0,0,0,0,0,0,0,0,0,0,0,0,0,0,0,0,0,0,0,0,0,0,0,0,0,0,0,0,0,0,0,0,0,0,0,0,0,0,0</bondEncode>
      <blockID>0</blockID>
      <nbond>25</nbond>
      <sbond>0</sbond>
      <dbond>0</dbond>
      <tbond>0</tbond>
      <qbond>0</qbond>
      <bounce>0</bounce>
      <hardness>0</hardness>
      <slip>0</slip>
      <made>0</made>
      <device>computer</device>
    </block>
    <level>
      <finishedLevel>1</finishedLevel>
      <time>Friday, January 25, 2013 12:37:53 AM</time>
      <tilesRemoved>0</tilesRemoved>
      <timeToFinish>5.698</timeToFinish>
      <status>quit</status>
    </level>
  </type>
</xml>
