<?xml version="1.0"?>
<xml>
  <type>
    <block>
      <time>2/14/2013 3:56:53 PM</time>
      <bondEncode>0,0,0,0,0,0,0,0,0,0,0,0,0,0,0,0,0,0,0,0,0,0,0,0,0,0,0,0,0,0,0,0,0,0,0,0,0,0,0,0</bondEncode>
      <blockID>0</blockID>
      <nbond>25</nbond>
      <sbond>0</sbond>
      <dbond>0</dbond>
      <tbond>0</tbond>
      <qbond>0</qbond>
      <bounce>0</bounce>
      <hardness>0</hardness>
      <slip>0</slip>
      <made>4</made>
      <device>computer</device>
    </block>
    <block>
      <time>2/14/2013 3:57:04 PM</time>
      <bondEncode>1,0,0,0,0,0,0,0,0,0,0,0,0,0,0,0,0,0,0,0,0,0,0,0,0,0,0,0,0,0,0,0,0,0,0,0,0,0,0,0</bondEncode>
      <blockID>1</blockID>
      <nbond>23</nbond>
      <sbond>2</sbond>
      <dbond>0</dbond>
      <tbond>0</tbond>
      <qbond>0</qbond>
      <bounce>0</bounce>
      <hardness>0</hardness>
      <slip>0.05</slip>
      <made>0</made>
      <device>computer</device>
    </block>
    <level>
      <finishedLevel>1</finishedLevel>
      <time>2/14/2013 3:57:04 PM</time>
      <tilesRemoved>4</tilesRemoved>
      <timeToFinish>13.715</timeToFinish>
      <status>quit</status>
    </level>
  </type>
  <type>
    <block>
      <time>3/8/2013 3:56:58 PM</time>
      <bondEncode>0,0,0,0,0,0,0,0,0,0,0,0,0,0,0,0,0,0,0,0,0,0,0,0,0,0,0,0,0,0,0,0,0,0,0,0,0,0,0,0</bondEncode>
      <blockID>0</blockID>
      <nbond>25</nbond>
      <sbond>0</sbond>
      <dbond>0</dbond>
      <tbond>0</tbond>
      <qbond>0</qbond>
      <bounce>0</bounce>
      <hardness>0</hardness>
      <slip>0</slip>
      <made>0</made>
      <device>computer</device>
    </block>
    <block>
      <time>3/8/2013 3:57:11 PM</time>
      <bondEncode>1,1,1,0,0,0,0,0,0,0,0,0,0,0,0,0,0,0,0,0,0,0,0,0,0,0,0,0,0,0,0,0,0,0,0,0,0,0,0,0</bondEncode>
      <blockID>1</blockID>
      <nbond>18</nbond>
      <sbond>4</sbond>
      <dbond>3</dbond>
      <tbond>0</tbond>
      <qbond>0</qbond>
      <bounce>0</bounce>
      <hardness>0.0125</hardness>
      <slip>0.2125</slip>
      <made>0</made>
      <device>computer</device>
    </block>
    <level>
      <finishedLevel>1</finishedLevel>
      <time>3/8/2013 3:57:11 PM</time>
      <tilesRemoved>0</tilesRemoved>
      <timeToFinish>15.532</timeToFinish>
      <status>quit</status>
    </level>
  </type>
  <type>
    <block>
      <time>3/8/2013 3:57:18 PM</time>
      <bondEncode>0,0,0,0,0,0,0,0,0,0,0,0,0,0,0,0,0,0,0,0,0,0,0,0,0,0,0,0,0,0,0,0,0,0,0,0,0,0,0,0</bondEncode>
      <blockID>0</blockID>
      <nbond>25</nbond>
      <sbond>0</sbond>
      <dbond>0</dbond>
      <tbond>0</tbond>
      <qbond>0</qbond>
      <bounce>0</bounce>
      <hardness>0</hardness>
      <slip>0</slip>
      <made>0</made>
      <device>computer</device>
    </block>
    <level>
      <finishedLevel>1</finishedLevel>
      <time>3/8/2013 3:57:18 PM</time>
      <tilesRemoved>0</tilesRemoved>
      <timeToFinish>4.355</timeToFinish>
      <status>quit</status>
    </level>
  </type>
  <type>
    <block>
      <time>3/13/2013 2:33:39 PM</time>
      <bondEncode>0,0,0,0,0,0,0,0,0,0,0,0,0,0,0,0,0,0,0,0,0,0,0,0,0,0,0,0,0,0,0,0,0,0,0,0,0,0,0,0</bondEncode>
      <blockID>0</blockID>
      <nbond>25</nbond>
      <sbond>0</sbond>
      <dbond>0</dbond>
      <tbond>0</tbond>
      <qbond>0</qbond>
      <bounce>0</bounce>
      <hardness>0</hardness>
      <slip>0</slip>
      <made>0</made>
      <device>computer</device>
    </block>
    <level>
      <finishedLevel>1</finishedLevel>
      <time>3/13/2013 2:33:39 PM</time>
      <tilesRemoved>0</tilesRemoved>
      <timeToFinish>3.656</timeToFinish>
      <status>quit</status>
    </level>
  </type>
  <type>
    <block>
      <time>3/14/2013 10:05:12 AM</time>
      <bondEncode>0,0,0,0,0,0,0,0,0,0,0,0,0,0,0,0,0,0,0,0,0,0,0,0,0,0,0,0,0,0,0,0,0,0,0,0,0,0,0,0</bondEncode>
      <blockID>0</blockID>
      <nbond>25</nbond>
      <sbond>0</sbond>
      <dbond>0</dbond>
      <tbond>0</tbond>
      <qbond>0</qbond>
      <bounce>0</bounce>
      <hardness>0</hardness>
      <slip>0</slip>
      <made>0</made>
      <device>computer</device>
    </block>
    <level>
      <finishedLevel>1</finishedLevel>
      <time>3/14/2013 10:05:12 AM</time>
      <tilesRemoved>0</tilesRemoved>
      <timeToFinish>94.470000000001</timeToFinish>
      <status>quit</status>
    </level>
  </type>
  <type>
    <block>
      <time>3/28/2013 1:35:01 PM</time>
      <bondEncode>0,0,0,0,0,0,0,0,0,0,0,0,0,0,0,0,0,0,0,0,0,0,0,0,0,0,0,0,0,0,0,0,0,0,0,0,0,0,0,0</bondEncode>
      <blockID>0</blockID>
      <nbond>25</nbond>
      <sbond>0</sbond>
      <dbond>0</dbond>
      <tbond>0</tbond>
      <qbond>0</qbond>
      <bounce>0</bounce>
      <hardness>0</hardness>
      <slip>0</slip>
      <made>14</made>
      <device>computer</device>
    </block>
    <block>
      <time>3/28/2013 1:35:19 PM</time>
      <bondEncode>1,1,1,1,0,0,0,0,1,1,1,1,0,0,0,0,1,1,1,1,0,0,0,0,0,0,0,0,0,0,0,0,0,0,0,0,0,0,0,0</bondEncode>
      <blockID>1</blockID>
      <nbond>0</nbond>
      <sbond>10</sbond>
      <dbond>15</dbond>
      <tbond>0</tbond>
      <qbond>0</qbond>
      <bounce>15</bounce>
      <hardness>15</hardness>
      <slip>45</slip>
      <made>2</made>
      <device>computer</device>
    </block>
    <block>
      <time>3/28/2013 1:35:27 PM</time>
      <bondEncode>1,1,1,1,0,0,0,0,1,1,1,1,0,0,0,0,1,1,1,1,0,0,1,0,0,0,1,0,0,0,0,0,1,0,0,0,0,0,1,0</bondEncode>
      <blockID>2</blockID>
      <nbond>0</nbond>
      <sbond>10</sbond>
      <dbond>7</dbond>
      <tbond>8</tbond>
      <qbond>0</qbond>
      <bounce>31</bounce>
      <hardness>15</hardness>
      <slip>5</slip>
      <made>4</made>
      <device>computer</device>
    </block>
    <block>
      <time>3/28/2013 1:35:38 PM</time>
      <bondEncode>1,1,1,1,0,0,0,0,1,1,1,1,0,0,0,0,1,1,1,1,0,0,0,0,0,0,0,0,0,0,0,0,0,0,0,0,0,0,0,0</bondEncode>
      <blockID>3</blockID>
      <nbond>0</nbond>
      <sbond>10</sbond>
      <dbond>15</dbond>
      <tbond>0</tbond>
      <qbond>0</qbond>
      <bounce>15</bounce>
      <hardness>15</hardness>
      <slip>45</slip>
      <made>6</made>
      <device>computer</device>
    </block>
    <block>
      <time>3/28/2013 1:35:54 PM</time>
      <bondEncode>1,1,1,1,0,0,0,0,1,1,1,1,0,0,0,0,1,1,1,1,0,0,1,0,0,0,0,1,0,0,0,0,1,0,0,0,0,1,0,0</bondEncode>
      <blockID>4</blockID>
      <nbond>0</nbond>
      <sbond>10</sbond>
      <dbond>10</dbond>
      <tbond>2</tbond>
      <qbond>3</qbond>
      <bounce>19</bounce>
      <hardness>21</hardness>
      <slip>17</slip>
      <made>2</made>
      <device>computer</device>
    </block>
    <block>
      <time>3/28/2013 1:35:59 PM</time>
      <bondEncode>1,1,1,1,0,0,0,0,1,1,1,1,0,0,0,0,1,1,1,1,0,1,1,0,0,0,1,1,0,0,0,1,1,0,0,0,1,1,0,0</bondEncode>
      <blockID>5</blockID>
      <nbond>0</nbond>
      <sbond>10</sbond>
      <dbond>5</dbond>
      <tbond>4</tbond>
      <qbond>6</qbond>
      <bounce>23</bounce>
      <hardness>27</hardness>
      <slip>-11</slip>
      <made>2</made>
      <device>computer</device>
    </block>
    <block>
      <time>3/28/2013 1:36:03 PM</time>
      <bondEncode>1,1,1,1,0,0,0,0,1,1,1,1,0,0,0,0,1,1,1,1,0,1,1,1,0,0,1,1,1,0,0,1,1,1,0,0,1,1,1,0</bondEncode>
      <blockID>6</blockID>
      <nbond>0</nbond>
      <sbond>10</sbond>
      <dbond>0</dbond>
      <tbond>6</tbond>
      <qbond>9</qbond>
      <bounce>0</bounce>
      <hardness>33</hardness>
      <slip>-39</slip>
      <made>2</made>
      <device>computer</device>
    </block>
    <block>
      <time>3/28/2013 1:36:15 PM</time>
      <bondEncode>1,1,1,1,0,0,0,0,1,1,1,1,0,0,0,0,1,1,1,1,0,1,0,1,0,1,0,0,0,1,0,1,0,1,0,0,1,1,1,0</bondEncode>
      <blockID>7</blockID>
      <nbond>0</nbond>
      <sbond>6</sbond>
      <dbond>7</dbond>
      <tbond>10</tbond>
      <qbond>2</qbond>
      <bounce>39</bounce>
      <hardness>23</hardness>
      <slip>-5</slip>
      <made>4</made>
      <device>computer</device>
    </block>
    <level>
      <finishedLevel>1</finishedLevel>
      <time>3/28/2013 1:36:15 PM</time>
      <tilesRemoved>0</tilesRemoved>
      <timeToFinish>86.079000000001</timeToFinish>
      <status>quit</status>
    </level>
  </type>
</xml>
