<?xml version="1.0"?>
<xml>
  <type>
    <block>
      <time>Thu Jan 24 2013 19:06:25 GMT-0600 (Central Standard Time)</time>
      <bondEncode>0,0,0,0,0,0,0,0,0,0,0,0,0,0,0,0,0,0,0,0,0,0,0,0,0,0,0,0,0,0,0,0,0,0,0,0,0,0,0,0</bondEncode>
      <blockID>0</blockID>
      <nbond>25</nbond>
      <sbond>0</sbond>
      <dbond>0</dbond>
      <tbond>0</tbond>
      <qbond>0</qbond>
      <bounce>0</bounce>
      <hardness>0</hardness>
      <slip>0</slip>
      <made>0</made>
      <device>computer</device>
    </block>
    <block>
      <time>Thu Jan 24 2013 19:06:45 GMT-0600 (Central Standard Time)</time>
      <bondEncode>0,0,0,0,0,1,0,0,0,0,0,0,0,0,0,0,0,0,0,0,0,0,0,0,0,0,0,0,0,0,0,0,0,0,0,0,0,0,0,0</bondEncode>
      <blockID>1</blockID>
      <nbond>18</nbond>
      <sbond>6</sbond>
      <dbond>1</dbond>
      <tbond>0</tbond>
      <qbond>0</qbond>
      <bounce>0</bounce>
      <hardness>0.0041666666666667</hardness>
      <slip>0.1875</slip>
      <made>0</made>
      <device>computer</device>
    </block>
    <block>
      <time>Thu Jan 24 2013 19:07:04 GMT-0600 (Central Standard Time)</time>
      <bondEncode>0,0,0,0,0,0,0,0,0,0,0,0,0,0,0,0,0,0,0,0,0,0,0,1,0,0,0,0,1,0,0,0,0,1,0,0,0,0,0,0</bondEncode>
      <blockID>2</blockID>
      <nbond>17</nbond>
      <sbond>2</sbond>
      <dbond>6</dbond>
      <tbond>0</tbond>
      <qbond>0</qbond>
      <bounce>0</bounce>
      <hardness>0.025</hardness>
      <slip>0.275</slip>
      <made>28</made>
      <device>computer</device>
    </block>
    <level>
      <finishedLevel>1</finishedLevel>
      <time>Thu Jan 24 2013 19:07:04 GMT-0600 (Central Standard Time)</time>
      <tilesRemoved>7</tilesRemoved>
      <timeToFinish>118.79499999998</timeToFinish>
      <status>quit</status>
    </level>
  </type>
</xml>
