<?xml version="1.0"?>
<xml>
  <type>
    <block>
      <time>1/28/2013 10:57:14 AM</time>
      <bondEncode>0,0,0,0,0,0,0,0,0,0,0,0,0,0,0,0,0,0,0,0,0,0,0,0,0,0,0,0,0,0,0,0,0,0,0,0,0,0,0,0</bondEncode>
      <blockID>0</blockID>
      <nbond>25</nbond>
      <sbond>0</sbond>
      <dbond>0</dbond>
      <tbond>0</tbond>
      <qbond>0</qbond>
      <bounce>0</bounce>
      <hardness>0</hardness>
      <slip>0</slip>
      <made>35</made>
      <device>computer</device>
    </block>
    <block>
      <time>1/28/2013 10:58:46 AM</time>
      <bondEncode>0,0,0,0,0,0,0,0,1,1,1,1,0,0,0,0,0,0,0,0,0,0,0,0,0,0,0,0,0,0,0,0,0,0,0,0,0,0,0,0</bondEncode>
      <blockID>1</blockID>
      <nbond>20</nbond>
      <sbond>2</sbond>
      <dbond>3</dbond>
      <tbond>0</tbond>
      <qbond>0</qbond>
      <bounce>0</bounce>
      <hardness>0.0125</hardness>
      <slip>0.1625</slip>
      <made>28</made>
      <device>computer</device>
    </block>
    <block>
      <time>1/28/2013 10:59:13 AM</time>
      <bondEncode>0,0,0,0,0,0,0,0,1,1,1,1,0,0,0,0,0,0,0,0,0,0,1,0,0,0,0,1,0,0,0,0,1,0,0,0,0,1,0,0</bondEncode>
      <blockID>2</blockID>
      <nbond>16</nbond>
      <sbond>4</sbond>
      <dbond>4</dbond>
      <tbond>0</tbond>
      <qbond>1</qbond>
      <bounce>0</bounce>
      <hardness>0.072222222222222</hardness>
      <slip>0.25</slip>
      <made>30</made>
      <device>computer</device>
    </block>
    <level>
      <finishedLevel>1</finishedLevel>
      <time>1/28/2013 10:59:13 AM</time>
      <tilesRemoved>41</tilesRemoved>
      <timeToFinish>171.03499999999</timeToFinish>
      <status>quit</status>
    </level>
  </type>
</xml>
