<?xml version="1.0"?>
<xml>
  <type>
    <block>
      <time>Fri Feb 15 15:57:52 2013</time>
      <bondEncode>0,0,0,0,0,0,0,0,0,0,0,0,0,0,0,0,0,0,0,0,0,0,0,0,0,0,0,0,0,0,0,0,0,0,0,0,0,0,0,0</bondEncode>
      <blockID>0</blockID>
      <nbond>25</nbond>
      <sbond>0</sbond>
      <dbond>0</dbond>
      <tbond>0</tbond>
      <qbond>0</qbond>
      <bounce>0</bounce>
      <hardness>0</hardness>
      <slip>0</slip>
      <made>0</made>
      <device>computer</device>
    </block>
    <block>
      <time>Fri Feb 15 15:58:24 2013</time>
      <bondEncode>0,0,0,0,0,0,0,0,0,0,0,0,0,0,0,0,0,0,0,0,0,1,0,1,0,0,1,0,1,0,0,1,0,0,0,0,0,0,0,0</bondEncode>
      <blockID>1</blockID>
      <nbond>14</nbond>
      <sbond>2</sbond>
      <dbond>9</dbond>
      <tbond>0</tbond>
      <qbond>0</qbond>
      <bounce>0</bounce>
      <hardness>0.0375</hardness>
      <slip>0.3875</slip>
      <made>8</made>
      <device>computer</device>
    </block>
    <level>
      <finishedLevel>1</finishedLevel>
      <time>Fri Feb 15 15:58:24 2013</time>
      <tilesRemoved>4</tilesRemoved>
      <timeToFinish>782.93900000013</timeToFinish>
      <status>quit</status>
    </level>
  </type>
</xml>
