<?xml version="1.0"?>
<xml>
  <type>
    <block>
      <time>February 20, 2013, 3:47:13 PM CST</time>
      <bondEncode>0,0,0,0,0,0,0,0,0,0,0,0,0,0,0,0,0,0,0,0,0,0,0,0,0,0,0,0,0,0,0,0,0,0,0,0,0,0,0,0</bondEncode>
      <blockID>0</blockID>
      <nbond>25</nbond>
      <sbond>0</sbond>
      <dbond>0</dbond>
      <tbond>0</tbond>
      <qbond>0</qbond>
      <bounce>0</bounce>
      <hardness>0</hardness>
      <slip>0</slip>
      <made>12</made>
      <device>iPad</device>
    </block>
    <block>
      <time>February 20, 2013, 3:51:08 PM CST</time>
      <bondEncode>1,1,1,1,0,1,1,1,0,1,1,1,0,1,1,1,0,1,0,0,0,0,0,0,1,0,1,0,1,1,0,1,1,1,1,0,1,1,1,1</bondEncode>
      <blockID>1</blockID>
      <nbond>0</nbond>
      <sbond>0</sbond>
      <dbond>5</dbond>
      <tbond>12</tbond>
      <qbond>8</qbond>
      <bounce>0</bounce>
      <hardness>0.66527777777778</hardness>
      <slip>0.1875</slip>
      <made>23</made>
      <device>iPad</device>
    </block>
    <block>
      <time>February 20, 2013, 3:53:23 PM CST</time>
      <bondEncode>1,0,0,0,0,0,0,0,1,1,1,1,0,0,0,0,1,1,1,1,0,0,0,0,0,0,0,0,0,0,0,0,0,0,0,0,0,0,0,0</bondEncode>
      <blockID>2</blockID>
      <nbond>10</nbond>
      <sbond>6</sbond>
      <dbond>9</dbond>
      <tbond>0</tbond>
      <qbond>0</qbond>
      <bounce>0</bounce>
      <hardness>0.0375</hardness>
      <slip>0.4875</slip>
      <made>6</made>
      <device>iPad</device>
    </block>
    <block>
      <time>February 20, 2013, 3:53:54 PM CST</time>
      <bondEncode>1,1,1,1,0,1,1,1,0,1,1,1,0,1,1,1,0,1,0,0,0,0,0,0,1,0,1,0,1,1,0,1,1,1,1,0,1,1,1,1</bondEncode>
      <blockID>3</blockID>
      <nbond>0</nbond>
      <sbond>0</sbond>
      <dbond>5</dbond>
      <tbond>12</tbond>
      <qbond>8</qbond>
      <bounce>0</bounce>
      <hardness>0.66527777777778</hardness>
      <slip>0.1875</slip>
      <made>154</made>
      <device>iPad</device>
    </block>
    <block>
      <time>February 20, 2013, 3:59:41 PM CST</time>
      <bondEncode>1,0,0,0,0,0,0,0,1,1,1,1,0,0,0,0,1,1,1,1,0,0,0,0,0,0,0,0,0,0,0,0,0,0,0,0,0,0,0,0</bondEncode>
      <blockID>4</blockID>
      <nbond>10</nbond>
      <sbond>6</sbond>
      <dbond>9</dbond>
      <tbond>0</tbond>
      <qbond>0</qbond>
      <bounce>0</bounce>
      <hardness>0.0375</hardness>
      <slip>0.4875</slip>
      <made>12</made>
      <device>iPad</device>
    </block>
    <block>
      <time>February 20, 2013, 4:00:16 PM CST</time>
      <bondEncode>1,0,0,0,0,0,0,0,1,1,1,1,1,0,1,1,1,1,1,1,0,0,0,0,0,0,0,0,0,0,0,0,0,0,0,0,0,0,0,0</bondEncode>
      <blockID>5</blockID>
      <nbond>0</nbond>
      <sbond>12</sbond>
      <dbond>13</dbond>
      <tbond>0</tbond>
      <qbond>0</qbond>
      <bounce>0</bounce>
      <hardness>0.054166666666667</hardness>
      <slip>0.7875</slip>
      <made>7</made>
      <device>iPad</device>
    </block>
    <block>
      <time>February 20, 2013, 4:00:37 PM CST</time>
      <bondEncode>1,1,1,1,0,1,1,1,0,1,1,1,0,1,1,1,0,1,0,0,0,0,0,0,1,0,1,0,1,1,0,1,1,1,1,0,1,1,1,1</bondEncode>
      <blockID>6</blockID>
      <nbond>0</nbond>
      <sbond>0</sbond>
      <dbond>5</dbond>
      <tbond>12</tbond>
      <qbond>8</qbond>
      <bounce>0</bounce>
      <hardness>0.66527777777778</hardness>
      <slip>0.1875</slip>
      <made>171</made>
      <device>iPad</device>
    </block>
    <block>
      <time>February 20, 2013, 4:05:58 PM CST</time>
      <bondEncode>0,1,1,0,1,0,0,0,0,1,1,0,1,0,0,1,0,1,0,0,0,0,0,0,0,0,0,0,0,0,0,0,0,0,0,0,0,0,0,0</bondEncode>
      <blockID>7</blockID>
      <nbond>8</nbond>
      <sbond>14</sbond>
      <dbond>3</dbond>
      <tbond>0</tbond>
      <qbond>0</qbond>
      <bounce>0</bounce>
      <hardness>0.0125</hardness>
      <slip>0.4625</slip>
      <made>4</made>
      <device>iPad</device>
    </block>
    <block>
      <time>February 20, 2013, 4:06:51 PM CST</time>
      <bondEncode>0,1,1,0,1,0,0,0,0,1,1,0,1,0,0,1,0,1,1,0,0,0,0,0,0,0,0,0,0,0,0,0,0,0,0,0,0,0,0,0</bondEncode>
      <blockID>8</blockID>
      <nbond>6</nbond>
      <sbond>10</sbond>
      <dbond>9</dbond>
      <tbond>0</tbond>
      <qbond>0</qbond>
      <bounce>0</bounce>
      <hardness>0.0375</hardness>
      <slip>0.5875</slip>
      <made>2</made>
      <device>iPad</device>
    </block>
    <block>
      <time>February 20, 2013, 4:07:42 PM CST</time>
      <bondEncode>0,0,0,0,1,0,1,1,1,1,0,0,1,1,1,1,0,0,0,0,0,0,0,0,0,0,0,0,0,0,0,0,0,0,0,1,0,1,0,1</bondEncode>
      <blockID>9</blockID>
      <nbond>4</nbond>
      <sbond>8</sbond>
      <dbond>11</dbond>
      <tbond>2</tbond>
      <qbond>0</qbond>
      <bounce>0.29583333333333</bounce>
      <hardness>0.079166666666667</hardness>
      <slip>0.6125</slip>
      <made>16</made>
      <device>iPad</device>
    </block>
    <block>
      <time>February 20, 2013, 4:09:00 PM CST</time>
      <bondEncode>0,0,0,0,1,0,1,1,1,1,0,0,1,1,1,1,0,0,0,0,0,0,0,0,0,0,0,0,0,1,0,0,0,0,1,1,0,1,0,1</bondEncode>
      <blockID>10</blockID>
      <nbond>4</nbond>
      <sbond>6</sbond>
      <dbond>0</dbond>
      <tbond>10</tbond>
      <qbond>5</qbond>
      <bounce>0.7</bounce>
      <hardness>0.44444444444444</hardness>
      <slip>0.15</slip>
      <made>5</made>
      <device>iPad</device>
    </block>
    <block>
      <time>February 20, 2013, 4:11:27 PM CST</time>
      <bondEncode>0,0,0,0,0,0,0,0,0,0,0,0,0,0,0,0,0,0,0,0,0,0,0,0,0,0,0,0,0,0,0,0,0,0,0,0,0,0,0,0</bondEncode>
      <blockID>11</blockID>
      <nbond>25</nbond>
      <sbond>0</sbond>
      <dbond>0</dbond>
      <tbond>0</tbond>
      <qbond>0</qbond>
      <bounce>0</bounce>
      <hardness>0</hardness>
      <slip>0</slip>
      <made>0</made>
      <device>iPad</device>
    </block>
    <block>
      <time>February 20, 2013, 4:11:36 PM CST</time>
      <bondEncode>1,1,1,1,0,1,1,1,0,1,1,1,0,1,1,1,0,1,0,0,0,0,0,0,1,0,1,0,1,1,0,1,1,1,1,0,1,1,1,1</bondEncode>
      <blockID>12</blockID>
      <nbond>0</nbond>
      <sbond>0</sbond>
      <dbond>5</dbond>
      <tbond>12</tbond>
      <qbond>8</qbond>
      <bounce>0</bounce>
      <hardness>0.66527777777778</hardness>
      <slip>0.1875</slip>
      <made>54</made>
      <device>iPad</device>
    </block>
    <block>
      <time>February 20, 2013, 4:13:48 PM CST</time>
      <bondEncode>0,0,0,0,1,0,1,1,1,1,0,0,1,1,1,1,0,0,0,0,0,0,0,0,0,0,0,0,0,1,0,0,0,0,1,1,0,1,0,1</bondEncode>
      <blockID>13</blockID>
      <nbond>4</nbond>
      <sbond>6</sbond>
      <dbond>0</dbond>
      <tbond>10</tbond>
      <qbond>5</qbond>
      <bounce>0.7</bounce>
      <hardness>0.44444444444444</hardness>
      <slip>0.15</slip>
      <made>10</made>
      <device>iPad</device>
    </block>
    <block>
      <time>February 20, 2013, 4:14:19 PM CST</time>
      <bondEncode>0,0,0,0,0,0,0,0,0,0,0,0,0,0,0,0,0,0,0,0,0,0,0,0,0,0,0,0,0,0,0,0,0,0,0,0,0,0,0,0</bondEncode>
      <blockID>14</blockID>
      <nbond>25</nbond>
      <sbond>0</sbond>
      <dbond>0</dbond>
      <tbond>0</tbond>
      <qbond>0</qbond>
      <bounce>0</bounce>
      <hardness>0</hardness>
      <slip>0</slip>
      <made>12</made>
      <device>iPad</device>
    </block>
    <block>
      <time>February 20, 2013, 4:14:29 PM CST</time>
      <bondEncode>1,1,1,1,0,1,1,1,0,1,1,1,0,1,1,1,0,1,0,0,0,0,0,0,1,0,1,0,1,1,0,1,1,1,1,0,1,1,1,1</bondEncode>
      <blockID>15</blockID>
      <nbond>0</nbond>
      <sbond>0</sbond>
      <dbond>5</dbond>
      <tbond>12</tbond>
      <qbond>8</qbond>
      <bounce>0</bounce>
      <hardness>0.66527777777778</hardness>
      <slip>0.1875</slip>
      <made>33</made>
      <device>iPad</device>
    </block>
    <block>
      <time>February 20, 2013, 4:15:34 PM CST</time>
      <bondEncode>0,0,0,0,1,0,1,1,1,1,0,0,1,1,1,1,0,0,0,0,0,0,0,0,0,0,0,0,0,1,0,0,0,0,1,1,0,1,0,1</bondEncode>
      <blockID>16</blockID>
      <nbond>4</nbond>
      <sbond>6</sbond>
      <dbond>0</dbond>
      <tbond>10</tbond>
      <qbond>5</qbond>
      <bounce>0.7</bounce>
      <hardness>0.44444444444444</hardness>
      <slip>0.15</slip>
      <made>4</made>
      <device>iPad</device>
    </block>
    <block>
      <time>February 20, 2013, 4:15:55 PM CST</time>
      <bondEncode>1,1,1,1,0,1,1,1,0,1,1,1,0,1,1,1,0,1,0,0,0,0,0,0,1,0,1,0,1,1,0,1,1,1,1,0,1,1,1,1</bondEncode>
      <blockID>17</blockID>
      <nbond>0</nbond>
      <sbond>0</sbond>
      <dbond>5</dbond>
      <tbond>12</tbond>
      <qbond>8</qbond>
      <bounce>0</bounce>
      <hardness>0.66527777777778</hardness>
      <slip>0.1875</slip>
      <made>14</made>
      <device>iPad</device>
    </block>
    <block>
      <time>February 20, 2013, 4:16:24 PM CST</time>
      <bondEncode>0,0,0,0,0,0,0,0,0,0,0,0,0,0,0,0,0,0,0,0,0,0,0,0,0,0,0,0,0,0,0,0,0,0,0,0,0,0,0,0</bondEncode>
      <blockID>18</blockID>
      <nbond>25</nbond>
      <sbond>0</sbond>
      <dbond>0</dbond>
      <tbond>0</tbond>
      <qbond>0</qbond>
      <bounce>0</bounce>
      <hardness>0</hardness>
      <slip>0</slip>
      <made>16</made>
      <device>iPad</device>
    </block>
    <block>
      <time>February 20, 2013, 4:16:47 PM CST</time>
      <bondEncode>1,1,1,1,0,1,1,1,0,1,1,1,0,1,1,1,0,1,0,0,0,0,0,0,1,0,1,0,1,1,0,1,1,1,1,0,1,1,1,1</bondEncode>
      <blockID>19</blockID>
      <nbond>0</nbond>
      <sbond>0</sbond>
      <dbond>5</dbond>
      <tbond>12</tbond>
      <qbond>8</qbond>
      <bounce>0</bounce>
      <hardness>0.66527777777778</hardness>
      <slip>0.1875</slip>
      <made>13</made>
      <device>iPad</device>
    </block>
    <block>
      <time>February 20, 2013, 4:17:27 PM CST</time>
      <bondEncode>0,0,0,0,1,0,1,1,1,1,0,0,1,1,1,1,0,0,0,0,0,0,0,0,0,0,0,0,0,1,0,0,0,0,1,1,0,1,0,1</bondEncode>
      <blockID>20</blockID>
      <nbond>4</nbond>
      <sbond>6</sbond>
      <dbond>0</dbond>
      <tbond>10</tbond>
      <qbond>5</qbond>
      <bounce>0.7</bounce>
      <hardness>0.44444444444444</hardness>
      <slip>0.15</slip>
      <made>7</made>
      <device>iPad</device>
    </block>
    <block>
      <time>February 20, 2013, 4:18:05 PM CST</time>
      <bondEncode>1,1,1,1,0,1,1,1,0,1,1,1,0,1,1,1,0,1,0,0,0,0,0,0,1,0,1,0,1,1,0,1,1,1,1,0,1,1,1,1</bondEncode>
      <blockID>21</blockID>
      <nbond>0</nbond>
      <sbond>0</sbond>
      <dbond>5</dbond>
      <tbond>12</tbond>
      <qbond>8</qbond>
      <bounce>0</bounce>
      <hardness>0.66527777777778</hardness>
      <slip>0.1875</slip>
      <made>24</made>
      <device>iPad</device>
    </block>
    <block>
      <time>February 20, 2013, 4:18:28 PM CST</time>
      <bondEncode>0,0,0,0,1,0,1,1,1,1,0,0,1,1,1,1,0,0,0,0,0,0,0,0,0,0,0,0,0,1,0,0,0,0,1,1,0,1,0,1</bondEncode>
      <blockID>22</blockID>
      <nbond>4</nbond>
      <sbond>6</sbond>
      <dbond>0</dbond>
      <tbond>10</tbond>
      <qbond>5</qbond>
      <bounce>0.7</bounce>
      <hardness>0.44444444444444</hardness>
      <slip>0.15</slip>
      <made>1</made>
      <device>iPad</device>
    </block>
    <block>
      <time>February 20, 2013, 4:19:02 PM CST</time>
      <bondEncode>0,0,0,0,0,0,0,0,0,0,0,0,0,0,0,0,0,0,0,0,0,0,0,0,0,0,0,0,0,0,0,0,0,0,0,0,0,0,0,0</bondEncode>
      <blockID>23</blockID>
      <nbond>25</nbond>
      <sbond>0</sbond>
      <dbond>0</dbond>
      <tbond>0</tbond>
      <qbond>0</qbond>
      <bounce>0</bounce>
      <hardness>0</hardness>
      <slip>0</slip>
      <made>11</made>
      <device>iPad</device>
    </block>
    <block>
      <time>February 20, 2013, 4:19:48 PM CST</time>
      <bondEncode>0,0,0,0,1,0,1,1,1,1,0,0,1,1,1,1,0,0,0,0,0,0,0,0,0,0,0,0,0,1,0,0,0,0,1,1,0,1,0,1</bondEncode>
      <blockID>24</blockID>
      <nbond>4</nbond>
      <sbond>6</sbond>
      <dbond>0</dbond>
      <tbond>10</tbond>
      <qbond>5</qbond>
      <bounce>0.7</bounce>
      <hardness>0.44444444444444</hardness>
      <slip>0.15</slip>
      <made>6</made>
      <device>iPad</device>
    </block>
    <block>
      <time>February 20, 2013, 4:20:03 PM CST</time>
      <bondEncode>0,0,0,0,0,0,0,0,0,0,0,0,0,0,0,0,0,0,0,0,0,0,0,0,0,0,0,0,0,0,0,0,0,0,0,0,0,0,0,0</bondEncode>
      <blockID>25</blockID>
      <nbond>25</nbond>
      <sbond>0</sbond>
      <dbond>0</dbond>
      <tbond>0</tbond>
      <qbond>0</qbond>
      <bounce>0</bounce>
      <hardness>0</hardness>
      <slip>0</slip>
      <made>16</made>
      <device>iPad</device>
    </block>
    <block>
      <time>February 20, 2013, 4:20:40 PM CST</time>
      <bondEncode>0,0,0,0,1,0,1,1,1,1,0,0,1,1,1,1,0,0,0,0,0,0,0,0,0,0,0,0,0,1,0,0,0,0,1,1,0,1,0,1</bondEncode>
      <blockID>26</blockID>
      <nbond>4</nbond>
      <sbond>6</sbond>
      <dbond>0</dbond>
      <tbond>10</tbond>
      <qbond>5</qbond>
      <bounce>0.7</bounce>
      <hardness>0.44444444444444</hardness>
      <slip>0.15</slip>
      <made>5</made>
      <device>iPad</device>
    </block>
    <block>
      <time>February 20, 2013, 4:21:10 PM CST</time>
      <bondEncode>0,0,0,0,0,0,0,0,0,0,0,0,0,0,0,0,0,0,0,0,0,0,0,0,0,0,0,0,0,0,0,0,0,0,0,0,0,0,0,0</bondEncode>
      <blockID>27</blockID>
      <nbond>25</nbond>
      <sbond>0</sbond>
      <dbond>0</dbond>
      <tbond>0</tbond>
      <qbond>0</qbond>
      <bounce>0</bounce>
      <hardness>0</hardness>
      <slip>0</slip>
      <made>7</made>
      <device>iPad</device>
    </block>
    <block>
      <time>February 20, 2013, 4:21:35 PM CST</time>
      <bondEncode>0,0,0,0,1,0,1,1,1,1,0,0,1,1,1,1,0,0,0,0,0,0,0,0,0,0,0,0,0,1,0,0,0,0,1,1,0,1,0,1</bondEncode>
      <blockID>28</blockID>
      <nbond>4</nbond>
      <sbond>6</sbond>
      <dbond>0</dbond>
      <tbond>10</tbond>
      <qbond>5</qbond>
      <bounce>0.7</bounce>
      <hardness>0.44444444444444</hardness>
      <slip>0.15</slip>
      <made>14</made>
      <device>iPad</device>
    </block>
    <level>
      <finishedLevel>1</finishedLevel>
      <time>February 20, 2013, 4:21:35 PM CST</time>
      <tilesRemoved>149</tilesRemoved>
      <timeToFinish>2062.517999999</timeToFinish>
      <status>complete</status>
    </level>
  </type>
</xml>
