<?xml version="1.0"?>
<xml>
  <type>
    <block>
      <time>16.2.2013 15:20:30</time>
      <bondEncode>0,0,0,0,0,0,0,0,0,0,0,0,0,0,0,0,0,0,0,0,0,0,0,0,0,0,0,0,0,0,0,0,0,0,0,0,0,0,0,0</bondEncode>
      <blockID>0</blockID>
      <nbond>25</nbond>
      <sbond>0</sbond>
      <dbond>0</dbond>
      <tbond>0</tbond>
      <qbond>0</qbond>
      <bounce>0</bounce>
      <hardness>0</hardness>
      <slip>0</slip>
      <made>0</made>
      <device>computer</device>
    </block>
    <block>
      <time>16.2.2013 15:20:45</time>
      <bondEncode>0,1,1,1,0,0,0,0,1,1,1,0,0,0,0,0,0,0,0,0,0,0,0,0,1,1,0,0,0,1,0,0,0,1,0,0,0,0,0,0</bondEncode>
      <blockID>1</blockID>
      <nbond>9</nbond>
      <sbond>4</sbond>
      <dbond>12</dbond>
      <tbond>0</tbond>
      <qbond>0</qbond>
      <bounce>0</bounce>
      <hardness>0.05</hardness>
      <slip>0.55</slip>
      <made>16</made>
      <device>computer</device>
    </block>
    <block>
      <time>16.2.2013 15:21:42</time>
      <bondEncode>1,0,0,0,0,0,0,0,1,1,1,1,0,0,0,0,0,1,0,1,0,1,0,1,0,0,1,0,1,0,0,1,0,1,0,0,1,0,1,0</bondEncode>
      <blockID>2</blockID>
      <nbond>0</nbond>
      <sbond>0</sbond>
      <dbond>6</dbond>
      <tbond>10</tbond>
      <qbond>9</qbond>
      <bounce>0</bounce>
      <hardness>0.69166666666667</hardness>
      <slip>0.225</slip>
      <made>16</made>
      <device>computer</device>
    </block>
    <block>
      <time>16.2.2013 15:24:10</time>
      <bondEncode>0,0,0,0,0,0,0,0,0,0,0,0,0,0,0,0,0,0,0,0,0,1,0,1,0,0,1,0,1,0,0,1,0,1,0,0,1,0,1,0</bondEncode>
      <blockID>3</blockID>
      <nbond>0</nbond>
      <sbond>2</sbond>
      <dbond>23</dbond>
      <tbond>0</tbond>
      <qbond>0</qbond>
      <bounce>0</bounce>
      <hardness>0.095833333333333</hardness>
      <slip>0.9125</slip>
      <made>0</made>
      <device>computer</device>
    </block>
    <block>
      <time>16.2.2013 15:25:37</time>
      <bondEncode>0,0,0,0,0,0,0,0,0,1,1,0,0,1,1,0,1,1,0,0,1,0,0,0,0,1,0,0,0,0,1,0,0,0,0,1,0,0,1,0</bondEncode>
      <blockID>4</blockID>
      <nbond>0</nbond>
      <sbond>10</sbond>
      <dbond>15</dbond>
      <tbond>0</tbond>
      <qbond>0</qbond>
      <bounce>0</bounce>
      <hardness>0.0625</hardness>
      <slip>0.8125</slip>
      <made>0</made>
      <device>computer</device>
    </block>
    <level>
      <finishedLevel>1</finishedLevel>
      <time>16.2.2013 15:25:37</time>
      <tilesRemoved>7</tilesRemoved>
      <timeToFinish>318.99199999998</timeToFinish>
      <status>quit</status>
    </level>
  </type>
</xml>
