<?xml version="1.0"?>
<xml>
  <type>
    <block>
      <time>Tuesday, February 19, 2013 12:06:09 AM</time>
      <bondEncode>0,0,0,0,0,0,0,0,0,0,0,0,0,0,0,0,0,0,0,0,0,0,0,0,0,0,0,0,0,0,0,0,0,0,0,0,0,0,0,0</bondEncode>
      <blockID>0</blockID>
      <nbond>25</nbond>
      <sbond>0</sbond>
      <dbond>0</dbond>
      <tbond>0</tbond>
      <qbond>0</qbond>
      <bounce>0</bounce>
      <hardness>0</hardness>
      <slip>0</slip>
      <made>0</made>
      <device>computer</device>
    </block>
    <level>
      <finishedLevel>1</finishedLevel>
      <time>Tuesday, February 19, 2013 12:06:09 AM</time>
      <tilesRemoved>0</tilesRemoved>
      <timeToFinish>78.214000000001</timeToFinish>
      <status>complete</status>
    </level>
  </type>
  <type>
    <block>
      <time>Tuesday, February 19, 2013 12:07:28 AM</time>
      <bondEncode>0,0,0,0,0,0,0,0,0,0,0,0,0,0,0,0,0,0,0,0,0,0,0,0,0,0,0,0,0,0,0,0,0,0,0,0,0,0,0,0</bondEncode>
      <blockID>0</blockID>
      <nbond>25</nbond>
      <sbond>0</sbond>
      <dbond>0</dbond>
      <tbond>0</tbond>
      <qbond>0</qbond>
      <bounce>0</bounce>
      <hardness>0</hardness>
      <slip>0</slip>
      <made>0</made>
      <device>computer</device>
    </block>
    <block>
      <time>Tuesday, February 19, 2013 12:08:24 AM</time>
      <bondEncode>1,1,0,0,0,0,0,0,1,1,0,0,0,0,0,0,0,0,0,0,1,1,1,0,0,1,1,0,0,0,0,0,0,0,0,0,0,0,0,0</bondEncode>
      <blockID>1</blockID>
      <nbond>16</nbond>
      <sbond>0</sbond>
      <dbond>4</dbond>
      <tbond>4</tbond>
      <qbond>1</qbond>
      <bounce>0.36666666666667</bounce>
      <hardness>0.13888888888889</hardness>
      <slip>0.15</slip>
      <made>0</made>
      <device>computer</device>
    </block>
    <block>
      <time>Tuesday, February 19, 2013 12:08:52 AM</time>
      <bondEncode>0,1,0,0,0,1,1,0,0,0,0,0,0,0,0,0,0,0,0,0,0,0,0,0,0,0,0,0,1,0,0,0,0,0,0,0,0,0,0,0</bondEncode>
      <blockID>2</blockID>
      <nbond>17</nbond>
      <sbond>0</sbond>
      <dbond>5</dbond>
      <tbond>2</tbond>
      <qbond>1</qbond>
      <bounce>0.32083333333333</bounce>
      <hardness>0.10972222222222</hardness>
      <slip>0.1875</slip>
      <made>18</made>
      <device>computer</device>
    </block>
    <level>
      <finishedLevel>2</finishedLevel>
      <time>Tuesday, February 19, 2013 12:08:52 AM</time>
      <tilesRemoved>5</tilesRemoved>
      <timeToFinish>411.95899999998</timeToFinish>
      <status>quit</status>
    </level>
  </type>
</xml>
