<?xml version="1.0"?>
<xml>
  <type>
    <block>
      <time>Fri Mar  8 17:55:46 2013</time>
      <bondEncode>0,0,0,0,0,0,0,0,0,0,0,0,0,0,0,0,0,0,0,0,0,0,0,0,0,0,0,0,0,0,0,0,0,0,0,0,0,0,0,0</bondEncode>
      <blockID>0</blockID>
      <nbond>25</nbond>
      <sbond>0</sbond>
      <dbond>0</dbond>
      <tbond>0</tbond>
      <qbond>0</qbond>
      <bounce>0</bounce>
      <hardness>0</hardness>
      <slip>0</slip>
      <made>0</made>
      <device>computer</device>
    </block>
    <block>
      <time>Fri Mar  8 17:57:13 2013</time>
      <bondEncode>1,0,0,0,0,0,0,1,0,1,0,0,0,0,0,0,0,0,0,0,0,0,0,0,0,0,0,0,0,0,0,0,0,0,0,0,0,0,0,0</bondEncode>
      <blockID>1</blockID>
      <nbond>17</nbond>
      <sbond>8</sbond>
      <dbond>0</dbond>
      <tbond>0</tbond>
      <qbond>0</qbond>
      <bounce>0</bounce>
      <hardness>0</hardness>
      <slip>0.2</slip>
      <made>3</made>
      <device>computer</device>
    </block>
    <block>
      <time>Fri Mar  8 17:58:30 2013</time>
      <bondEncode>1,0,0,0,0,0,0,0,0,0,0,0,0,0,0,0,0,0,0,0,0,0,0,0,0,0,0,0,0,0,0,0,0,0,0,0,0,0,0,0</bondEncode>
      <blockID>2</blockID>
      <nbond>21</nbond>
      <sbond>0</sbond>
      <dbond>4</dbond>
      <tbond>0</tbond>
      <qbond>0</qbond>
      <bounce>0</bounce>
      <hardness>0.016666666666667</hardness>
      <slip>0.15</slip>
      <made>8</made>
      <device>computer</device>
    </block>
    <block>
      <time>Fri Mar  8 18:00:09 2013</time>
      <bondEncode>0,0,0,0,0,0,0,0,0,0,0,0,0,0,0,0,0,0,0,0,0,1,0,0,0,0,1,1,1,0,0,0,0,0,0,0,1,1,1,0</bondEncode>
      <blockID>3</blockID>
      <nbond>0</nbond>
      <sbond>10</sbond>
      <dbond>15</dbond>
      <tbond>0</tbond>
      <qbond>0</qbond>
      <bounce>0</bounce>
      <hardness>0.0625</hardness>
      <slip>0.8125</slip>
      <made>32</made>
      <device>computer</device>
    </block>
    <block>
      <time>Fri Mar  8 18:01:21 2013</time>
      <bondEncode>1,0,0,0,0,0,0,0,0,0,0,0,0,0,0,0,0,0,0,0,0,0,0,0,0,0,0,0,0,0,0,0,0,0,0,0,0,0,0,0</bondEncode>
      <blockID>4</blockID>
      <nbond>21</nbond>
      <sbond>0</sbond>
      <dbond>4</dbond>
      <tbond>0</tbond>
      <qbond>0</qbond>
      <bounce>0</bounce>
      <hardness>0.016666666666667</hardness>
      <slip>0.15</slip>
      <made>23</made>
      <device>computer</device>
    </block>
    <block>
      <time>Fri Mar  8 18:02:04 2013</time>
      <bondEncode>0,0,1,1,0,0,0,0,0,0,0,0,0,0,0,0,0,0,1,1,0,0,0,0,0,0,0,0,0,0,0,0,0,1,0,0,0,0,1,0</bondEncode>
      <blockID>5</blockID>
      <nbond>8</nbond>
      <sbond>6</sbond>
      <dbond>7</dbond>
      <tbond>4</tbond>
      <qbond>0</qbond>
      <bounce>0.32916666666667</bounce>
      <hardness>0.095833333333333</hardness>
      <slip>0.4125</slip>
      <made>3</made>
      <device>computer</device>
    </block>
    <block>
      <time>Fri Mar  8 18:02:23 2013</time>
      <bondEncode>0,0,0,0,0,0,0,0,0,0,0,0,0,0,0,0,0,0,0,0,0,1,0,0,0,0,1,1,1,0,0,0,0,0,0,0,1,1,1,0</bondEncode>
      <blockID>6</blockID>
      <nbond>0</nbond>
      <sbond>10</sbond>
      <dbond>15</dbond>
      <tbond>0</tbond>
      <qbond>0</qbond>
      <bounce>0</bounce>
      <hardness>0.0625</hardness>
      <slip>0.8125</slip>
      <made>23</made>
      <device>computer</device>
    </block>
    <block>
      <time>Fri Mar  8 18:04:03 2013</time>
      <bondEncode>0,0,0,1,0,0,0,0,0,0,1,0,0,0,0,0,1,0,0,0,0,0,0,0,0,0,0,0,0,0,0,1,0,0,0,0,0,0,0,0</bondEncode>
      <blockID>7</blockID>
      <nbond>16</nbond>
      <sbond>2</sbond>
      <dbond>7</dbond>
      <tbond>0</tbond>
      <qbond>0</qbond>
      <bounce>0</bounce>
      <hardness>0.029166666666667</hardness>
      <slip>0.3125</slip>
      <made>36</made>
      <device>computer</device>
    </block>
    <block>
      <time>Fri Mar  8 18:06:09 2013</time>
      <bondEncode>0,0,1,1,0,0,0,0,0,0,0,0,0,0,0,0,0,0,1,1,0,0,0,0,0,0,0,0,0,0,0,0,0,1,0,0,0,0,1,0</bondEncode>
      <blockID>8</blockID>
      <nbond>8</nbond>
      <sbond>6</sbond>
      <dbond>7</dbond>
      <tbond>4</tbond>
      <qbond>0</qbond>
      <bounce>0.32916666666667</bounce>
      <hardness>0.095833333333333</hardness>
      <slip>0.4125</slip>
      <made>82</made>
      <device>computer</device>
    </block>
    <block>
      <time>Fri Mar  8 18:07:58 2013</time>
      <bondEncode>0,0,0,1,0,0,0,0,0,0,1,0,0,0,0,0,1,0,0,0,0,0,0,0,0,0,0,0,0,0,0,1,0,0,0,0,0,0,0,0</bondEncode>
      <blockID>9</blockID>
      <nbond>16</nbond>
      <sbond>2</sbond>
      <dbond>7</dbond>
      <tbond>0</tbond>
      <qbond>0</qbond>
      <bounce>0</bounce>
      <hardness>0.029166666666667</hardness>
      <slip>0.3125</slip>
      <made>17</made>
      <device>computer</device>
    </block>
    <block>
      <time>Fri Mar  8 18:08:22 2013</time>
      <bondEncode>0,0,0,0,0,0,0,0,0,0,0,0,0,0,0,0,0,0,0,0,0,1,0,0,0,0,1,1,1,0,0,0,0,0,0,0,1,1,1,0</bondEncode>
      <blockID>10</blockID>
      <nbond>0</nbond>
      <sbond>10</sbond>
      <dbond>15</dbond>
      <tbond>0</tbond>
      <qbond>0</qbond>
      <bounce>0</bounce>
      <hardness>0.0625</hardness>
      <slip>0.8125</slip>
      <made>19</made>
      <device>computer</device>
    </block>
    <block>
      <time>Fri Mar  8 18:09:37 2013</time>
      <bondEncode>0,0,1,1,0,0,0,0,0,0,0,0,0,0,0,0,0,0,1,1,0,0,0,0,0,0,0,0,0,0,0,0,0,1,0,0,0,0,1,0</bondEncode>
      <blockID>11</blockID>
      <nbond>8</nbond>
      <sbond>6</sbond>
      <dbond>7</dbond>
      <tbond>4</tbond>
      <qbond>0</qbond>
      <bounce>0.32916666666667</bounce>
      <hardness>0.095833333333333</hardness>
      <slip>0.4125</slip>
      <made>35</made>
      <device>computer</device>
    </block>
    <block>
      <time>Fri Mar  8 18:10:12 2013</time>
      <bondEncode>0,0,0,0,0,0,0,0,0,0,0,0,0,0,0,0,0,0,0,0,0,1,0,0,0,0,1,1,1,0,0,0,0,0,0,0,1,1,1,0</bondEncode>
      <blockID>12</blockID>
      <nbond>0</nbond>
      <sbond>10</sbond>
      <dbond>15</dbond>
      <tbond>0</tbond>
      <qbond>0</qbond>
      <bounce>0</bounce>
      <hardness>0.0625</hardness>
      <slip>0.8125</slip>
      <made>9</made>
      <device>computer</device>
    </block>
    <level>
      <finishedLevel>1</finishedLevel>
      <time>Fri Mar  8 18:10:12 2013</time>
      <tilesRemoved>53</tilesRemoved>
      <timeToFinish>874.01599999998</timeToFinish>
      <status>quit</status>
    </level>
  </type>
</xml>
