<?xml version="1.0"?>
<xml>
  <type>
    <block>
      <time>March 6, 2013, 4:14:52 PM CST</time>
      <bondEncode>0,0,0,0,0,0,0,0,0,0,0,0,0,0,0,0,0,0,0,0,0,0,0,0,0,0,0,0,0,0,0,0,0,0,0,0,0,0,0,0</bondEncode>
      <blockID>0</blockID>
      <nbond>25</nbond>
      <sbond>0</sbond>
      <dbond>0</dbond>
      <tbond>0</tbond>
      <qbond>0</qbond>
      <bounce>0</bounce>
      <hardness>0</hardness>
      <slip>0</slip>
      <made>18</made>
      <device>iPad</device>
    </block>
    <block>
      <time>March 6, 2013, 4:17:17 PM CST</time>
      <bondEncode>1,1,0,0,0,0,0,0,0,0,0,0,0,0,0,0,0,0,0,0,0,0,0,1,0,0,0,0,1,0,0,0,0,1,0,0,0,0,0,0</bondEncode>
      <blockID>1</blockID>
      <nbond>13</nbond>
      <sbond>2</sbond>
      <dbond>10</dbond>
      <tbond>0</tbond>
      <qbond>0</qbond>
      <bounce>0</bounce>
      <hardness>0.041666666666667</hardness>
      <slip>0.425</slip>
      <made>3</made>
      <device>iPad</device>
    </block>
    <block>
      <time>March 6, 2013, 4:18:37 PM CST</time>
      <bondEncode>0,0,0,0,0,0,1,0,0,0,0,0,0,0,0,0,1,1,1,1,0,0,0,0,0,1,0,0,0,0,1,0,0,0,0,1,0,0,0,0</bondEncode>
      <blockID>2</blockID>
      <nbond>11</nbond>
      <sbond>2</sbond>
      <dbond>12</dbond>
      <tbond>0</tbond>
      <qbond>0</qbond>
      <bounce>0</bounce>
      <hardness>0.05</hardness>
      <slip>0.5</slip>
      <made>10</made>
      <device>iPad</device>
    </block>
    <block>
      <time>March 6, 2013, 4:19:36 PM CST</time>
      <bondEncode>0,0,0,0,0,0,0,0,0,1,0,0,0,0,0,0,0,0,0,0,0,0,0,0,0,0,0,0,0,0,0,0,1,0,0,0,0,0,0,0</bondEncode>
      <blockID>3</blockID>
      <nbond>18</nbond>
      <sbond>1</sbond>
      <dbond>4</dbond>
      <tbond>1</tbond>
      <qbond>1</qbond>
      <bounce>0</bounce>
      <hardness>0.088888888888889</hardness>
      <slip>0.175</slip>
      <made>0</made>
      <device>iPad</device>
    </block>
    <block>
      <time>March 6, 2013, 4:20:55 PM CST</time>
      <bondEncode>0,0,1,1,0,1,1,1,1,1,0,1,1,0,0,1,0,0,0,0,1,1,1,1,1,1,1,0,1,1,1,0,1,0,1,1,0,1,1,1</bondEncode>
      <blockID>4</blockID>
      <nbond>0</nbond>
      <sbond>0</sbond>
      <dbond>6</dbond>
      <tbond>10</tbond>
      <qbond>9</qbond>
      <bounce>0</bounce>
      <hardness>0.69166666666667</hardness>
      <slip>0.225</slip>
      <made>13</made>
      <device>iPad</device>
    </block>
    <block>
      <time>March 6, 2013, 4:21:46 PM CST</time>
      <bondEncode>0,1,1,1,0,1,1,1,1,1,0,1,1,0,0,1,0,0,0,0,1,1,1,1,1,1,1,0,1,1,1,0,1,0,1,1,0,1,1,1</bondEncode>
      <blockID>5</blockID>
      <nbond>0</nbond>
      <sbond>0</sbond>
      <dbond>4</dbond>
      <tbond>12</tbond>
      <qbond>9</qbond>
      <bounce>0</bounce>
      <hardness>0.71666666666667</hardness>
      <slip>0.15</slip>
      <made>136</made>
      <device>iPad</device>
    </block>
    <block>
      <time>March 6, 2013, 4:29:00 PM CST</time>
      <bondEncode>0,0,0,0,1,1,1,1,0,0,0,0,0,0,0,0,0,0,0,0,0,0,0,0,0,1,0,0,0,1,1,0,0,0,1,1,0,0,0,1</bondEncode>
      <blockID>6</blockID>
      <nbond>11</nbond>
      <sbond>0</sbond>
      <dbond>14</dbond>
      <tbond>0</tbond>
      <qbond>0</qbond>
      <bounce>0</bounce>
      <hardness>0.058333333333333</hardness>
      <slip>0.525</slip>
      <made>10</made>
      <device>iPad</device>
    </block>
    <block>
      <time>March 6, 2013, 4:29:52 PM CST</time>
      <bondEncode>0,1,1,1,0,1,1,1,1,1,0,1,1,0,0,1,0,0,0,0,1,1,1,1,1,1,1,0,1,1,1,0,1,0,1,1,0,1,1,1</bondEncode>
      <blockID>7</blockID>
      <nbond>0</nbond>
      <sbond>0</sbond>
      <dbond>4</dbond>
      <tbond>12</tbond>
      <qbond>9</qbond>
      <bounce>0</bounce>
      <hardness>0.71666666666667</hardness>
      <slip>0.15</slip>
      <made>103</made>
      <device>iPad</device>
    </block>
    <block>
      <time>March 6, 2013, 4:33:29 PM CST</time>
      <bondEncode>0,0,0,0,1,1,1,1,0,0,0,0,0,1,0,0,0,0,0,0,0,0,0,0,0,1,0,0,0,1,1,0,0,0,1,0,0,0,0,0</bondEncode>
      <blockID>8</blockID>
      <nbond>12</nbond>
      <sbond>0</sbond>
      <dbond>11</dbond>
      <tbond>2</tbond>
      <qbond>0</qbond>
      <bounce>0.29583333333333</bounce>
      <hardness>0.079166666666667</hardness>
      <slip>0.4125</slip>
      <made>4</made>
      <device>iPad</device>
    </block>
    <block>
      <time>March 6, 2013, 4:33:58 PM CST</time>
      <bondEncode>0,0,0,0,1,1,1,1,0,0,0,0,0,0,0,0,0,0,0,0,0,0,0,0,0,1,0,0,0,1,1,0,0,0,1,1,0,0,0,1</bondEncode>
      <blockID>9</blockID>
      <nbond>11</nbond>
      <sbond>0</sbond>
      <dbond>14</dbond>
      <tbond>0</tbond>
      <qbond>0</qbond>
      <bounce>0</bounce>
      <hardness>0.058333333333333</hardness>
      <slip>0.525</slip>
      <made>21</made>
      <device>iPad</device>
    </block>
    <block>
      <time>March 6, 2013, 4:35:12 PM CST</time>
      <bondEncode>0,0,0,0,1,1,1,1,0,0,0,0,0,1,1,0,0,0,0,0,0,0,0,0,0,1,0,1,0,1,1,0,1,0,1,1,1,1,1,1</bondEncode>
      <blockID>10</blockID>
      <nbond>7</nbond>
      <sbond>0</sbond>
      <dbond>13</dbond>
      <tbond>4</tbond>
      <qbond>1</qbond>
      <bounce>0.40416666666667</bounce>
      <hardness>0.17638888888889</hardness>
      <slip>0.4875</slip>
      <made>17</made>
      <device>iPad</device>
    </block>
    <block>
      <time>March 6, 2013, 4:36:17 PM CST</time>
      <bondEncode>0,1,1,1,0,1,1,1,1,1,0,1,1,0,0,1,0,0,0,0,1,1,1,1,1,1,1,0,1,1,1,0,1,0,1,1,0,1,1,1</bondEncode>
      <blockID>11</blockID>
      <nbond>0</nbond>
      <sbond>0</sbond>
      <dbond>4</dbond>
      <tbond>12</tbond>
      <qbond>9</qbond>
      <bounce>0</bounce>
      <hardness>0.71666666666667</hardness>
      <slip>0.15</slip>
      <made>57</made>
      <device>iPad</device>
    </block>
    <block>
      <time>March 6, 2013, 4:38:03 PM CST</time>
      <bondEncode>0,0,0,0,1,1,1,1,1,1,1,1,0,1,0,0,0,0,0,0,0,0,0,0,0,1,1,1,1,1,1,1,0,1,1,0,0,0,0,0</bondEncode>
      <blockID>12</blockID>
      <nbond>10</nbond>
      <sbond>0</sbond>
      <dbond>4</dbond>
      <tbond>8</tbond>
      <qbond>3</qbond>
      <bounce>0.56666666666667</bounce>
      <hardness>0.31666666666667</hardness>
      <slip>0.15</slip>
      <made>259</made>
      <device>iPad</device>
    </block>
    <level>
      <finishedLevel>1</finishedLevel>
      <time>March 6, 2013, 4:38:03 PM CST</time>
      <tilesRemoved>115</tilesRemoved>
      <timeToFinish>1789.6249999998</timeToFinish>
      <status>complete</status>
    </level>
  </type>
</xml>
