<?xml version="1.0"?>
<xml>
  <type>
    <block>
      <time>Fri Mar  8 17:30:46 2013</time>
      <bondEncode>0,0,0,0,0,0,0,0,0,0,0,0,0,0,0,0,0,0,0,0,0,0,0,0,0,0,0,0,0,0,0,0,0,0,0,0,0,0,0,0</bondEncode>
      <blockID>0</blockID>
      <nbond>25</nbond>
      <sbond>0</sbond>
      <dbond>0</dbond>
      <tbond>0</tbond>
      <qbond>0</qbond>
      <bounce>0</bounce>
      <hardness>0</hardness>
      <slip>0</slip>
      <made>4</made>
      <device>computer</device>
    </block>
    <level>
      <finishedLevel>1</finishedLevel>
      <time>Fri Mar  8 17:30:46 2013</time>
      <tilesRemoved>2</tilesRemoved>
      <timeToFinish>21.828</timeToFinish>
      <status>quit</status>
    </level>
  </type>
  <type>
    <block>
      <time>Fri Mar  8 17:31:15 2013</time>
      <bondEncode>0,0,0,0,0,0,0,0,0,0,0,0,0,0,0,0,0,0,0,0,0,0,0,0,0,0,0,0,0,0,0,0,0,0,0,0,0,0,0,0</bondEncode>
      <blockID>0</blockID>
      <nbond>25</nbond>
      <sbond>0</sbond>
      <dbond>0</dbond>
      <tbond>0</tbond>
      <qbond>0</qbond>
      <bounce>0</bounce>
      <hardness>0</hardness>
      <slip>0</slip>
      <made>33</made>
      <device>computer</device>
    </block>
    <block>
      <time>Fri Mar  8 17:32:18 2013</time>
      <bondEncode>1,1,1,1,1,1,1,0,0,0,0,0,0,0,0,0,0,0,1,0,0,0,0,0,1,0,0,0,1,1,0,0,0,0,1,0,0,0,0,0</bondEncode>
      <blockID>1</blockID>
      <nbond>0</nbond>
      <sbond>4</sbond>
      <dbond>21</dbond>
      <tbond>0</tbond>
      <qbond>0</qbond>
      <bounce>0</bounce>
      <hardness>0.0875</hardness>
      <slip>0.8875</slip>
      <made>0</made>
      <device>computer</device>
    </block>
    <block>
      <time>Fri Mar  8 17:32:27 2013</time>
      <bondEncode>0,0,0,0,0,0,0,0,0,0,0,0,0,0,0,0,0,0,0,0,0,0,0,0,0,0,0,0,0,0,0,0,0,0,0,0,0,0,0,0</bondEncode>
      <blockID>2</blockID>
      <nbond>25</nbond>
      <sbond>0</sbond>
      <dbond>0</dbond>
      <tbond>0</tbond>
      <qbond>0</qbond>
      <bounce>0</bounce>
      <hardness>0</hardness>
      <slip>0</slip>
      <made>2</made>
      <device>computer</device>
    </block>
    <block>
      <time>Fri Mar  8 17:32:32 2013</time>
      <bondEncode>1,1,1,1,1,1,1,0,0,0,0,0,0,0,0,0,0,0,1,0,0,0,0,0,1,0,0,0,1,1,0,0,0,0,1,0,0,0,0,0</bondEncode>
      <blockID>3</blockID>
      <nbond>0</nbond>
      <sbond>4</sbond>
      <dbond>21</dbond>
      <tbond>0</tbond>
      <qbond>0</qbond>
      <bounce>0</bounce>
      <hardness>0.0875</hardness>
      <slip>0.8875</slip>
      <made>4</made>
      <device>computer</device>
    </block>
    <level>
      <finishedLevel>1</finishedLevel>
      <time>Fri Mar  8 17:32:32 2013</time>
      <tilesRemoved>8</tilesRemoved>
      <timeToFinish>80.739000000001</timeToFinish>
      <status>quit</status>
    </level>
  </type>
</xml>
