<?xml version="1.0"?>
<xml>
  <type>
    <block>
      <time>Fri 08 Mar 2013 04:29:29 PM CST</time>
      <bondEncode>0,0,0,0,0,0,0,0,0,0,0,0,0,0,0,0,0,0,0,0,0,0,0,0,0,0,0,0,0,0,0,0,0,0,0,0,0,0,0,0</bondEncode>
      <blockID>0</blockID>
      <nbond>25</nbond>
      <sbond>0</sbond>
      <dbond>0</dbond>
      <tbond>0</tbond>
      <qbond>0</qbond>
      <bounce>0</bounce>
      <hardness>0</hardness>
      <slip>0</slip>
      <made>0</made>
      <device>computer</device>
    </block>
    <block>
      <time>Fri 08 Mar 2013 04:30:04 PM CST</time>
      <bondEncode>1,1,1,1,1,0,0,0,0,0,0,0,0,0,0,0,0,0,0,0,1,0,0,0,1,1,0,0,0,1,1,0,0,0,1,1,0,0,0,1</bondEncode>
      <blockID>1</blockID>
      <nbond>9</nbond>
      <sbond>2</sbond>
      <dbond>12</dbond>
      <tbond>2</tbond>
      <qbond>0</qbond>
      <bounce>0.3</bounce>
      <hardness>0.083333333333333</hardness>
      <slip>0.5</slip>
      <made>68</made>
      <device>computer</device>
    </block>
    <block>
      <time>Fri 08 Mar 2013 04:31:25 PM CST</time>
      <bondEncode>0,0,0,0,0,0,0,0,0,0,0,0,0,0,0,0,1,1,1,1,1,0,0,0,0,1,0,0,0,0,1,0,0,0,0,1,0,0,0,0</bondEncode>
      <blockID>2</blockID>
      <nbond>9</nbond>
      <sbond>0</sbond>
      <dbond>16</dbond>
      <tbond>0</tbond>
      <qbond>0</qbond>
      <bounce>0</bounce>
      <hardness>0.066666666666667</hardness>
      <slip>0.6</slip>
      <made>52</made>
      <device>computer</device>
    </block>
    <block>
      <time>Fri 08 Mar 2013 04:32:17 PM CST</time>
      <bondEncode>1,1,1,1,0,0,0,0,1,1,1,1,0,0,0,0,1,1,1,1,0,0,0,0,0,0,0,0,0,0,0,0,0,0,0,0,0,0,0,0</bondEncode>
      <blockID>3</blockID>
      <nbond>10</nbond>
      <sbond>6</sbond>
      <dbond>9</dbond>
      <tbond>0</tbond>
      <qbond>0</qbond>
      <bounce>0</bounce>
      <hardness>0.0375</hardness>
      <slip>0.4875</slip>
      <made>26</made>
      <device>computer</device>
    </block>
    <block>
      <time>Fri 08 Mar 2013 04:33:04 PM CST</time>
      <bondEncode>1,1,1,1,0,0,0,0,1,1,1,1,0,0,0,0,1,1,1,1,0,0,0,0,1,1,0,0,0,0,0,0,0,0,1,1,0,0,0,0</bondEncode>
      <blockID>4</blockID>
      <nbond>0</nbond>
      <sbond>2</sbond>
      <dbond>23</dbond>
      <tbond>0</tbond>
      <qbond>0</qbond>
      <bounce>0</bounce>
      <hardness>0.095833333333333</hardness>
      <slip>0.9125</slip>
      <made>20</made>
      <device>computer</device>
    </block>
    <block>
      <time>Fri 08 Mar 2013 04:33:20 PM CST</time>
      <bondEncode>1,1,1,1,0,0,0,0,1,1,1,1,0,0,0,0,1,1,1,1,0,0,1,0,0,0,0,1,0,0,0,0,1,0,0,0,0,1,0,0</bondEncode>
      <blockID>5</blockID>
      <nbond>8</nbond>
      <sbond>6</sbond>
      <dbond>8</dbond>
      <tbond>2</tbond>
      <qbond>1</qbond>
      <bounce>0.33333333333333</bounce>
      <hardness>0.12222222222222</hardness>
      <slip>0.45</slip>
      <made>51</made>
      <device>computer</device>
    </block>
    <level>
      <finishedLevel>1</finishedLevel>
      <time>Fri 08 Mar 2013 04:33:20 PM CST</time>
      <tilesRemoved>36</tilesRemoved>
      <timeToFinish>307.76499999998</timeToFinish>
      <status>quit</status>
    </level>
  </type>
</xml>
