<?xml version="1.0"?>
<xml>
  <type>
    <block>
      <time>Samstag, 9. M&#xE4;rz 2013 17:36:43</time>
      <bondEncode>0,0,0,0,0,0,0,0,0,0,0,0,0,0,0,0,0,0,0,0,0,0,0,0,0,0,0,0,0,0,0,0,0,0,0,0,0,0,0,0</bondEncode>
      <blockID>0</blockID>
      <nbond>25</nbond>
      <sbond>0</sbond>
      <dbond>0</dbond>
      <tbond>0</tbond>
      <qbond>0</qbond>
      <bounce>0</bounce>
      <hardness>0</hardness>
      <slip>0</slip>
      <made>175</made>
      <device>computer</device>
    </block>
    <block>
      <time>Samstag, 9. M&#xE4;rz 2013 17:39:38</time>
      <bondEncode>1,0,0,0,0,1,0,0,0,0,1,0,0,0,0,1,0,0,0,0,0,1,0,0,0,0,0,1,0,0,0,0,0,1,0,0,0,0,0,1</bondEncode>
      <blockID>1</blockID>
      <nbond>16</nbond>
      <sbond>2</sbond>
      <dbond>7</dbond>
      <tbond>0</tbond>
      <qbond>0</qbond>
      <bounce>0</bounce>
      <hardness>0.029166666666667</hardness>
      <slip>0.3125</slip>
      <made>10</made>
      <device>computer</device>
    </block>
    <level>
      <finishedLevel>1</finishedLevel>
      <time>Samstag, 9. M&#xE4;rz 2013 17:39:38</time>
      <tilesRemoved>55</tilesRemoved>
      <timeToFinish>183.10299999999</timeToFinish>
      <status>quit</status>
    </level>
  </type>
</xml>
