<?xml version="1.0"?>
<xml>
  <type>
    <block>
      <time>3/9/2013 5:37:16 PM</time>
      <bondEncode>0,0,0,0,0,0,0,0,0,0,0,0,0,0,0,0,0,0,0,0,0,0,0,0,0,0,0,0,0,0,0,0,0,0,0,0,0,0,0,0</bondEncode>
      <blockID>0</blockID>
      <nbond>25</nbond>
      <sbond>0</sbond>
      <dbond>0</dbond>
      <tbond>0</tbond>
      <qbond>0</qbond>
      <bounce>0</bounce>
      <hardness>0</hardness>
      <slip>0</slip>
      <made>0</made>
      <device>computer</device>
    </block>
    <block>
      <time>3/9/2013 5:37:37 PM</time>
      <bondEncode>1,1,1,1,0,0,0,0,0,0,0,0,0,0,0,0,0,0,0,0,0,0,0,0,1,0,0,0,0,1,0,0,0,0,0,0,0,0,0,0</bondEncode>
      <blockID>1</blockID>
      <nbond>15</nbond>
      <sbond>4</sbond>
      <dbond>6</dbond>
      <tbond>0</tbond>
      <qbond>0</qbond>
      <bounce>0</bounce>
      <hardness>0.025</hardness>
      <slip>0.325</slip>
      <made>8</made>
      <device>computer</device>
    </block>
    <level>
      <finishedLevel>1</finishedLevel>
      <time>3/9/2013 5:37:37 PM</time>
      <tilesRemoved>8</tilesRemoved>
      <timeToFinish>54.087000000001</timeToFinish>
      <status>quit</status>
    </level>
  </type>
</xml>
