<?xml version="1.0"?>
<xml>
  <type>
    <block>
      <time>Mo 11 M&#xE4;r 2013 02:09:12 CET</time>
      <bondEncode>0,0,0,0,0,0,0,0,0,0,0,0,0,0,0,0,0,0,0,0,0,0,0,0,0,0,0,0,0,0,0,0,0,0,0,0,0,0,0,0</bondEncode>
      <blockID>0</blockID>
      <nbond>25</nbond>
      <sbond>0</sbond>
      <dbond>0</dbond>
      <tbond>0</tbond>
      <qbond>0</qbond>
      <bounce>0</bounce>
      <hardness>0</hardness>
      <slip>0</slip>
      <made>127</made>
      <device>computer</device>
    </block>
    <level>
      <finishedLevel>1</finishedLevel>
      <time>Mo 11 M&#xE4;r 2013 02:09:12 CET</time>
      <tilesRemoved>45</tilesRemoved>
      <timeToFinish>194.64899999999</timeToFinish>
      <status>quit</status>
    </level>
  </type>
</xml>
