<?xml version="1.0"?>
<xml>
  <type>
    <block>
      <time>3/8/2013 8:22:01 PM</time>
      <bondEncode>0,0,0,0,0,0,0,0,0,0,0,0,0,0,0,0,0,0,0,0,0,0,0,0,0,0,0,0,0,0,0,0,0,0,0,0,0,0,0,0</bondEncode>
      <blockID>0</blockID>
      <nbond>25</nbond>
      <sbond>0</sbond>
      <dbond>0</dbond>
      <tbond>0</tbond>
      <qbond>0</qbond>
      <bounce>0</bounce>
      <hardness>0</hardness>
      <slip>0</slip>
      <made>4</made>
      <device>computer</device>
    </block>
    <block>
      <time>3/8/2013 8:23:34 PM</time>
      <bondEncode>1,1,1,0,0,0,0,0,1,0,1,1,0,0,0,0,1,1,0,1,1,1,1,1,0,1,1,1,1,0,0,1,0,1,0,1,0,0,1,0</bondEncode>
      <blockID>1</blockID>
      <nbond>0</nbond>
      <sbond>0</sbond>
      <dbond>4</dbond>
      <tbond>12</tbond>
      <qbond>9</qbond>
      <bounce>0</bounce>
      <hardness>0.71666666666667</hardness>
      <slip>0.15</slip>
      <made>18</made>
      <device>computer</device>
    </block>
    <level>
      <finishedLevel>1</finishedLevel>
      <time>3/8/2013 8:23:34 PM</time>
      <tilesRemoved>4</tilesRemoved>
      <timeToFinish>131.248</timeToFinish>
      <status>quit</status>
    </level>
  </type>
</xml>
