<?xml version="1.0"?>
<xml>
  <type>
    <block>
      <time>10.3.2013 21:12:06</time>
      <bondEncode>0,0,0,0,0,0,0,0,0,0,0,0,0,0,0,0,0,0,0,0,0,0,0,0,0,0,0,0,0,0,0,0,0,0,0,0,0,0,0,0</bondEncode>
      <blockID>0</blockID>
      <nbond>25</nbond>
      <sbond>0</sbond>
      <dbond>0</dbond>
      <tbond>0</tbond>
      <qbond>0</qbond>
      <bounce>0</bounce>
      <hardness>0</hardness>
      <slip>0</slip>
      <made>14</made>
      <device>computer</device>
    </block>
    <block>
      <time>10.3.2013 21:13:17</time>
      <bondEncode>0,0,0,0,0,0,0,0,0,0,0,0,0,0,0,0,0,0,0,0,0,0,0,0,1,0,0,0,0,0,0,0,0,0,0,0,0,0,0,0</bondEncode>
      <blockID>1</blockID>
      <nbond>20</nbond>
      <sbond>4</sbond>
      <dbond>1</dbond>
      <tbond>0</tbond>
      <qbond>0</qbond>
      <bounce>0</bounce>
      <hardness>0.0041666666666667</hardness>
      <slip>0.1375</slip>
      <made>15</made>
      <device>computer</device>
    </block>
    <level>
      <finishedLevel>1</finishedLevel>
      <time>10.3.2013 21:13:17</time>
      <tilesRemoved>5</tilesRemoved>
      <timeToFinish>106.23</timeToFinish>
      <status>quit</status>
    </level>
  </type>
</xml>
