<?xml version="1.0"?>
<xml>
  <type>
    <block>
      <time>Saturday, March 09, 2013 1:27:53 AM</time>
      <bondEncode>0,0,0,0,0,0,0,0,0,0,0,0,0,0,0,0,0,0,0,0,0,0,0,0,0,0,0,0,0,0,0,0,0,0,0,0,0,0,0,0</bondEncode>
      <blockID>0</blockID>
      <nbond>25</nbond>
      <sbond>0</sbond>
      <dbond>0</dbond>
      <tbond>0</tbond>
      <qbond>0</qbond>
      <bounce>0</bounce>
      <hardness>0</hardness>
      <slip>0</slip>
      <made>10</made>
      <device>computer</device>
    </block>
    <block>
      <time>Saturday, March 09, 2013 1:29:06 AM</time>
      <bondEncode>1,1,1,1,1,1,1,1,1,1,1,1,1,1,1,1,0,0,0,0,0,0,0,0,0,0,0,0,0,0,0,0,0,0,0,0,0,0,0,1</bondEncode>
      <blockID>1</blockID>
      <nbond>0</nbond>
      <sbond>8</sbond>
      <dbond>17</dbond>
      <tbond>0</tbond>
      <qbond>0</qbond>
      <bounce>0</bounce>
      <hardness>0.070833333333333</hardness>
      <slip>0.8375</slip>
      <made>110</made>
      <device>computer</device>
    </block>
    <level>
      <finishedLevel>1</finishedLevel>
      <time>Saturday, March 09, 2013 1:29:06 AM</time>
      <tilesRemoved>32</tilesRemoved>
      <timeToFinish>279.60099999997</timeToFinish>
      <status>quit</status>
    </level>
  </type>
</xml>
