<?xml version="1.0"?>
<xml>
  <type>
    <block>
      <time>March 2, 2013, 9:33:11 PM CST</time>
      <bondEncode>0,0,0,0,0,0,0,0,0,0,0,0,0,0,0,0,0,0,0,0,0,0,0,0,0,0,0,0,0,0,0,0,0,0,0,0,0,0,0,0</bondEncode>
      <blockID>0</blockID>
      <nbond>25</nbond>
      <sbond>0</sbond>
      <dbond>0</dbond>
      <tbond>0</tbond>
      <qbond>0</qbond>
      <bounce>0</bounce>
      <hardness>0</hardness>
      <slip>0</slip>
      <made>12</made>
      <device>iPad</device>
    </block>
    <block>
      <time>March 2, 2013, 9:34:54 PM CST</time>
      <bondEncode>0,0,0,0,0,1,0,0,1,0,1,1,0,0,0,0,0,0,0,0,1,0,0,0,0,1,0,1,0,0,0,0,0,0,1,0,0,0,0,1</bondEncode>
      <blockID>1</blockID>
      <nbond>13</nbond>
      <sbond>2</sbond>
      <dbond>10</dbond>
      <tbond>0</tbond>
      <qbond>0</qbond>
      <bounce>0</bounce>
      <hardness>0.041666666666667</hardness>
      <slip>0.425</slip>
      <made>36</made>
      <device>iPad</device>
    </block>
    <block>
      <time>March 2, 2013, 9:38:28 PM CST</time>
      <bondEncode>1,0,0,0,0,0,0,0,0,0,0,0,0,0,0,0,0,0,0,0,0,1,0,1,0,0,1,0,1,0,0,1,0,1,0,0,1,0,1,0</bondEncode>
      <blockID>2</blockID>
      <nbond>9</nbond>
      <sbond>4</sbond>
      <dbond>8</dbond>
      <tbond>4</tbond>
      <qbond>0</qbond>
      <bounce>0.33333333333333</bounce>
      <hardness>0.1</hardness>
      <slip>0.4</slip>
      <made>8</made>
      <device>iPad</device>
    </block>
    <block>
      <time>March 2, 2013, 9:39:28 PM CST</time>
      <bondEncode>1,0,0,0,0,0,0,0,0,0,0,0,0,0,0,0,0,0,0,0,1,1,1,1,1,1,1,1,1,1,1,1,1,1,1,1,1,1,1,1</bondEncode>
      <blockID>3</blockID>
      <nbond>0</nbond>
      <sbond>0</sbond>
      <dbond>19</dbond>
      <tbond>6</tbond>
      <qbond>0</qbond>
      <bounce>0.42916666666667</bounce>
      <hardness>0.17916666666667</hardness>
      <slip>0.7125</slip>
      <made>6</made>
      <device>iPad</device>
    </block>
    <block>
      <time>March 2, 2013, 9:42:16 PM CST</time>
      <bondEncode>0,0,0,0,0,0,0,0,0,0,0,0,0,0,1,0,0,0,0,0,1,1,1,1,1,1,1,1,0,1,1,1,1,1,1,1,1,1,1,1</bondEncode>
      <blockID>4</blockID>
      <nbond>0</nbond>
      <sbond>10</sbond>
      <dbond>5</dbond>
      <tbond>4</tbond>
      <qbond>6</qbond>
      <bounce>0.62083333333333</bounce>
      <hardness>0.42083333333333</hardness>
      <slip>0.4375</slip>
      <made>93</made>
      <device>iPad</device>
    </block>
    <level>
      <finishedLevel>1</finishedLevel>
      <time>March 2, 2013, 9:42:16 PM CST</time>
      <tilesRemoved>61</tilesRemoved>
      <timeToFinish>959.63300000012</timeToFinish>
      <status>complete</status>
    </level>
  </type>
  <type>
    <block>
      <time>March 2, 2013, 9:49:29 PM CST</time>
      <bondEncode>0,0,0,0,0,0,0,0,0,0,0,0,0,0,1,0,0,0,0,0,1,1,1,1,1,1,1,1,0,1,1,1,1,1,1,1,1,1,1,1</bondEncode>
      <blockID>4</blockID>
      <nbond>0</nbond>
      <sbond>10</sbond>
      <dbond>5</dbond>
      <tbond>4</tbond>
      <qbond>6</qbond>
      <bounce>0.62083333333333</bounce>
      <hardness>0.42083333333333</hardness>
      <slip>0.4375</slip>
      <made>527</made>
      <device>iPad</device>
    </block>
    <block>
      <time>March 2, 2013, 10:09:21 PM CST</time>
      <bondEncode>1,0,0,0,1,0,0,1,1,0,1,0,1,1,0,0,0,0,0,0,0,1,1,1,0,0,1,0,0,1,1,1,0,0,1,0,1,1,1,1</bondEncode>
      <blockID>5</blockID>
      <nbond>0</nbond>
      <sbond>0</sbond>
      <dbond>5</dbond>
      <tbond>16</tbond>
      <qbond>4</qbond>
      <bounce>0</bounce>
      <hardness>0.50972222222222</hardness>
      <slip>0.1875</slip>
      <made>0</made>
      <device>iPad</device>
    </block>
    <block>
      <time>March 2, 2013, 10:09:57 PM CST</time>
      <bondEncode>0,0,0,0,0,0,0,0,0,0,0,0,0,0,1,0,0,0,0,0,1,1,1,1,1,1,1,1,0,1,1,1,1,1,1,1,1,1,1,1</bondEncode>
      <blockID>6</blockID>
      <nbond>0</nbond>
      <sbond>10</sbond>
      <dbond>5</dbond>
      <tbond>4</tbond>
      <qbond>6</qbond>
      <bounce>0.62083333333333</bounce>
      <hardness>0.42083333333333</hardness>
      <slip>0.4375</slip>
      <made>111</made>
      <device>iPad</device>
    </block>
    <level>
      <finishedLevel>2</finishedLevel>
      <time>March 2, 2013, 10:09:57 PM CST</time>
      <tilesRemoved>171</tilesRemoved>
      <timeToFinish>2402.515999999</timeToFinish>
      <status>complete</status>
    </level>
  </type>
</xml>
