<?xml version="1.0"?>
<xml>
  <type>
    <block>
      <time>samedi 9 mars 2013 15:29:17</time>
      <bondEncode>0,0,0,0,0,0,0,0,0,0,0,0,0,0,0,0,0,0,0,0,0,0,0,0,0,0,0,0,0,0,0,0,0,0,0,0,0,0,0,0</bondEncode>
      <blockID>0</blockID>
      <nbond>25</nbond>
      <sbond>0</sbond>
      <dbond>0</dbond>
      <tbond>0</tbond>
      <qbond>0</qbond>
      <bounce>0</bounce>
      <hardness>0</hardness>
      <slip>0</slip>
      <made>23</made>
      <device>computer</device>
    </block>
    <block>
      <time>samedi 9 mars 2013 15:30:51</time>
      <bondEncode>0,0,0,0,0,1,1,0,0,1,1,0,0,0,0,0,0,0,0,0,0,0,0,0,0,0,0,1,0,0,0,0,1,1,0,0,0,0,0,0</bondEncode>
      <blockID>1</blockID>
      <nbond>16</nbond>
      <sbond>0</sbond>
      <dbond>4</dbond>
      <tbond>4</tbond>
      <qbond>1</qbond>
      <bounce>0.36666666666667</bounce>
      <hardness>0.13888888888889</hardness>
      <slip>0.15</slip>
      <made>2</made>
      <device>computer</device>
    </block>
    <level>
      <finishedLevel>1</finishedLevel>
      <time>samedi 9 mars 2013 15:30:51</time>
      <tilesRemoved>9</tilesRemoved>
      <timeToFinish>104.294</timeToFinish>
      <status>quit</status>
    </level>
  </type>
</xml>
