<?xml version="1.0"?>
<xml>
  <type>
    <block>
      <time>3/8/2013 5:14:20 PM</time>
      <bondEncode>0,0,0,0,0,0,0,0,0,0,0,0,0,0,0,0,0,0,0,0,0,0,0,0,0,0,0,0,0,0,0,0,0,0,0,0,0,0,0,0</bondEncode>
      <blockID>0</blockID>
      <nbond>25</nbond>
      <sbond>0</sbond>
      <dbond>0</dbond>
      <tbond>0</tbond>
      <qbond>0</qbond>
      <bounce>0</bounce>
      <hardness>0</hardness>
      <slip>0</slip>
      <made>12</made>
      <device>computer</device>
    </block>
    <block>
      <time>3/8/2013 5:18:25 PM</time>
      <bondEncode>0,0,0,0,0,0,0,0,0,0,1,1,0,0,0,0,0,0,0,0,0,0,0,0,0,0,0,0,0,0,0,1,0,0,0,0,1,0,0,0</bondEncode>
      <blockID>1</blockID>
      <nbond>11</nbond>
      <sbond>7</sbond>
      <dbond>4</dbond>
      <tbond>1</tbond>
      <qbond>2</qbond>
      <bounce>0</bounce>
      <hardness>0.14444444444444</hardness>
      <slip>0.325</slip>
      <made>3</made>
      <device>computer</device>
    </block>
    <block>
      <time>3/8/2013 5:19:25 PM</time>
      <bondEncode>0,0,0,1,1,0,0,0,0,0,0,0,1,0,0,0,1,1,1,1,1,0,1,0,1,0,1,0,0,0,1,0,0,1,0,0,0,0,0,0</bondEncode>
      <blockID>2</blockID>
      <nbond>0</nbond>
      <sbond>6</sbond>
      <dbond>10</dbond>
      <tbond>8</tbond>
      <qbond>1</qbond>
      <bounce>0.49166666666667</bounce>
      <hardness>0.23055555555556</hardness>
      <slip>0.525</slip>
      <made>22</made>
      <device>computer</device>
    </block>
    <level>
      <finishedLevel>1</finishedLevel>
      <time>3/8/2013 5:19:25 PM</time>
      <tilesRemoved>7</tilesRemoved>
      <timeToFinish>435.54500000024</timeToFinish>
      <status>quit</status>
    </level>
  </type>
</xml>
