<?xml version="1.0"?>
<xml>
  <type>
    <block>
      <time>Sat Mar  9 17:58:22 2013</time>
      <bondEncode>0,0,0,0,0,0,0,0,0,0,0,0,0,0,0,0,0,0,0,0,0,0,0,0,0,0,0,0,0,0,0,0,0,0,0,0,0,0,0,0</bondEncode>
      <blockID>0</blockID>
      <nbond>25</nbond>
      <sbond>0</sbond>
      <dbond>0</dbond>
      <tbond>0</tbond>
      <qbond>0</qbond>
      <bounce>0</bounce>
      <hardness>0</hardness>
      <slip>0</slip>
      <made>77</made>
      <device>computer</device>
    </block>
    <level>
      <finishedLevel>1</finishedLevel>
      <time>Sat Mar  9 17:58:22 2013</time>
      <tilesRemoved>27</tilesRemoved>
      <timeToFinish>102.909</timeToFinish>
      <status>quit</status>
    </level>
  </type>
</xml>
