<?xml version="1.0"?>
<xml>
  <type>
    <block>
      <time>Sun Mar 10 16:09:16 2013</time>
      <bondEncode>0,0,0,0,0,0,0,0,0,0,0,0,0,0,0,0,0,0,0,0,0,0,0,0,0,0,0,0,0,0,0,0,0,0,0,0,0,0,0,0</bondEncode>
      <blockID>0</blockID>
      <nbond>25</nbond>
      <sbond>0</sbond>
      <dbond>0</dbond>
      <tbond>0</tbond>
      <qbond>0</qbond>
      <bounce>0</bounce>
      <hardness>0</hardness>
      <slip>0</slip>
      <made>4</made>
      <device>computer</device>
    </block>
    <block>
      <time>Sun Mar 10 16:11:01 2013</time>
      <bondEncode>1,1,1,1,0,0,0,0,1,1,1,1,0,0,0,0,1,1,1,1,0,0,0,0,0,0,0,0,0,1,0,0,1,0,0,0,0,1,0,0</bondEncode>
      <blockID>1</blockID>
      <nbond>8</nbond>
      <sbond>4</sbond>
      <dbond>11</dbond>
      <tbond>2</tbond>
      <qbond>0</qbond>
      <bounce>0.29583333333333</bounce>
      <hardness>0.079166666666667</hardness>
      <slip>0.5125</slip>
      <made>19</made>
      <device>computer</device>
    </block>
    <level>
      <finishedLevel>1</finishedLevel>
      <time>Sun Mar 10 16:11:01 2013</time>
      <tilesRemoved>10</tilesRemoved>
      <timeToFinish>222.96599999998</timeToFinish>
      <status>quit</status>
    </level>
  </type>
</xml>
