<?xml version="1.0"?>
<xml>
  <type>
    <block>
      <time>20 March 2013 12:45:46</time>
      <bondEncode>0,0,0,0,0,0,0,0,0,0,0,0,0,0,0,0,0,0,0,0,0,0,0,0,0,0,0,0,0,0,0,0,0,0,0,0,0,0,0,0</bondEncode>
      <blockID>0</blockID>
      <nbond>25</nbond>
      <sbond>0</sbond>
      <dbond>0</dbond>
      <tbond>0</tbond>
      <qbond>0</qbond>
      <bounce>0</bounce>
      <hardness>0</hardness>
      <slip>0</slip>
      <made>2</made>
      <device>computer</device>
    </block>
    <block>
      <time>20 March 2013 12:46:00</time>
      <bondEncode>0,0,0,0,0,0,0,0,0,0,0,0,0,0,0,0,0,0,0,0,1,0,0,0,0,0,1,0,0,0,0,0,0,0,0,0,0,0,0,0</bondEncode>
      <blockID>1</blockID>
      <nbond>15</nbond>
      <sbond>8</sbond>
      <dbond>2</dbond>
      <tbond>0</tbond>
      <qbond>0</qbond>
      <bounce>0</bounce>
      <hardness>0.0083333333333333</hardness>
      <slip>0.275</slip>
      <made>14</made>
      <device>computer</device>
    </block>
    <block>
      <time>20 March 2013 12:47:09</time>
      <bondEncode>1,1,1,1,1,1,1,1,1,1,1,1,1,1,1,1,1,0,1,1,1,1,1,1,1,1,1,0,0,1,1,1,1,1,0,1,1,0,1,1</bondEncode>
      <blockID>2</blockID>
      <nbond>0</nbond>
      <sbond>0</sbond>
      <dbond>7</dbond>
      <tbond>12</tbond>
      <qbond>6</qbond>
      <bounce>0.44166666666667</bounce>
      <hardness>0.5625</hardness>
      <slip>0.2625</slip>
      <made>7</made>
      <device>computer</device>
    </block>
    <level>
      <finishedLevel>1</finishedLevel>
      <time>20 March 2013 12:47:09</time>
      <tilesRemoved>4</tilesRemoved>
      <timeToFinish>100.744</timeToFinish>
      <status>quit</status>
    </level>
  </type>
</xml>
