<?xml version="1.0"?>
<xml>
  <type>
    <block>
      <time>3/11/2013 5:18:51 PM</time>
      <bondEncode>0,0,0,0,0,0,0,0,0,0,0,0,0,0,0,0,0,0,0,0,0,0,0,0,0,0,0,0,0,0,0,0,0,0,0,0,0,0,0,0</bondEncode>
      <blockID>0</blockID>
      <nbond>25</nbond>
      <sbond>0</sbond>
      <dbond>0</dbond>
      <tbond>0</tbond>
      <qbond>0</qbond>
      <bounce>0</bounce>
      <hardness>0</hardness>
      <slip>0</slip>
      <made>14</made>
      <device>computer</device>
    </block>
    <block>
      <time>3/11/2013 5:20:20 PM</time>
      <bondEncode>1,1,0,1,0,0,0,0,0,1,0,1,0,0,0,0,1,0,1,0,0,0,0,0,1,1,0,0,0,0,1,0,1,0,1,1,0,1,0,1</bondEncode>
      <blockID>1</blockID>
      <nbond>0</nbond>
      <sbond>2</sbond>
      <dbond>23</dbond>
      <tbond>0</tbond>
      <qbond>0</qbond>
      <bounce>0</bounce>
      <hardness>0.095833333333333</hardness>
      <slip>0.9125</slip>
      <made>15</made>
      <device>computer</device>
    </block>
    <block>
      <time>3/11/2013 5:20:44 PM</time>
      <bondEncode>0,1,1,1,0,0,0,0,0,1,1,1,0,0,0,0,1,0,1,1,1,0,0,0,0,0,0,0,0,0,1,0,0,0,0,1,0,0,0,0</bondEncode>
      <blockID>2</blockID>
      <nbond>0</nbond>
      <sbond>10</sbond>
      <dbond>15</dbond>
      <tbond>0</tbond>
      <qbond>0</qbond>
      <bounce>0</bounce>
      <hardness>0.0625</hardness>
      <slip>0.8125</slip>
      <made>6</made>
      <device>computer</device>
    </block>
    <block>
      <time>3/11/2013 5:20:56 PM</time>
      <bondEncode>0,0,0,0,0,0,0,0,0,0,0,0,0,0,0,0,0,0,0,0,0,0,0,0,0,0,0,0,0,0,0,0,0,0,0,0,0,0,0,0</bondEncode>
      <blockID>3</blockID>
      <nbond>25</nbond>
      <sbond>0</sbond>
      <dbond>0</dbond>
      <tbond>0</tbond>
      <qbond>0</qbond>
      <bounce>0</bounce>
      <hardness>0</hardness>
      <slip>0</slip>
      <made>18</made>
      <device>computer</device>
    </block>
    <level>
      <finishedLevel>1</finishedLevel>
      <time>3/11/2013 5:20:56 PM</time>
      <tilesRemoved>20</tilesRemoved>
      <timeToFinish>168.393</timeToFinish>
      <status>quit</status>
    </level>
  </type>
</xml>
