<?xml version="1.0"?>
<xml>
  <type>
    <block>
      <time>3/19/2013 1:38:46 PM</time>
      <bondEncode>0,0,0,0,0,0,0,0,0,0,0,0,0,0,0,0,0,0,0,0,0,0,0,0,0,0,0,0,0,0,0,0,0,0,0,0,0,0,0,0</bondEncode>
      <blockID>0</blockID>
      <nbond>25</nbond>
      <sbond>0</sbond>
      <dbond>0</dbond>
      <tbond>0</tbond>
      <qbond>0</qbond>
      <bounce>0</bounce>
      <hardness>0</hardness>
      <slip>0</slip>
      <made>136</made>
      <device>computer</device>
    </block>
    <block>
      <time>3/19/2013 1:43:45 PM</time>
      <bondEncode>0,0,0,0,0,0,1,0,0,0,0,0,0,0,0,0,0,0,0,0,0,0,0,0,0,0,0,0,0,0,0,0,0,0,0,0,0,0,0,0</bondEncode>
      <blockID>1</blockID>
      <nbond>23</nbond>
      <sbond>2</sbond>
      <dbond>0</dbond>
      <tbond>0</tbond>
      <qbond>0</qbond>
      <bounce>0</bounce>
      <hardness>0</hardness>
      <slip>0.05</slip>
      <made>4</made>
      <device>computer</device>
    </block>
    <level>
      <finishedLevel>1</finishedLevel>
      <time>3/19/2013 1:43:45 PM</time>
      <tilesRemoved>50</tilesRemoved>
      <timeToFinish>315.51099999996</timeToFinish>
      <status>quit</status>
    </level>
  </type>
</xml>
