<?xml version="1.0"?>
<xml>
  <type>
    <block>
      <time>3/19/2013 2:26:03 PM</time>
      <bondEncode>0,0,0,0,0,0,0,0,0,0,0,0,0,0,0,0,0,0,0,0,0,0,0,0,0,0,0,0,0,0,0,0,0,0,0,0,0,0,0,0</bondEncode>
      <blockID>0</blockID>
      <nbond>25</nbond>
      <sbond>0</sbond>
      <dbond>0</dbond>
      <tbond>0</tbond>
      <qbond>0</qbond>
      <bounce>0</bounce>
      <hardness>0</hardness>
      <slip>0</slip>
      <made>56</made>
      <device>computer</device>
    </block>
    <block>
      <time>3/19/2013 2:27:49 PM</time>
      <bondEncode>1,1,1,1,0,0,0,0,0,0,0,0,0,0,0,0,0,0,0,0,0,1,1,1,1,0,0,0,0,0,0,0,0,0,0,0,0,0,0,0</bondEncode>
      <blockID>1</blockID>
      <nbond>15</nbond>
      <sbond>0</sbond>
      <dbond>4</dbond>
      <tbond>6</tbond>
      <qbond>0</qbond>
      <bounce>0.36666666666667</bounce>
      <hardness>0.11666666666667</hardness>
      <slip>0.15</slip>
      <made>14</made>
      <device>computer</device>
    </block>
    <block>
      <time>3/19/2013 2:28:26 PM</time>
      <bondEncode>0,0,0,0,0,0,0,0,0,0,0,0,0,0,0,0,0,0,0,0,0,0,0,0,0,0,0,0,0,0,0,0,0,0,0,0,0,0,0,0</bondEncode>
      <blockID>2</blockID>
      <nbond>25</nbond>
      <sbond>0</sbond>
      <dbond>0</dbond>
      <tbond>0</tbond>
      <qbond>0</qbond>
      <bounce>0</bounce>
      <hardness>0</hardness>
      <slip>0</slip>
      <made>44</made>
      <device>computer</device>
    </block>
    <block>
      <time>3/19/2013 2:29:21 PM</time>
      <bondEncode>1,1,1,1,0,0,0,0,0,0,0,0,0,0,0,0,0,0,0,0,0,0,0,0,1,0,0,0,0,0,0,0,0,0,0,0,0,0,0,0</bondEncode>
      <blockID>3</blockID>
      <nbond>15</nbond>
      <sbond>0</sbond>
      <dbond>10</dbond>
      <tbond>0</tbond>
      <qbond>0</qbond>
      <bounce>0</bounce>
      <hardness>0.041666666666667</hardness>
      <slip>0.375</slip>
      <made>4</made>
      <device>computer</device>
    </block>
    <level>
      <finishedLevel>1</finishedLevel>
      <time>3/19/2013 2:29:21 PM</time>
      <tilesRemoved>22</tilesRemoved>
      <timeToFinish>224.42799999997</timeToFinish>
      <status>quit</status>
    </level>
  </type>
</xml>
