<?xml version="1.0"?>
<xml>
  <type>
    <block>
      <time>15/3/2013 19:16:50</time>
      <bondEncode>0,0,0,0,0,0,0,0,0,0,0,0,0,0,0,0,0,0,0,0,0,0,0,0,0,0,0,0,0,0,0,0,0,0,0,0,0,0,0,0</bondEncode>
      <blockID>0</blockID>
      <nbond>25</nbond>
      <sbond>0</sbond>
      <dbond>0</dbond>
      <tbond>0</tbond>
      <qbond>0</qbond>
      <bounce>0</bounce>
      <hardness>0</hardness>
      <slip>0</slip>
      <made>4</made>
      <device>computer</device>
    </block>
    <block>
      <time>15/3/2013 19:17:08</time>
      <bondEncode>0,0,0,0,0,0,0,0,0,0,0,0,0,0,0,0,0,0,0,0,0,0,0,0,0,0,0,0,0,0,0,0,0,0,0,0,0,0,0,0</bondEncode>
      <blockID>1</blockID>
      <nbond>23</nbond>
      <sbond>2</sbond>
      <dbond>0</dbond>
      <tbond>0</tbond>
      <qbond>0</qbond>
      <bounce>0</bounce>
      <hardness>0</hardness>
      <slip>0.05</slip>
      <made>64</made>
      <device>computer</device>
    </block>
    <block>
      <time>15/3/2013 19:18:41</time>
      <bondEncode>1,1,1,1,0,0,0,0,1,1,1,1,0,0,0,0,1,1,1,1,0,0,1,0,0,0,0,1,0,0,0,1,0,1,0,0,1,0,1,0</bondEncode>
      <blockID>2</blockID>
      <nbond>7</nbond>
      <sbond>6</sbond>
      <dbond>6</dbond>
      <tbond>6</tbond>
      <qbond>0</qbond>
      <bounce>0.375</bounce>
      <hardness>0.125</hardness>
      <slip>0.375</slip>
      <made>31</made>
      <device>computer</device>
    </block>
    <block>
      <time>15/3/2013 19:19:36</time>
      <bondEncode>0,0,1,1,0,0,0,0,1,1,1,1,0,0,0,0,0,0,0,0,1,0,0,0,0,1,0,0,0,0,0,0,1,0,0,0,0,1,0,0</bondEncode>
      <blockID>3</blockID>
      <nbond>8</nbond>
      <sbond>4</sbond>
      <dbond>12</dbond>
      <tbond>0</tbond>
      <qbond>1</qbond>
      <bounce>0</bounce>
      <hardness>0.10555555555556</hardness>
      <slip>0.55</slip>
      <made>2</made>
      <device>computer</device>
    </block>
    <block>
      <time>15/3/2013 19:20:20</time>
      <bondEncode>1,1,1,1,0,0,0,0,0,0,0,0,0,0,0,0,1,1,1,1,0,1,0,1,0,0,1,0,1,0,0,1,0,1,0,0,1,0,1,0</bondEncode>
      <blockID>4</blockID>
      <nbond>9</nbond>
      <sbond>4</sbond>
      <dbond>8</dbond>
      <tbond>4</tbond>
      <qbond>0</qbond>
      <bounce>0.33333333333333</bounce>
      <hardness>0.1</hardness>
      <slip>0.4</slip>
      <made>6</made>
      <device>computer</device>
    </block>
    <level>
      <finishedLevel>1</finishedLevel>
      <time>15/3/2013 19:20:20</time>
      <tilesRemoved>7</tilesRemoved>
      <timeToFinish>230.91699999996</timeToFinish>
      <status>quit</status>
    </level>
  </type>
</xml>
