<?xml version="1.0"?>
<xml>
  <type>
    <block>
      <time>March 15, 2013 1:21:15 PM MDT</time>
      <bondEncode>0,0,0,0,0,0,0,0,0,0,0,0,0,0,0,0,0,0,0,0,0,0,0,0,0,0,0,0,0,0,0,0,0,0,0,0,0,0,0,0</bondEncode>
      <blockID>0</blockID>
      <nbond>25</nbond>
      <sbond>0</sbond>
      <dbond>0</dbond>
      <tbond>0</tbond>
      <qbond>0</qbond>
      <bounce>0</bounce>
      <hardness>0</hardness>
      <slip>0</slip>
      <made>45</made>
      <device>computer</device>
    </block>
    <block>
      <time>March 15, 2013 1:22:03 PM MDT</time>
      <bondEncode>0,0,0,0,0,0,0,0,0,1,0,0,0,0,0,0,0,0,1,0,0,0,0,0,0,0,0,0,0,0,0,0,0,0,0,0,0,0,0,0</bondEncode>
      <blockID>1</blockID>
      <nbond>18</nbond>
      <sbond>6</sbond>
      <dbond>1</dbond>
      <tbond>0</tbond>
      <qbond>0</qbond>
      <bounce>0</bounce>
      <hardness>0.0041666666666667</hardness>
      <slip>0.1875</slip>
      <made>0</made>
      <device>computer</device>
    </block>
    <level>
      <finishedLevel>1</finishedLevel>
      <time>March 15, 2013 1:22:03 PM MDT</time>
      <tilesRemoved>9</tilesRemoved>
      <timeToFinish>53.133000000001</timeToFinish>
      <status>quit</status>
    </level>
  </type>
</xml>
