<?xml version="1.0"?>
<xml>
  <type>
    <block>
      <time>Montag, 18. M&#xE4;rz 2013 12:58:26</time>
      <bondEncode>0,0,0,0,0,0,0,0,0,0,0,0,0,0,0,0,0,0,0,0,0,0,0,0,0,0,0,0,0,0,0,0,0,0,0,0,0,0,0,0</bondEncode>
      <blockID>0</blockID>
      <nbond>25</nbond>
      <sbond>0</sbond>
      <dbond>0</dbond>
      <tbond>0</tbond>
      <qbond>0</qbond>
      <bounce>0</bounce>
      <hardness>0</hardness>
      <slip>0</slip>
      <made>43</made>
      <device>computer</device>
    </block>
    <block>
      <time>Montag, 18. M&#xE4;rz 2013 13:00:11</time>
      <bondEncode>0,1,1,1,0,0,0,0,0,0,0,0,0,0,0,0,0,0,0,0,1,0,0,0,0,1,0,0,0,0,1,0,0,0,0,1,0,0,0,1</bondEncode>
      <blockID>1</blockID>
      <nbond>9</nbond>
      <sbond>4</sbond>
      <dbond>12</dbond>
      <tbond>0</tbond>
      <qbond>0</qbond>
      <bounce>0</bounce>
      <hardness>0.05</hardness>
      <slip>0.55</slip>
      <made>0</made>
      <device>computer</device>
    </block>
    <block>
      <time>Montag, 18. M&#xE4;rz 2013 13:00:43</time>
      <bondEncode>0,1,1,1,0,1,1,1,1,0,0,0,1,1,1,1,0,0,0,0,1,1,1,1,0,1,1,1,1,0,1,1,1,0,0,1,1,0,1,1</bondEncode>
      <blockID>2</blockID>
      <nbond>0</nbond>
      <sbond>0</sbond>
      <dbond>4</dbond>
      <tbond>12</tbond>
      <qbond>9</qbond>
      <bounce>0</bounce>
      <hardness>0.71666666666667</hardness>
      <slip>0.15</slip>
      <made>14</made>
      <device>computer</device>
    </block>
    <block>
      <time>Montag, 18. M&#xE4;rz 2013 13:01:28</time>
      <bondEncode>0,1,1,1,0,1,1,1,0,0,0,0,0,0,0,0,0,0,0,0,1,1,1,1,0,1,1,0,0,0,1,1,0,0,0,1,0,0,0,1</bondEncode>
      <blockID>3</blockID>
      <nbond>3</nbond>
      <sbond>6</sbond>
      <dbond>7</dbond>
      <tbond>8</tbond>
      <qbond>1</qbond>
      <bounce>0.47916666666667</bounce>
      <hardness>0.21805555555556</hardness>
      <slip>0.4125</slip>
      <made>4</made>
      <device>computer</device>
    </block>
    <block>
      <time>Montag, 18. M&#xE4;rz 2013 13:01:42</time>
      <bondEncode>1,1,1,1,1,1,1,0,0,1,1,0,0,1,1,0,0,0,0,0,0,0,0,0,1,1,0,0,1,1,1,0,1,1,1,1,0,0,0,1</bondEncode>
      <blockID>4</blockID>
      <nbond>0</nbond>
      <sbond>1</sbond>
      <dbond>21</dbond>
      <tbond>3</tbond>
      <qbond>0</qbond>
      <bounce>0</bounce>
      <hardness>0.1375</hardness>
      <slip>0.8125</slip>
      <made>7</made>
      <device>computer</device>
    </block>
    <level>
      <finishedLevel>1</finishedLevel>
      <time>Montag, 18. M&#xE4;rz 2013 13:01:42</time>
      <tilesRemoved>16</tilesRemoved>
      <timeToFinish>214.13099999998</timeToFinish>
      <status>quit</status>
    </level>
  </type>
</xml>
