<?xml version="1.0"?>
<xml>
  <type>
    <block>
      <time>3/26/2013 1:50:24 PM</time>
      <bondEncode>0,0,0,0,0,0,0,0,0,0,0,0,0,0,0,0,0,0,0,0,0,0,0,0,0,0,0,0,0,0,0,0,0,0,0,0,0,0,0,0</bondEncode>
      <blockID>0</blockID>
      <nbond>25</nbond>
      <sbond>0</sbond>
      <dbond>0</dbond>
      <tbond>0</tbond>
      <qbond>0</qbond>
      <bounce>0</bounce>
      <hardness>0</hardness>
      <slip>0</slip>
      <made>16</made>
      <device>computer</device>
    </block>
    <block>
      <time>3/26/2013 1:51:07 PM</time>
      <bondEncode>1,0,0,1,0,0,0,1,0,0,0,0,1,1,1,1,0,0,0,0,0,1,0,1,1,0,0,0,0,0,0,1,0,0,0,0,1,0,0,1</bondEncode>
      <blockID>1</blockID>
      <nbond>5</nbond>
      <sbond>0</sbond>
      <dbond>18</dbond>
      <tbond>0</tbond>
      <qbond>2</qbond>
      <bounce>0</bounce>
      <hardness>0.18611111111111</hardness>
      <slip>0.675</slip>
      <made>10</made>
      <device>computer</device>
    </block>
    <block>
      <time>3/26/2013 1:51:35 PM</time>
      <bondEncode>0,0,0,0,0,0,0,0,0,0,0,0,0,0,0,0,0,0,0,0,1,0,1,0,1,1,0,1,0,1,0,0,1,0,0,1,0,1,0,1</bondEncode>
      <blockID>2</blockID>
      <nbond>10</nbond>
      <sbond>10</sbond>
      <dbond>5</dbond>
      <tbond>0</tbond>
      <qbond>0</qbond>
      <bounce>0</bounce>
      <hardness>0.020833333333333</hardness>
      <slip>0.4375</slip>
      <made>4</made>
      <device>computer</device>
    </block>
    <level>
      <finishedLevel>1</finishedLevel>
      <time>3/26/2013 1:51:35 PM</time>
      <tilesRemoved>7</tilesRemoved>
      <timeToFinish>77.552</timeToFinish>
      <status>quit</status>
    </level>
  </type>
</xml>
