<?xml version="1.0"?>
<xml>
  <type>
    <block>
      <time>March 27, 2013, 2:38:30 PM CDT</time>
      <bondEncode>0,0,0,0,0,0,0,0,0,0,0,0,0,0,0,0,0,0,0,0,0,0,0,0,0,0,0,0,0,0,0,0,0,0,0,0,0,0,0,0</bondEncode>
      <blockID>0</blockID>
      <nbond>25</nbond>
      <sbond>0</sbond>
      <dbond>0</dbond>
      <tbond>0</tbond>
      <qbond>0</qbond>
      <bounce>0</bounce>
      <hardness>0</hardness>
      <slip>0</slip>
      <made>33</made>
      <device>iPad</device>
    </block>
    <block>
      <time>March 27, 2013, 2:40:46 PM CDT</time>
      <bondEncode>1,0,1,0,0,1,0,1,1,0,1,0,0,1,0,1,0,0,1,0,0,1,0,1,1,1,0,1,0,1,0,1,0,1,0,0,0,1,0,1</bondEncode>
      <blockID>1</blockID>
      <nbond>0</nbond>
      <sbond>9</sbond>
      <dbond>15</dbond>
      <tbond>1</tbond>
      <qbond>0</qbond>
      <bounce>0</bounce>
      <hardness>0.079166666666667</hardness>
      <slip>0.7875</slip>
      <made>285</made>
      <device>iPad</device>
    </block>
    <block>
      <time>March 27, 2013, 2:48:38 PM CDT</time>
      <bondEncode>0,0,0,0,1,1,1,1,0,0,0,0,0,0,0,0,1,1,1,0,0,0,0,0,0,0,0,0,0,0,0,0,0,0,0,0,0,0,0,0</bondEncode>
      <blockID>2</blockID>
      <nbond>16</nbond>
      <sbond>4</sbond>
      <dbond>5</dbond>
      <tbond>0</tbond>
      <qbond>0</qbond>
      <bounce>0</bounce>
      <hardness>0.020833333333333</hardness>
      <slip>0.2875</slip>
      <made>16</made>
      <device>iPad</device>
    </block>
    <block>
      <time>March 27, 2013, 2:49:08 PM CDT</time>
      <bondEncode>1,0,1,0,0,1,0,1,1,0,1,0,0,1,0,1,0,0,1,0,0,1,0,1,1,1,0,1,0,1,0,1,0,1,0,0,0,1,0,1</bondEncode>
      <blockID>3</blockID>
      <nbond>0</nbond>
      <sbond>9</sbond>
      <dbond>15</dbond>
      <tbond>1</tbond>
      <qbond>0</qbond>
      <bounce>0</bounce>
      <hardness>0.079166666666667</hardness>
      <slip>0.7875</slip>
      <made>100</made>
      <device>iPad</device>
    </block>
    <block>
      <time>March 27, 2013, 2:50:54 PM CDT</time>
      <bondEncode>0,0,0,0,1,1,1,1,0,0,0,0,0,0,0,0,1,1,1,0,0,0,0,0,0,0,0,0,0,0,0,0,0,0,0,0,0,0,0,0</bondEncode>
      <blockID>4</blockID>
      <nbond>16</nbond>
      <sbond>4</sbond>
      <dbond>5</dbond>
      <tbond>0</tbond>
      <qbond>0</qbond>
      <bounce>0</bounce>
      <hardness>0.020833333333333</hardness>
      <slip>0.2875</slip>
      <made>32</made>
      <device>iPad</device>
    </block>
    <block>
      <time>March 27, 2013, 2:51:43 PM CDT</time>
      <bondEncode>1,0,1,0,0,1,0,1,1,0,1,0,0,1,0,1,0,0,1,0,0,1,0,1,1,1,0,1,0,1,0,1,0,1,0,0,0,1,0,1</bondEncode>
      <blockID>5</blockID>
      <nbond>0</nbond>
      <sbond>9</sbond>
      <dbond>15</dbond>
      <tbond>1</tbond>
      <qbond>0</qbond>
      <bounce>0</bounce>
      <hardness>0.079166666666667</hardness>
      <slip>0.7875</slip>
      <made>100</made>
      <device>iPad</device>
    </block>
    <block>
      <time>March 27, 2013, 2:52:38 PM CDT</time>
      <bondEncode>0,0,0,0,1,1,1,1,0,0,0,0,0,0,0,0,1,1,1,0,0,0,0,0,0,0,0,0,0,0,0,0,0,0,0,0,0,0,0,0</bondEncode>
      <blockID>6</blockID>
      <nbond>16</nbond>
      <sbond>4</sbond>
      <dbond>5</dbond>
      <tbond>0</tbond>
      <qbond>0</qbond>
      <bounce>0</bounce>
      <hardness>0.020833333333333</hardness>
      <slip>0.2875</slip>
      <made>23</made>
      <device>iPad</device>
    </block>
    <block>
      <time>March 27, 2013, 2:53:05 PM CDT</time>
      <bondEncode>1,0,1,0,0,1,0,1,1,0,1,0,0,1,0,1,0,0,1,0,0,1,0,1,1,1,0,1,0,1,0,1,0,1,0,0,0,1,0,1</bondEncode>
      <blockID>7</blockID>
      <nbond>0</nbond>
      <sbond>9</sbond>
      <dbond>15</dbond>
      <tbond>1</tbond>
      <qbond>0</qbond>
      <bounce>0</bounce>
      <hardness>0.079166666666667</hardness>
      <slip>0.7875</slip>
      <made>18</made>
      <device>iPad</device>
    </block>
    <level>
      <finishedLevel>1</finishedLevel>
      <time>March 27, 2013, 2:53:05 PM CDT</time>
      <tilesRemoved>98</tilesRemoved>
      <timeToFinish>863.83100000003</timeToFinish>
      <status>complete</status>
    </level>
  </type>
</xml>
