<?xml version="1.0"?>
<xml>
  <type>
    <block>
      <time>3/22/2013 10:58:15 PM</time>
      <bondEncode>0,0,0,0,0,0,0,0,0,0,0,0,0,0,0,0,0,0,0,0,0,0,0,0,0,0,0,0,0,0,0,0,0,0,0,0,0,0,0,0</bondEncode>
      <blockID>0</blockID>
      <nbond>25</nbond>
      <sbond>0</sbond>
      <dbond>0</dbond>
      <tbond>0</tbond>
      <qbond>0</qbond>
      <bounce>0</bounce>
      <hardness>0</hardness>
      <slip>0</slip>
      <made>0</made>
      <device>computer</device>
    </block>
    <level>
      <finishedLevel>1</finishedLevel>
      <time>3/22/2013 10:58:15 PM</time>
      <tilesRemoved>0</tilesRemoved>
      <timeToFinish>47.695</timeToFinish>
      <status>quit</status>
    </level>
  </type>
</xml>
