<?xml version="1.0"?>
<xml>
  <type>
    <block>
      <time>March 29, 2013, 11:06:10 PM CDT</time>
      <bondEncode>0,0,0,0,0,0,0,0,0,0,0,0,0,0,0,0,0,0,0,0,0,0,0,0,0,0,0,0,0,0,0,0,0,0,0,0,0,0,0,0</bondEncode>
      <blockID>0</blockID>
      <nbond>25</nbond>
      <sbond>0</sbond>
      <dbond>0</dbond>
      <tbond>0</tbond>
      <qbond>0</qbond>
      <bounce>0</bounce>
      <hardness>0</hardness>
      <slip>0</slip>
      <made>26</made>
      <device>iPad</device>
    </block>
    <block>
      <time>March 29, 2013, 11:07:02 PM CDT</time>
      <bondEncode>1,1,1,1,0,0,0,0,0,1,1,1,0,1,0,1,0,1,1,1,0,0,0,0,1,1,0,0,0,0,0,0,0,0,1,1,0,0,0,0</bondEncode>
      <blockID>1</blockID>
      <nbond>0</nbond>
      <sbond>8</sbond>
      <dbond>17</dbond>
      <tbond>0</tbond>
      <qbond>0</qbond>
      <bounce>17</bounce>
      <hardness>17</hardness>
      <slip>51</slip>
      <made>483</made>
      <device>iPad</device>
    </block>
    <block>
      <time>March 29, 2013, 11:14:55 PM CDT</time>
      <bondEncode>0,0,0,1,0,0,0,0,0,1,0,0,0,0,0,0,1,0,0,0,0,0,0,0,0,0,0,0,0,0,0,0,0,0,0,0,0,0,0,0</bondEncode>
      <blockID>2</blockID>
      <nbond>15</nbond>
      <sbond>10</sbond>
      <dbond>0</dbond>
      <tbond>0</tbond>
      <qbond>0</qbond>
      <bounce>0</bounce>
      <hardness>0</hardness>
      <slip>0</slip>
      <made>82</made>
      <device>iPad</device>
    </block>
    <block>
      <time>March 29, 2013, 11:15:35 PM CDT</time>
      <bondEncode>1,0,0,0,0,0,0,0,0,0,0,0,0,0,0,0,0,0,0,0,0,0,1,0,0,0,0,1,0,0,0,0,0,0,0,0,0,1,0,0</bondEncode>
      <blockID>3</blockID>
      <nbond>16</nbond>
      <sbond>8</sbond>
      <dbond>1</dbond>
      <tbond>0</tbond>
      <qbond>0</qbond>
      <bounce>1</bounce>
      <hardness>1</hardness>
      <slip>3</slip>
      <made>87</made>
      <device>iPad</device>
    </block>
    <block>
      <time>March 29, 2013, 11:17:30 PM CDT</time>
      <bondEncode>0,0,0,0,0,0,0,0,0,0,0,0,0,0,0,0,0,0,0,0,1,0,0,0,0,0,0,0,0,0,0,0,0,0,0,0,0,0,0,1</bondEncode>
      <blockID>4</blockID>
      <nbond>21</nbond>
      <sbond>4</sbond>
      <dbond>0</dbond>
      <tbond>0</tbond>
      <qbond>0</qbond>
      <bounce>0</bounce>
      <hardness>0</hardness>
      <slip>0</slip>
      <made>16</made>
      <device>iPad</device>
    </block>
    <block>
      <time>March 29, 2013, 11:17:50 PM CDT</time>
      <bondEncode>0,0,0,0,0,0,0,0,0,0,0,0,0,0,0,0,0,0,0,0,1,0,1,0,1,1,0,1,0,1,1,0,1,0,1,1,0,1,0,1</bondEncode>
      <blockID>5</blockID>
      <nbond>10</nbond>
      <sbond>6</sbond>
      <dbond>9</dbond>
      <tbond>0</tbond>
      <qbond>0</qbond>
      <bounce>9</bounce>
      <hardness>9</hardness>
      <slip>27</slip>
      <made>21</made>
      <device>iPad</device>
    </block>
    <block>
      <time>March 29, 2013, 11:19:24 PM CDT</time>
      <bondEncode>0,0,0,0,1,0,0,1,0,0,0,0,1,0,1,0,0,0,0,0,1,0,0,1,0,0,0,0,0,0,0,0,1,0,0,0,1,0,0,0</bondEncode>
      <blockID>6</blockID>
      <nbond>9</nbond>
      <sbond>0</sbond>
      <dbond>16</dbond>
      <tbond>0</tbond>
      <qbond>0</qbond>
      <bounce>16</bounce>
      <hardness>16</hardness>
      <slip>48</slip>
      <made>38</made>
      <device>iPad</device>
    </block>
    <block>
      <time>March 29, 2013, 11:20:53 PM CDT</time>
      <bondEncode>0,0,0,0,0,0,0,0,0,0,0,0,0,0,0,0,0,0,0,0,0,0,0,0,0,0,0,0,0,0,0,0,0,0,0,0,0,0,0,0</bondEncode>
      <blockID>7</blockID>
      <nbond>15</nbond>
      <sbond>10</sbond>
      <dbond>0</dbond>
      <tbond>0</tbond>
      <qbond>0</qbond>
      <bounce>0</bounce>
      <hardness>0</hardness>
      <slip>0</slip>
      <made>111</made>
      <device>iPad</device>
    </block>
    <block>
      <time>March 29, 2013, 11:21:32 PM CDT</time>
      <bondEncode>1,1,1,1,0,0,0,0,0,1,1,1,0,1,0,1,0,1,1,1,0,0,0,0,1,1,0,0,0,0,0,0,0,0,1,1,0,0,0,0</bondEncode>
      <blockID>8</blockID>
      <nbond>0</nbond>
      <sbond>8</sbond>
      <dbond>17</dbond>
      <tbond>0</tbond>
      <qbond>0</qbond>
      <bounce>17</bounce>
      <hardness>17</hardness>
      <slip>51</slip>
      <made>149</made>
      <device>iPad</device>
    </block>
    <block>
      <time>March 29, 2013, 11:22:52 PM CDT</time>
      <bondEncode>0,0,0,0,1,0,0,1,0,0,0,0,1,0,1,0,0,0,0,0,1,0,0,1,0,0,0,0,0,0,0,0,1,0,0,0,1,0,0,0</bondEncode>
      <blockID>9</blockID>
      <nbond>9</nbond>
      <sbond>0</sbond>
      <dbond>16</dbond>
      <tbond>0</tbond>
      <qbond>0</qbond>
      <bounce>16</bounce>
      <hardness>16</hardness>
      <slip>48</slip>
      <made>2</made>
      <device>iPad</device>
    </block>
    <block>
      <time>March 29, 2013, 11:23:03 PM CDT</time>
      <bondEncode>0,0,0,0,0,0,0,0,0,0,0,0,0,0,0,0,0,0,0,0,0,0,0,0,0,0,0,0,0,0,0,0,0,0,0,0,0,0,0,0</bondEncode>
      <blockID>10</blockID>
      <nbond>15</nbond>
      <sbond>10</sbond>
      <dbond>0</dbond>
      <tbond>0</tbond>
      <qbond>0</qbond>
      <bounce>0</bounce>
      <hardness>0</hardness>
      <slip>0</slip>
      <made>4</made>
      <device>iPad</device>
    </block>
    <block>
      <time>March 29, 2013, 11:23:26 PM CDT</time>
      <bondEncode>0,0,0,0,1,0,0,1,0,0,0,0,1,0,1,0,0,0,0,0,1,0,0,1,0,0,0,0,0,0,0,0,1,0,0,0,1,0,0,0</bondEncode>
      <blockID>11</blockID>
      <nbond>9</nbond>
      <sbond>0</sbond>
      <dbond>16</dbond>
      <tbond>0</tbond>
      <qbond>0</qbond>
      <bounce>16</bounce>
      <hardness>16</hardness>
      <slip>48</slip>
      <made>57</made>
      <device>iPad</device>
    </block>
    <block>
      <time>March 29, 2013, 11:24:20 PM CDT</time>
      <bondEncode>0,0,0,0,0,0,0,0,0,0,0,0,0,0,0,0,0,0,0,0,0,0,0,0,0,0,0,0,0,0,0,0,0,0,0,0,0,0,0,0</bondEncode>
      <blockID>12</blockID>
      <nbond>15</nbond>
      <sbond>10</sbond>
      <dbond>0</dbond>
      <tbond>0</tbond>
      <qbond>0</qbond>
      <bounce>0</bounce>
      <hardness>0</hardness>
      <slip>0</slip>
      <made>20</made>
      <device>iPad</device>
    </block>
    <block>
      <time>March 29, 2013, 11:24:53 PM CDT</time>
      <bondEncode>0,0,0,0,1,0,0,1,0,0,0,0,1,0,1,0,0,0,1,0,1,0,1,1,0,0,0,0,0,0,0,0,1,0,1,0,1,0,0,1</bondEncode>
      <blockID>13</blockID>
      <nbond>0</nbond>
      <sbond>8</sbond>
      <dbond>17</dbond>
      <tbond>0</tbond>
      <qbond>0</qbond>
      <bounce>17</bounce>
      <hardness>17</hardness>
      <slip>51</slip>
      <made>41</made>
      <device>iPad</device>
    </block>
    <block>
      <time>March 29, 2013, 11:25:22 PM CDT</time>
      <bondEncode>0,0,0,0,0,0,0,0,0,0,0,0,0,0,0,0,0,0,0,0,0,0,0,0,0,0,0,0,0,0,0,0,0,0,0,0,0,0,0,0</bondEncode>
      <blockID>14</blockID>
      <nbond>15</nbond>
      <sbond>10</sbond>
      <dbond>0</dbond>
      <tbond>0</tbond>
      <qbond>0</qbond>
      <bounce>0</bounce>
      <hardness>0</hardness>
      <slip>0</slip>
      <made>52</made>
      <device>iPad</device>
    </block>
    <block>
      <time>March 29, 2013, 11:26:06 PM CDT</time>
      <bondEncode>0,0,0,0,1,0,0,1,0,0,0,0,1,0,1,0,0,0,1,0,1,0,1,1,0,0,0,0,0,0,0,0,1,0,1,0,1,0,0,1</bondEncode>
      <blockID>15</blockID>
      <nbond>0</nbond>
      <sbond>8</sbond>
      <dbond>17</dbond>
      <tbond>0</tbond>
      <qbond>0</qbond>
      <bounce>17</bounce>
      <hardness>17</hardness>
      <slip>51</slip>
      <made>30</made>
      <device>iPad</device>
    </block>
    <level>
      <finishedLevel>1</finishedLevel>
      <time>March 29, 2013, 11:26:06 PM CDT</time>
      <tilesRemoved>150</tilesRemoved>
      <timeToFinish>1172.0949999998</timeToFinish>
      <status>complete</status>
    </level>
  </type>
</xml>
