<?xml version="1.0"?>
<xml>
  <type>
    <block>
      <time>3/23/2013 6:55:17 PM</time>
      <bondEncode>0,0,0,0,0,0,0,0,0,0,0,0,0,0,0,0,0,0,0,0,0,0,0,0,0,0,0,0,0,0,0,0,0,0,0,0,0,0,0,0</bondEncode>
      <blockID>0</blockID>
      <nbond>25</nbond>
      <sbond>0</sbond>
      <dbond>0</dbond>
      <tbond>0</tbond>
      <qbond>0</qbond>
      <bounce>0</bounce>
      <hardness>0</hardness>
      <slip>0</slip>
      <made>359</made>
      <device>computer</device>
    </block>
    <block>
      <time>3/23/2013 6:58:52 PM</time>
      <bondEncode>1,0,1,0,0,0,0,0,0,0,0,0,0,0,0,0,0,0,0,0,0,0,0,0,0,0,0,0,0,0,0,0,0,0,0,0,0,0,0,0</bondEncode>
      <blockID>1</blockID>
      <nbond>18</nbond>
      <sbond>6</sbond>
      <dbond>1</dbond>
      <tbond>0</tbond>
      <qbond>0</qbond>
      <bounce>0</bounce>
      <hardness>0.0041666666666667</hardness>
      <slip>0.1875</slip>
      <made>691</made>
      <device>computer</device>
    </block>
    <level>
      <finishedLevel>1</finishedLevel>
      <time>3/23/2013 6:58:52 PM</time>
      <tilesRemoved>85</tilesRemoved>
      <timeToFinish>357.38099999996</timeToFinish>
      <status>complete</status>
    </level>
  </type>
</xml>
