<?xml version="1.0"?>
<xml>
  <type>
    <block>
      <time>Saturday, March 30, 2013 5:29:19 PM</time>
      <bondEncode>0,0,0,0,0,0,0,0,0,0,0,0,0,0,0,0,0,0,0,0,0,0,0,0,0,0,0,0,0,0,0,0,0,0,0,0,0,0,0,0</bondEncode>
      <blockID>0</blockID>
      <nbond>25</nbond>
      <sbond>0</sbond>
      <dbond>0</dbond>
      <tbond>0</tbond>
      <qbond>0</qbond>
      <bounce>0</bounce>
      <hardness>0</hardness>
      <slip>0</slip>
      <made>2</made>
      <device>computer</device>
    </block>
    <block>
      <time>Saturday, March 30, 2013 5:29:39 PM</time>
      <bondEncode>1,1,1,1,0,1,1,0,0,0,0,0,0,0,0,0,0,0,0,0,0,0,0,0,1,1,0,0,0,0,0,0,0,0,0,0,0,0,0,1</bondEncode>
      <blockID>1</blockID>
      <nbond>4</nbond>
      <sbond>12</sbond>
      <dbond>9</dbond>
      <tbond>0</tbond>
      <qbond>0</qbond>
      <bounce>9</bounce>
      <hardness>9</hardness>
      <slip>27</slip>
      <made>20</made>
      <device>computer</device>
    </block>
    <level>
      <finishedLevel>1</finishedLevel>
      <time>Saturday, March 30, 2013 5:29:39 PM</time>
      <tilesRemoved>0</tilesRemoved>
      <timeToFinish>28.928999999999</timeToFinish>
      <status>quit</status>
    </level>
  </type>
</xml>
