<?xml version="1.0"?>
<xml>
  <type>
    <block>
      <time>April 10, 2013, 4:01:38 PM CDT</time>
      <bondEncode>0,0,0,0,0,0,0,0,0,0,0,0,0,0,0,0,0,0,0,0,0,0,0,0,0,0,0,0,0,0,0,0,0,0,0,0,0,0,0,0</bondEncode>
      <blockID>0</blockID>
      <nbond>25</nbond>
      <sbond>0</sbond>
      <dbond>0</dbond>
      <tbond>0</tbond>
      <qbond>0</qbond>
      <bounce>0</bounce>
      <hardness>0</hardness>
      <slip>0</slip>
      <made>0</made>
      <device>iPad</device>
    </block>
    <block>
      <time>April 10, 2013, 4:02:12 PM CDT</time>
      <bondEncode>0,0,0,0,0,1,1,1,0,0,1,0,0,0,0,0,1,1,1,0,0,1,0,0,0,0,0,0,0,0,1,0,1,1,0,1,0,0,1,0</bondEncode>
      <blockID>1</blockID>
      <nbond>6</nbond>
      <sbond>0</sbond>
      <dbond>15</dbond>
      <tbond>4</tbond>
      <qbond>0</qbond>
      <bounce>27</bounce>
      <hardness>19</hardness>
      <slip>37</slip>
      <made>46</made>
      <device>iPad</device>
    </block>
    <block>
      <time>April 10, 2013, 4:03:14 PM CDT</time>
      <bondEncode>0,0,0,0,0,0,0,0,0,0,0,0,0,0,0,0,0,0,0,0,0,0,0,0,0,0,0,0,0,0,0,0,0,0,0,0,0,0,0,0</bondEncode>
      <blockID>2</blockID>
      <nbond>25</nbond>
      <sbond>0</sbond>
      <dbond>0</dbond>
      <tbond>0</tbond>
      <qbond>0</qbond>
      <bounce>0</bounce>
      <hardness>0</hardness>
      <slip>0</slip>
      <made>174</made>
      <device>iPad</device>
    </block>
    <block>
      <time>April 10, 2013, 4:07:15 PM CDT</time>
      <bondEncode>0,0,0,0,0,0,0,0,0,0,0,0,0,1,1,0,0,0,0,0,0,0,0,0,0,0,1,0,0,0,0,1,0,0,0,0,0,0,0,0</bondEncode>
      <blockID>3</blockID>
      <nbond>17</nbond>
      <sbond>0</sbond>
      <dbond>8</dbond>
      <tbond>0</tbond>
      <qbond>0</qbond>
      <bounce>8</bounce>
      <hardness>8</hardness>
      <slip>24</slip>
      <made>44</made>
      <device>iPad</device>
    </block>
    <block>
      <time>April 10, 2013, 4:08:18 PM CDT</time>
      <bondEncode>0,1,1,0,0,1,1,0,0,1,1,0,0,1,1,0,0,1,1,0,0,0,0,0,0,0,0,0,0,0,0,0,0,0,0,0,0,0,0,0</bondEncode>
      <blockID>4</blockID>
      <nbond>10</nbond>
      <sbond>10</sbond>
      <dbond>5</dbond>
      <tbond>0</tbond>
      <qbond>0</qbond>
      <bounce>5</bounce>
      <hardness>5</hardness>
      <slip>15</slip>
      <made>8</made>
      <device>iPad</device>
    </block>
    <block>
      <time>April 10, 2013, 4:08:59 PM CDT</time>
      <bondEncode>1,1,1,0,1,0,0,1,0,0,0,1,0,1,1,0,0,0,0,0,1,1,1,1,0,0,1,1,1,0,0,1,1,1,0,0,0,0,0,0</bondEncode>
      <blockID>5</blockID>
      <nbond>7</nbond>
      <sbond>0</sbond>
      <dbond>8</dbond>
      <tbond>10</tbond>
      <qbond>0</qbond>
      <bounce>38</bounce>
      <hardness>18</hardness>
      <slip>4</slip>
      <made>33</made>
      <device>iPad</device>
    </block>
    <block>
      <time>April 10, 2013, 4:10:23 PM CDT</time>
      <bondEncode>1,1,0,1,0,0,0,0,1,1,1,1,0,0,0,0,0,1,1,1,1,0,0,0,1,1,0,0,0,1,1,0,0,0,1,1,0,1,0,1</bondEncode>
      <blockID>6</blockID>
      <nbond>4</nbond>
      <sbond>3</sbond>
      <dbond>14</dbond>
      <tbond>3</tbond>
      <qbond>1</qbond>
      <bounce>24</bounce>
      <hardness>20</hardness>
      <slip>33</slip>
      <made>28</made>
      <device>iPad</device>
    </block>
    <block>
      <time>April 10, 2013, 4:11:23 PM CDT</time>
      <bondEncode>0,0,0,0,0,0,0,0,0,0,0,0,0,0,0,0,1,1,0,0,1,0,0,0,0,1,0,0,0,0,1,0,0,0,0,1,0,0,0,0</bondEncode>
      <blockID>7</blockID>
      <nbond>12</nbond>
      <sbond>0</sbond>
      <dbond>11</dbond>
      <tbond>2</tbond>
      <qbond>0</qbond>
      <bounce>17</bounce>
      <hardness>13</hardness>
      <slip>29</slip>
      <made>111</made>
      <device>iPad</device>
    </block>
    <block>
      <time>April 10, 2013, 4:13:37 PM CDT</time>
      <bondEncode>1,0,0,0,0,0,0,0,0,0,0,0,0,1,1,1,1,1,1,1,1,1,0,0,0,1,1,0,0,0,1,1,0,0,0,1,0,0,0,1</bondEncode>
      <blockID>8</blockID>
      <nbond>9</nbond>
      <sbond>0</sbond>
      <dbond>16</dbond>
      <tbond>0</tbond>
      <qbond>0</qbond>
      <bounce>16</bounce>
      <hardness>16</hardness>
      <slip>48</slip>
      <made>69</made>
      <device>iPad</device>
    </block>
    <level>
      <finishedLevel>1</finishedLevel>
      <time>April 10, 2013, 4:13:37 PM CDT</time>
      <tilesRemoved>127</tilesRemoved>
      <timeToFinish>750.77300000003</timeToFinish>
      <status>complete</status>
    </level>
  </type>
</xml>
