<?xml version="1.0"?>
<xml>
  <type>
    <block>
      <time>4/5/2013 4:19:01 AM</time>
      <bondEncode>0,0,0,0,0,0,0,0,0,0,0,0,0,0,0,0,0,0,0,0,0,0,0,0,0,0,0,0,0,0,0,0,0,0,0,0,0,0,0,0</bondEncode>
      <blockID>0</blockID>
      <nbond>25</nbond>
      <sbond>0</sbond>
      <dbond>0</dbond>
      <tbond>0</tbond>
      <qbond>0</qbond>
      <bounce>0</bounce>
      <hardness>0</hardness>
      <slip>0</slip>
      <made>0</made>
      <device>computer</device>
    </block>
    <block>
      <time>4/5/2013 4:19:47 AM</time>
      <bondEncode>0,0,0,0,0,0,0,0,0,0,0,0,0,0,0,0,0,0,0,0,0,0,0,0,0,0,0,0,0,0,0,0,0,0,0,0,0,0,0,0</bondEncode>
      <blockID>1</blockID>
      <nbond>17</nbond>
      <sbond>4</sbond>
      <dbond>4</dbond>
      <tbond>0</tbond>
      <qbond>0</qbond>
      <bounce>4</bounce>
      <hardness>4</hardness>
      <slip>12</slip>
      <made>58</made>
      <device>computer</device>
    </block>
    <block>
      <time>4/5/2013 4:21:45 AM</time>
      <bondEncode>0,0,0,0,0,0,1,0,0,1,0,1,0,0,0,0,1,0,1,0,1,0,1,0,0,1,0,0,0,0,1,0,1,0,1,1,0,1,0,1</bondEncode>
      <blockID>2</blockID>
      <nbond>0</nbond>
      <sbond>4</sbond>
      <dbond>21</dbond>
      <tbond>0</tbond>
      <qbond>0</qbond>
      <bounce>21</bounce>
      <hardness>21</hardness>
      <slip>63</slip>
      <made>19</made>
      <device>computer</device>
    </block>
    <level>
      <finishedLevel>1</finishedLevel>
      <time>4/5/2013 4:21:45 AM</time>
      <tilesRemoved>8</tilesRemoved>
      <timeToFinish>179.922</timeToFinish>
      <status>quit</status>
    </level>
  </type>
</xml>
