<?xml version="1.0"?>
<xml>
  <type>
    <block>
      <time>4/21/2013 9:14:42 PM</time>
      <bondEncode>0,0,0,0,0,0,0,0,0,0,0,0,0,0,0,0,0,0,0,0,0,0,0,0,0,0,0,0,0,0,0,0,0,0,0,0,0,0,0,0</bondEncode>
      <blockID>0</blockID>
      <nbond>25</nbond>
      <sbond>0</sbond>
      <dbond>0</dbond>
      <tbond>0</tbond>
      <qbond>0</qbond>
      <bounce>0</bounce>
      <hardness>0</hardness>
      <slip>0</slip>
      <made>24</made>
      <device>computer</device>
    </block>
    <level>
      <finishedLevel>1</finishedLevel>
      <time>4/21/2013 9:14:42 PM</time>
      <tilesRemoved>7</tilesRemoved>
      <timeToFinish>46.953000000002</timeToFinish>
      <status>quit</status>
    </level>
  </type>
</xml>
