<?xml version="1.0"?>
<xml>
  <type>
    <block>
      <time>5/1/2013 2:15:53 PM</time>
      <bondEncode>0,0,0,0,0,0,0,0,0,0,0,0,0,0,0,0,0,0,0,0,0,0,0,0,0,0,0,0,0,0,0,0,0,0,0,0,0,0,0,0</bondEncode>
      <blockID>0</blockID>
      <nbond>25</nbond>
      <sbond>0</sbond>
      <dbond>0</dbond>
      <tbond>0</tbond>
      <qbond>0</qbond>
      <bounce>0</bounce>
      <hardness>0</hardness>
      <slip>0</slip>
      <made>16</made>
      <device>computer</device>
    </block>
    <block>
      <time>5/1/2013 2:17:25 PM</time>
      <bondEncode>1,0,0,0,0,0,0,0,0,0,0,0,1,0,0,0,0,0,0,0,0,1,0,0,0,0,1,0,0,0,1,0,0,0,0,0,0,0,0,1</bondEncode>
      <blockID>1</blockID>
      <nbond>12</nbond>
      <sbond>6</sbond>
      <dbond>7</dbond>
      <tbond>0</tbond>
      <qbond>0</qbond>
      <bounce>7</bounce>
      <hardness>7</hardness>
      <slip>21</slip>
      <made>12</made>
      <device>computer</device>
    </block>
    <block>
      <time>5/1/2013 2:17:49 PM</time>
      <bondEncode>0,0,0,0,0,0,0,0,0,0,0,0,0,0,0,0,0,0,0,0,0,0,0,0,0,1,0,0,0,1,1,0,0,0,1,0,0,0,0,0</bondEncode>
      <blockID>2</blockID>
      <nbond>14</nbond>
      <sbond>8</sbond>
      <dbond>3</dbond>
      <tbond>0</tbond>
      <qbond>0</qbond>
      <bounce>3</bounce>
      <hardness>3</hardness>
      <slip>9</slip>
      <made>16</made>
      <device>computer</device>
    </block>
    <block>
      <time>5/1/2013 2:18:04 PM</time>
      <bondEncode>0,0,0,0,0,0,0,0,0,0,0,0,0,0,0,0,0,0,0,0,0,0,0,0,0,0,0,0,0,0,0,0,0,0,0,0,0,0,0,0</bondEncode>
      <blockID>3</blockID>
      <nbond>19</nbond>
      <sbond>4</sbond>
      <dbond>2</dbond>
      <tbond>0</tbond>
      <qbond>0</qbond>
      <bounce>2</bounce>
      <hardness>2</hardness>
      <slip>6</slip>
      <made>8</made>
      <device>computer</device>
    </block>
    <block>
      <time>5/1/2013 2:18:11 PM</time>
      <bondEncode>0,0,0,0,0,0,0,0,0,0,1,0,0,0,0,0,0,0,0,0,0,0,0,0,0,0,0,0,0,0,0,0,0,0,0,0,0,0,0,0</bondEncode>
      <blockID>4</blockID>
      <nbond>18</nbond>
      <sbond>6</sbond>
      <dbond>1</dbond>
      <tbond>0</tbond>
      <qbond>0</qbond>
      <bounce>1</bounce>
      <hardness>1</hardness>
      <slip>3</slip>
      <made>103</made>
      <device>computer</device>
    </block>
    <block>
      <time>5/1/2013 2:21:51 PM</time>
      <bondEncode>1,1,0,1,0,0,0,0,0,0,0,0,0,1,1,0,0,0,0,0,0,0,0,0,1,0,1,0,0,1,1,1,0,0,1,0,0,0,0,1</bondEncode>
      <blockID>5</blockID>
      <nbond>1</nbond>
      <sbond>2</sbond>
      <dbond>22</dbond>
      <tbond>0</tbond>
      <qbond>0</qbond>
      <bounce>22</bounce>
      <hardness>22</hardness>
      <slip>66</slip>
      <made>0</made>
      <device>computer</device>
    </block>
    <block>
      <time>5/1/2013 2:23:53 PM</time>
      <bondEncode>1,1,1,1,0,0,0,0,0,0,0,0,0,0,0,0,1,1,1,1,0,0,0,0,1,0,0,0,0,1,1,0,0,0,0,1,0,0,0,0</bondEncode>
      <blockID>6</blockID>
      <nbond>8</nbond>
      <sbond>2</sbond>
      <dbond>15</dbond>
      <tbond>0</tbond>
      <qbond>0</qbond>
      <bounce>15</bounce>
      <hardness>15</hardness>
      <slip>45</slip>
      <made>2</made>
      <device>computer</device>
    </block>
    <block>
      <time>5/1/2013 2:24:22 PM</time>
      <bondEncode>1,1,1,1,0,1,1,1,1,1,1,0,1,1,1,0,0,0,1,1,0,1,1,1,1,0,1,1,1,1,0,1,1,1,1,0,1,1,1,0</bondEncode>
      <blockID>7</blockID>
      <nbond>0</nbond>
      <sbond>0</sbond>
      <dbond>4</dbond>
      <tbond>12</tbond>
      <qbond>9</qbond>
      <bounce>0</bounce>
      <hardness>43</hardness>
      <slip>-39</slip>
      <made>4</made>
      <device>computer</device>
    </block>
    <block>
      <time>5/1/2013 2:24:33 PM</time>
      <bondEncode>0,0,0,0,0,0,0,0,0,0,0,0,0,0,0,0,0,0,0,0,0,0,0,0,0,0,0,0,0,0,0,0,0,0,0,0,0,0,0,0</bondEncode>
      <blockID>8</blockID>
      <nbond>23</nbond>
      <sbond>2</sbond>
      <dbond>0</dbond>
      <tbond>0</tbond>
      <qbond>0</qbond>
      <bounce>0</bounce>
      <hardness>0</hardness>
      <slip>0</slip>
      <made>30</made>
      <device>computer</device>
    </block>
    <level>
      <finishedLevel>1</finishedLevel>
      <time>5/1/2013 2:24:33 PM</time>
      <tilesRemoved>27</tilesRemoved>
      <timeToFinish>539.51400000003</timeToFinish>
      <status>quit</status>
    </level>
  </type>
</xml>
