<?xml version="1.0"?>
<xml>
  <type>
    <block>
      <time>5/7/2013 12:56:46 PM</time>
      <bondEncode>0,0,0,0,0,0,0,0,0,0,0,0,0,0,0,0,0,0,0,0,0,0,0,0,0,0,0,0,0,0,0,0,0,0,0,0,0,0,0,0</bondEncode>
      <blockID>0</blockID>
      <nbond>25</nbond>
      <sbond>0</sbond>
      <dbond>0</dbond>
      <tbond>0</tbond>
      <qbond>0</qbond>
      <bounce>0</bounce>
      <hardness>0</hardness>
      <slip>0</slip>
      <made>8</made>
      <device>computer</device>
    </block>
    <block>
      <time>5/7/2013 12:57:44 PM</time>
      <bondEncode>1,1,1,1,1,1,1,1,1,1,1,1,1,1,1,1,0,0,0,0,0,1,1,1,1,0,1,1,1,1,0,1,1,1,1,0,1,1,1,1</bondEncode>
      <blockID>1</blockID>
      <nbond>0</nbond>
      <sbond>0</sbond>
      <dbond>4</dbond>
      <tbond>12</tbond>
      <qbond>9</qbond>
      <bounce>0</bounce>
      <hardness>43</hardness>
      <slip>-39</slip>
      <made>7</made>
      <device>computer</device>
    </block>
    <level>
      <finishedLevel>1</finishedLevel>
      <time>5/7/2013 12:57:44 PM</time>
      <tilesRemoved>8</tilesRemoved>
      <timeToFinish>80.317000000001</timeToFinish>
      <status>complete</status>
      <age>9999</age>
    </level>
  </type>
  <type>
    <block>
      <time>5/7/2013 12:58:07 PM</time>
      <bondEncode>1,1,1,1,1,1,1,1,1,1,1,1,1,1,1,1,0,0,0,0,0,1,1,1,1,0,1,1,1,1,0,1,1,1,1,0,1,1,1,1</bondEncode>
      <blockID>1</blockID>
      <nbond>0</nbond>
      <sbond>0</sbond>
      <dbond>4</dbond>
      <tbond>12</tbond>
      <qbond>9</qbond>
      <bounce>0</bounce>
      <hardness>43</hardness>
      <slip>-39</slip>
      <made>0</made>
      <device>computer</device>
    </block>
    <level>
      <finishedLevel>2</finishedLevel>
      <time>5/7/2013 12:58:07 PM</time>
      <tilesRemoved>0</tilesRemoved>
      <timeToFinish>83.648000000001</timeToFinish>
      <status>complete</status>
      <age>9999</age>
    </level>
  </type>
  <type>
    <block>
      <time>5/7/2013 12:58:10 PM</time>
      <bondEncode>1,1,1,1,1,1,1,1,1,1,1,1,1,1,1,1,0,0,0,0,0,1,1,1,1,0,1,1,1,1,0,1,1,1,1,0,1,1,1,1</bondEncode>
      <blockID>1</blockID>
      <nbond>0</nbond>
      <sbond>0</sbond>
      <dbond>4</dbond>
      <tbond>12</tbond>
      <qbond>9</qbond>
      <bounce>0</bounce>
      <hardness>43</hardness>
      <slip>-39</slip>
      <made>0</made>
      <device>computer</device>
    </block>
    <level>
      <finishedLevel>3</finishedLevel>
      <time>5/7/2013 12:58:10 PM</time>
      <tilesRemoved>0</tilesRemoved>
      <timeToFinish>328.28399999997</timeToFinish>
      <status>quit</status>
      <age>9999</age>
    </level>
  </type>
</xml>
