<?xml version="1.0"?>
<xml>
  <type>
    <block>
      <time>5/2/2013 10:10:12 AM</time>
      <bondEncode>0,0,0,0,0,0,0,0,0,0,0,0,0,0,0,0,0,0,0,0,0,0,0,0,0,0,0,0,0,0,0,0,0,0,0,0,0,0,0,0</bondEncode>
      <blockID>0</blockID>
      <nbond>25</nbond>
      <sbond>0</sbond>
      <dbond>0</dbond>
      <tbond>0</tbond>
      <qbond>0</qbond>
      <bounce>0</bounce>
      <hardness>0</hardness>
      <slip>0</slip>
      <made>4</made>
      <device>computer</device>
    </block>
    <block>
      <time>5/2/2013 10:10:37 AM</time>
      <bondEncode>1,1,1,1,0,0,0,0,1,1,1,1,0,0,0,0,1,1,1,1,0,0,1,0,0,0,0,0,0,0,0,0,0,0,0,0,0,0,0,0</bondEncode>
      <blockID>1</blockID>
      <nbond>0</nbond>
      <sbond>10</sbond>
      <dbond>7</dbond>
      <tbond>8</tbond>
      <qbond>0</qbond>
      <bounce>31</bounce>
      <hardness>15</hardness>
      <slip>5</slip>
      <made>30</made>
      <device>computer</device>
    </block>
    <level>
      <finishedLevel>1</finishedLevel>
      <time>5/2/2013 10:10:37 AM</time>
      <tilesRemoved>14</tilesRemoved>
      <timeToFinish>71.055000000001</timeToFinish>
      <status>complete</status>
      <age/>
    </level>
  </type>
  <type>
    <block>
      <time>5/2/2013 10:11:23 AM</time>
      <bondEncode>1,1,1,1,0,0,0,0,1,1,1,1,0,0,0,0,1,1,1,1,0,0,1,0,0,0,0,0,0,0,0,0,0,0,0,0,0,0,0,0</bondEncode>
      <blockID>1</blockID>
      <nbond>0</nbond>
      <sbond>10</sbond>
      <dbond>7</dbond>
      <tbond>8</tbond>
      <qbond>0</qbond>
      <bounce>31</bounce>
      <hardness>15</hardness>
      <slip>5</slip>
      <made>0</made>
      <device>computer</device>
    </block>
    <level>
      <finishedLevel>2</finishedLevel>
      <time>5/2/2013 10:11:23 AM</time>
      <tilesRemoved>0</tilesRemoved>
      <timeToFinish>78.417000000001</timeToFinish>
      <status>quit</status>
      <age/>
    </level>
  </type>
</xml>
