<?xml version="1.0"?>
<xml>
  <type>
    <block>
      <time>May 16, 2013, 2:27:35 PM EDT</time>
      <bondEncode>0,0,0,0,0,0,0,0,0,0,0,0,0,0,0,0,0,0,0,0,0,0,0,0,0,0,0,0,0,0,0,0,0,0,0,0,0,0,0,0</bondEncode>
      <blockID>0</blockID>
      <nbond>25</nbond>
      <sbond>0</sbond>
      <dbond>0</dbond>
      <tbond>0</tbond>
      <qbond>0</qbond>
      <bounce>0</bounce>
      <hardness>0</hardness>
      <slip>0</slip>
      <made>0</made>
      <device>iPad</device>
    </block>
    <block>
      <time>May 16, 2013, 2:29:48 PM EDT</time>
      <bondEncode>0,0,0,0,0,0,0,0,0,1,1,0,0,0,0,0,1,1,1,1,0,0,1,0,0,0,0,1,0,0,0,1,1,1,0,1,1,1,1,0</bondEncode>
      <blockID>1</blockID>
      <nbond>10</nbond>
      <sbond>1</sbond>
      <dbond>7</dbond>
      <tbond>3</tbond>
      <qbond>4</qbond>
      <bounce>20</bounce>
      <hardness>22</hardness>
      <slip>3</slip>
      <made>12</made>
      <device>iPad</device>
    </block>
    <block>
      <time>May 16, 2013, 2:30:35 PM EDT</time>
      <bondEncode>1,1,1,1,1,1,1,1,1,1,1,1,0,0,0,0,1,0,0,0,1,0,1,0,1,0,1,0,1,0,1,0,1,0,1,0,1,0,1,0</bondEncode>
      <blockID>2</blockID>
      <nbond>0</nbond>
      <sbond>2</sbond>
      <dbond>11</dbond>
      <tbond>12</tbond>
      <qbond>0</qbond>
      <bounce>47</bounce>
      <hardness>23</hardness>
      <slip>9</slip>
      <made>2</made>
      <device>iPad</device>
    </block>
    <block>
      <time>May 16, 2013, 2:30:51 PM EDT</time>
      <bondEncode>0,0,0,0,1,0,1,0,0,0,0,1,1,1,1,0,1,1,1,1,1,1,0,1,0,1,1,0,1,0,1,0,0,0,0,1,0,0,0,0</bondEncode>
      <blockID>3</blockID>
      <nbond>0</nbond>
      <sbond>0</sbond>
      <dbond>4</dbond>
      <tbond>12</tbond>
      <qbond>9</qbond>
      <bounce>0</bounce>
      <hardness>43</hardness>
      <slip>-39</slip>
      <made>8</made>
      <device>iPad</device>
    </block>
    <block>
      <time>May 16, 2013, 2:31:15 PM EDT</time>
      <bondEncode>0,0,0,0,0,0,0,0,0,1,0,0,0,0,0,0,1,1,1,1,0,0,1,0,0,0,0,1,0,0,1,0,1,0,0,1,0,1,0,0</bondEncode>
      <blockID>4</blockID>
      <nbond>4</nbond>
      <sbond>0</sbond>
      <dbond>16</dbond>
      <tbond>4</tbond>
      <qbond>1</qbond>
      <bounce>29</bounce>
      <hardness>23</hardness>
      <slip>37</slip>
      <made>4</made>
      <device>iPad</device>
    </block>
    <block>
      <time>May 16, 2013, 2:31:25 PM EDT</time>
      <bondEncode>0,0,0,0,0,0,0,0,0,1,1,0,0,0,0,0,1,1,1,1,0,0,1,0,0,0,0,1,0,0,0,1,1,1,0,1,1,1,1,0</bondEncode>
      <blockID>5</blockID>
      <nbond>10</nbond>
      <sbond>1</sbond>
      <dbond>7</dbond>
      <tbond>3</tbond>
      <qbond>4</qbond>
      <bounce>20</bounce>
      <hardness>22</hardness>
      <slip>3</slip>
      <made>24</made>
      <device>iPad</device>
    </block>
    <block>
      <time>May 16, 2013, 2:32:54 PM EDT</time>
      <bondEncode>0,0,0,0,0,0,0,0,0,1,0,0,0,0,0,0,1,1,1,1,0,0,1,0,0,0,0,1,0,0,1,0,1,0,0,1,0,1,0,0</bondEncode>
      <blockID>6</blockID>
      <nbond>4</nbond>
      <sbond>0</sbond>
      <dbond>16</dbond>
      <tbond>4</tbond>
      <qbond>1</qbond>
      <bounce>29</bounce>
      <hardness>23</hardness>
      <slip>37</slip>
      <made>84</made>
      <device>iPad</device>
    </block>
    <block>
      <time>May 16, 2013, 2:33:56 PM EDT</time>
      <bondEncode>0,0,0,0,0,0,0,0,0,1,1,0,0,0,0,0,1,1,1,1,0,0,1,0,0,0,0,1,0,0,0,1,1,1,0,1,1,1,1,0</bondEncode>
      <blockID>7</blockID>
      <nbond>10</nbond>
      <sbond>1</sbond>
      <dbond>7</dbond>
      <tbond>3</tbond>
      <qbond>4</qbond>
      <bounce>20</bounce>
      <hardness>22</hardness>
      <slip>3</slip>
      <made>68</made>
      <device>iPad</device>
    </block>
    <block>
      <time>May 16, 2013, 4:10:47 PM EDT</time>
      <bondEncode>1,1,1,1,1,1,1,1,1,1,1,1,0,0,0,0,1,0,0,0,1,0,1,0,1,0,1,0,1,0,1,0,1,0,1,0,1,0,1,0</bondEncode>
      <blockID>8</blockID>
      <nbond>0</nbond>
      <sbond>2</sbond>
      <dbond>11</dbond>
      <tbond>12</tbond>
      <qbond>0</qbond>
      <bounce>47</bounce>
      <hardness>23</hardness>
      <slip>9</slip>
      <made>13</made>
      <device>iPad</device>
    </block>
    <block>
      <time>May 16, 2013, 4:11:34 PM EDT</time>
      <bondEncode>1,1,1,1,1,1,1,1,1,1,1,1,0,0,0,0,1,0,0,0,1,0,1,0,1,0,1,0,1,0,1,0,0,0,1,0,1,0,1,0</bondEncode>
      <blockID>9</blockID>
      <nbond>0</nbond>
      <sbond>2</sbond>
      <dbond>13</dbond>
      <tbond>10</tbond>
      <qbond>0</qbond>
      <bounce>43</bounce>
      <hardness>23</hardness>
      <slip>19</slip>
      <made>8</made>
      <device>iPad</device>
    </block>
    <block>
      <time>May 16, 2013, 4:44:52 PM EDT</time>
      <bondEncode>0,0,0,0,0,0,0,0,0,1,1,0,0,0,0,0,1,1,1,1,0,0,1,0,0,0,0,1,0,0,0,1,1,1,0,1,1,1,1,0</bondEncode>
      <blockID>10</blockID>
      <nbond>10</nbond>
      <sbond>1</sbond>
      <dbond>7</dbond>
      <tbond>3</tbond>
      <qbond>4</qbond>
      <bounce>20</bounce>
      <hardness>22</hardness>
      <slip>3</slip>
      <made>58</made>
      <device>iPad</device>
    </block>
    <block>
      <time>May 16, 2013, 4:45:58 PM EDT</time>
      <bondEncode>1,1,1,1,1,1,1,1,1,1,1,1,0,0,0,0,1,0,0,0,1,0,1,0,1,0,1,0,1,0,1,0,0,0,1,0,1,0,1,0</bondEncode>
      <blockID>11</blockID>
      <nbond>0</nbond>
      <sbond>2</sbond>
      <dbond>13</dbond>
      <tbond>10</tbond>
      <qbond>0</qbond>
      <bounce>43</bounce>
      <hardness>23</hardness>
      <slip>19</slip>
      <made>76</made>
      <device>iPad</device>
    </block>
    <level>
      <finishedLevel>1</finishedLevel>
      <time>May 16, 2013, 4:45:58 PM EDT</time>
      <tilesRemoved>99</tilesRemoved>
      <timeToFinish>855.40400000005</timeToFinish>
      <status>complete</status>
      <age>Enter your age</age>
    </level>
  </type>
</xml>
