<?xml version="1.0"?>
<xml>
  <type>
    <block>
      <time>May 16, 2013, 1:42:13 PM EDT</time>
      <bondEncode>0,0,0,0,0,0,0,0,0,0,0,0,0,0,0,0,0,0,0,0,0,0,0,0,0,0,0,0,0,0,0,0,0,0,0,0,0,0,0,0</bondEncode>
      <blockID>0</blockID>
      <nbond>25</nbond>
      <sbond>0</sbond>
      <dbond>0</dbond>
      <tbond>0</tbond>
      <qbond>0</qbond>
      <bounce>0</bounce>
      <hardness>0</hardness>
      <slip>0</slip>
      <made>0</made>
      <device>iPad</device>
    </block>
    <block>
      <time>May 16, 2013, 1:43:13 PM EDT</time>
      <bondEncode>1,1,1,1,1,1,1,1,1,1,1,1,1,1,1,1,1,1,1,1,0,1,0,1,0,0,0,1,0,0,0,1,0,1,0,0,0,1,0,0</bondEncode>
      <blockID>1</blockID>
      <nbond>0</nbond>
      <sbond>10</sbond>
      <dbond>3</dbond>
      <tbond>12</tbond>
      <qbond>0</qbond>
      <bounce>39</bounce>
      <hardness>15</hardness>
      <slip>-15</slip>
      <made>26</made>
      <device>iPad</device>
    </block>
    <block>
      <time>May 16, 2013, 1:45:42 PM EDT</time>
      <bondEncode>0,1,1,0,0,0,0,0,1,1,1,1,0,0,0,0,0,0,1,1,1,0,0,0,0,0,0,0,0,0,0,0,1,0,0,0,0,1,0,0</bondEncode>
      <blockID>2</blockID>
      <nbond>4</nbond>
      <sbond>0</sbond>
      <dbond>16</dbond>
      <tbond>4</tbond>
      <qbond>1</qbond>
      <bounce>29</bounce>
      <hardness>23</hardness>
      <slip>37</slip>
      <made>8</made>
      <device>iPad</device>
    </block>
    <block>
      <time>May 16, 2013, 1:46:19 PM EDT</time>
      <bondEncode>0,0,0,0,0,0,0,0,0,0,0,0,0,0,0,0,0,0,0,0,0,0,0,0,0,0,0,0,0,0,0,0,0,0,0,0,0,0,0,0</bondEncode>
      <blockID>3</blockID>
      <nbond>25</nbond>
      <sbond>0</sbond>
      <dbond>0</dbond>
      <tbond>0</tbond>
      <qbond>0</qbond>
      <bounce>0</bounce>
      <hardness>0</hardness>
      <slip>0</slip>
      <made>20</made>
      <device>iPad</device>
    </block>
    <block>
      <time>May 16, 2013, 1:46:59 PM EDT</time>
      <bondEncode>0,1,1,0,0,0,0,0,1,1,1,1,0,0,0,0,0,0,1,1,1,0,0,0,0,0,0,0,0,0,0,0,1,0,0,0,0,1,0,0</bondEncode>
      <blockID>4</blockID>
      <nbond>4</nbond>
      <sbond>0</sbond>
      <dbond>16</dbond>
      <tbond>4</tbond>
      <qbond>1</qbond>
      <bounce>29</bounce>
      <hardness>23</hardness>
      <slip>37</slip>
      <made>20</made>
      <device>iPad</device>
    </block>
    <block>
      <time>May 16, 2013, 1:47:37 PM EDT</time>
      <bondEncode>0,0,0,0,0,0,0,0,0,0,0,0,0,0,0,0,0,0,0,0,0,0,0,0,0,0,0,0,0,0,0,0,0,0,0,0,0,0,0,0</bondEncode>
      <blockID>5</blockID>
      <nbond>25</nbond>
      <sbond>0</sbond>
      <dbond>0</dbond>
      <tbond>0</tbond>
      <qbond>0</qbond>
      <bounce>0</bounce>
      <hardness>0</hardness>
      <slip>0</slip>
      <made>45</made>
      <device>iPad</device>
    </block>
    <block>
      <time>May 16, 2013, 1:49:13 PM EDT</time>
      <bondEncode>0,1,1,0,0,0,0,0,1,1,1,1,0,0,0,0,0,0,1,1,1,0,0,0,0,0,0,0,0,0,0,0,1,0,0,0,0,1,0,0</bondEncode>
      <blockID>6</blockID>
      <nbond>4</nbond>
      <sbond>0</sbond>
      <dbond>16</dbond>
      <tbond>4</tbond>
      <qbond>1</qbond>
      <bounce>29</bounce>
      <hardness>23</hardness>
      <slip>37</slip>
      <made>16</made>
      <device>iPad</device>
    </block>
    <block>
      <time>May 16, 2013, 1:50:26 PM EDT</time>
      <bondEncode>0,0,0,0,0,0,0,0,0,0,0,1,0,0,1,1,1,0,1,1,0,0,0,0,1,0,0,0,1,0,0,0,1,1,0,0,1,1,1,0</bondEncode>
      <blockID>7</blockID>
      <nbond>10</nbond>
      <sbond>2</sbond>
      <dbond>4</dbond>
      <tbond>6</tbond>
      <qbond>3</qbond>
      <bounce>25</bounce>
      <hardness>19</hardness>
      <slip>-9</slip>
      <made>3</made>
      <device>iPad</device>
    </block>
    <block>
      <time>May 16, 2013, 1:51:02 PM EDT</time>
      <bondEncode>0,1,1,0,0,0,0,0,1,1,1,1,0,0,0,0,0,0,1,1,1,0,0,0,0,0,0,0,0,0,0,0,1,0,0,0,0,1,0,0</bondEncode>
      <blockID>8</blockID>
      <nbond>4</nbond>
      <sbond>0</sbond>
      <dbond>16</dbond>
      <tbond>4</tbond>
      <qbond>1</qbond>
      <bounce>29</bounce>
      <hardness>23</hardness>
      <slip>37</slip>
      <made>27</made>
      <device>iPad</device>
    </block>
    <block>
      <time>May 16, 2013, 1:51:43 PM EDT</time>
      <bondEncode>0,0,0,0,0,0,0,0,0,0,0,0,0,0,0,0,0,0,0,0,0,0,0,0,0,0,0,0,0,0,0,0,0,0,0,0,0,0,0,0</bondEncode>
      <blockID>9</blockID>
      <nbond>25</nbond>
      <sbond>0</sbond>
      <dbond>0</dbond>
      <tbond>0</tbond>
      <qbond>0</qbond>
      <bounce>0</bounce>
      <hardness>0</hardness>
      <slip>0</slip>
      <made>58</made>
      <device>iPad</device>
    </block>
    <block>
      <time>May 16, 2013, 1:52:53 PM EDT</time>
      <bondEncode>0,1,1,0,0,0,0,0,1,1,1,1,0,0,0,0,0,0,1,1,1,0,0,0,0,0,0,0,0,0,0,0,1,0,0,0,0,1,0,0</bondEncode>
      <blockID>10</blockID>
      <nbond>4</nbond>
      <sbond>0</sbond>
      <dbond>16</dbond>
      <tbond>4</tbond>
      <qbond>1</qbond>
      <bounce>29</bounce>
      <hardness>23</hardness>
      <slip>37</slip>
      <made>4</made>
      <device>iPad</device>
    </block>
    <block>
      <time>May 16, 2013, 1:53:04 PM EDT</time>
      <bondEncode>0,0,0,0,0,0,0,0,0,0,0,0,0,0,0,0,0,0,0,0,0,0,0,0,0,0,0,0,0,0,0,0,0,0,0,0,0,0,0,0</bondEncode>
      <blockID>11</blockID>
      <nbond>25</nbond>
      <sbond>0</sbond>
      <dbond>0</dbond>
      <tbond>0</tbond>
      <qbond>0</qbond>
      <bounce>0</bounce>
      <hardness>0</hardness>
      <slip>0</slip>
      <made>4</made>
      <device>iPad</device>
    </block>
    <block>
      <time>May 16, 2013, 1:53:11 PM EDT</time>
      <bondEncode>0,0,0,0,0,0,0,0,0,0,0,1,0,0,1,1,1,0,1,1,0,0,0,0,1,0,0,0,1,0,0,0,1,1,0,0,1,1,1,0</bondEncode>
      <blockID>12</blockID>
      <nbond>10</nbond>
      <sbond>2</sbond>
      <dbond>4</dbond>
      <tbond>6</tbond>
      <qbond>3</qbond>
      <bounce>25</bounce>
      <hardness>19</hardness>
      <slip>-9</slip>
      <made>104</made>
      <device>iPad</device>
    </block>
    <level>
      <finishedLevel>1</finishedLevel>
      <time>May 16, 2013, 1:53:11 PM EDT</time>
      <tilesRemoved>127</tilesRemoved>
      <timeToFinish>766.8520000001</timeToFinish>
      <status>complete</status>
      <age>Enter your age</age>
    </level>
  </type>
</xml>
