<?xml version="1.0"?>
<xml>
  <type>
    <block>
      <time>Monday, May 13, 2013 12:30:48 PM</time>
      <bondEncode>0,0,0,0,0,0,0,0,0,0,0,0,0,0,0,0,0,0,0,0,0,0,0,0,0,0,0,0,0,0,0,0,0,0,0,0,0,0,0,0</bondEncode>
      <blockID>0</blockID>
      <nbond>25</nbond>
      <sbond>0</sbond>
      <dbond>0</dbond>
      <tbond>0</tbond>
      <qbond>0</qbond>
      <bounce>0</bounce>
      <hardness>0</hardness>
      <slip>0</slip>
      <made>24</made>
      <device>computer</device>
    </block>
    <block>
      <time>Monday, May 13, 2013 12:32:19 PM</time>
      <bondEncode>0,0,0,0,0,0,0,0,0,0,0,0,0,1,1,0,0,0,0,0,0,0,0,0,0,0,1,0,0,0,0,1,0,0,0,0,0,0,0,0</bondEncode>
      <blockID>1</blockID>
      <nbond>20</nbond>
      <sbond>2</sbond>
      <dbond>3</dbond>
      <tbond>0</tbond>
      <qbond>0</qbond>
      <bounce>3</bounce>
      <hardness>3</hardness>
      <slip>9</slip>
      <made>7</made>
      <device>computer</device>
    </block>
    <block>
      <time>Monday, May 13, 2013 12:32:52 PM</time>
      <bondEncode>0,0,0,0,0,1,1,0,0,0,0,0,0,1,1,0,0,0,0,0,0,0,0,0,0,0,1,0,1,0,0,1,0,0,0,0,0,0,0,0</bondEncode>
      <blockID>2</blockID>
      <nbond>17</nbond>
      <sbond>2</sbond>
      <dbond>6</dbond>
      <tbond>0</tbond>
      <qbond>0</qbond>
      <bounce>6</bounce>
      <hardness>6</hardness>
      <slip>18</slip>
      <made>5</made>
      <device>computer</device>
    </block>
    <block>
      <time>Monday, May 13, 2013 12:33:19 PM</time>
      <bondEncode>0,0,0,0,0,0,0,0,0,0,0,0,0,0,0,0,1,1,1,1,0,0,0,0,0,0,0,0,0,0,0,0,0,0,0,0,0,0,0,0</bondEncode>
      <blockID>3</blockID>
      <nbond>20</nbond>
      <sbond>2</sbond>
      <dbond>3</dbond>
      <tbond>0</tbond>
      <qbond>0</qbond>
      <bounce>3</bounce>
      <hardness>3</hardness>
      <slip>9</slip>
      <made>5</made>
      <device>computer</device>
    </block>
    <block>
      <time>Monday, May 13, 2013 12:33:44 PM</time>
      <bondEncode>0,0,0,0,0,0,0,0,0,0,0,0,0,0,0,0,1,1,1,1,1,0,0,0,0,1,0,0,0,0,1,0,0,0,0,1,0,0,0,0</bondEncode>
      <blockID>4</blockID>
      <nbond>16</nbond>
      <sbond>2</sbond>
      <dbond>7</dbond>
      <tbond>0</tbond>
      <qbond>0</qbond>
      <bounce>7</bounce>
      <hardness>7</hardness>
      <slip>21</slip>
      <made>19</made>
      <device>computer</device>
    </block>
    <level>
      <finishedLevel>1</finishedLevel>
      <time>Monday, May 13, 2013 12:33:44 PM</time>
      <tilesRemoved>14</tilesRemoved>
      <timeToFinish>218.81499999996</timeToFinish>
      <status>quit</status>
      <age>26</age>
    </level>
  </type>
</xml>
