<?xml version="1.0"?>
<xml>
  <type>
    <block>
      <time>Fri May 17 2013 00:55:53 GMT 0200 (CEST)</time>
      <bondEncode>0,0,0,0,0,0,0,0,0,0,0,0,0,0,0,0,0,0,0,0,0,0,0,0,0,0,0,0,0,0,0,0,0,0,0,0,0,0,0,0</bondEncode>
      <blockID>0</blockID>
      <nbond>25</nbond>
      <sbond>0</sbond>
      <dbond>0</dbond>
      <tbond>0</tbond>
      <qbond>0</qbond>
      <bounce>0</bounce>
      <hardness>0</hardness>
      <slip>0</slip>
      <made>6</made>
      <device>computer</device>
    </block>
    <level>
      <finishedLevel>1</finishedLevel>
      <time>Fri May 17 2013 00:55:53 GMT 0200 (CEST)</time>
      <tilesRemoved>0</tilesRemoved>
      <timeToFinish>29.95</timeToFinish>
      <status>quit</status>
      <age>25</age>
    </level>
  </type>
</xml>
