<?xml version="1.0"?>
<xml>
  <type>
    <block>
      <time>May 16, 2013, 2:13:09 PM EDT</time>
      <bondEncode>0,0,0,0,0,0,0,0,0,0,0,0,0,0,0,0,0,0,0,0,0,0,0,0,0,0,0,0,0,0,0,0,0,0,0,0,0,0,0,0</bondEncode>
      <blockID>0</blockID>
      <nbond>25</nbond>
      <sbond>0</sbond>
      <dbond>0</dbond>
      <tbond>0</tbond>
      <qbond>0</qbond>
      <bounce>0</bounce>
      <hardness>0</hardness>
      <slip>0</slip>
      <made>10</made>
      <device>iPad</device>
    </block>
    <block>
      <time>May 16, 2013, 2:14:05 PM EDT</time>
      <bondEncode>0,0,0,0,1,0,1,1,0,0,0,0,1,1,1,1,0,0,0,0,1,0,0,0,0,1,0,0,0,1,1,0,0,0,0,0,0,0,0,0</bondEncode>
      <blockID>1</blockID>
      <nbond>0</nbond>
      <sbond>2</sbond>
      <dbond>17</dbond>
      <tbond>6</tbond>
      <qbond>0</qbond>
      <bounce>35</bounce>
      <hardness>23</hardness>
      <slip>39</slip>
      <made>31</made>
      <device>iPad</device>
    </block>
    <block>
      <time>May 16, 2013, 2:14:47 PM EDT</time>
      <bondEncode>0,0,0,0,0,0,0,0,0,0,0,0,0,0,1,1,0,0,0,0,0,0,0,0,0,0,0,0,0,0,0,0,0,0,0,0,0,0,0,1</bondEncode>
      <blockID>2</blockID>
      <nbond>19</nbond>
      <sbond>0</sbond>
      <dbond>6</dbond>
      <tbond>0</tbond>
      <qbond>0</qbond>
      <bounce>6</bounce>
      <hardness>6</hardness>
      <slip>18</slip>
      <made>0</made>
      <device>iPad</device>
    </block>
    <block>
      <time>May 16, 2013, 2:15:28 PM EDT</time>
      <bondEncode>1,0,1,1,1,0,0,1,1,1,1,1,1,0,1,1,0,0,0,0,0,1,1,1,1,0,1,1,1,1,0,1,1,1,1,0,1,0,1,1</bondEncode>
      <blockID>3</blockID>
      <nbond>0</nbond>
      <sbond>0</sbond>
      <dbond>4</dbond>
      <tbond>12</tbond>
      <qbond>9</qbond>
      <bounce>0</bounce>
      <hardness>43</hardness>
      <slip>-39</slip>
      <made>88</made>
      <device>iPad</device>
    </block>
    <block>
      <time>May 16, 2013, 2:17:52 PM EDT</time>
      <bondEncode>0,0,0,0,0,0,0,0,0,0,0,0,0,0,0,0,0,0,0,0,0,0,0,0,0,0,0,0,0,0,0,0,0,0,0,0,0,0,0,0</bondEncode>
      <blockID>4</blockID>
      <nbond>20</nbond>
      <sbond>2</sbond>
      <dbond>3</dbond>
      <tbond>0</tbond>
      <qbond>0</qbond>
      <bounce>3</bounce>
      <hardness>3</hardness>
      <slip>9</slip>
      <made>611</made>
      <device>iPad</device>
    </block>
    <level>
      <finishedLevel>1</finishedLevel>
      <time>May 16, 2013, 2:17:52 PM EDT</time>
      <tilesRemoved>140</tilesRemoved>
      <timeToFinish>803.77900000004</timeToFinish>
      <status>complete</status>
      <age>Enter your age</age>
    </level>
  </type>
  <type>
    <block>
      <time>May 16, 2013, 2:53:32 PM EDT</time>
      <bondEncode>0,0,0,0,0,0,0,0,0,0,0,0,0,0,0,0,0,0,0,0,0,0,0,0,0,0,0,0,0,0,0,0,0,0,0,0,0,0,0,0</bondEncode>
      <blockID>0</blockID>
      <nbond>25</nbond>
      <sbond>0</sbond>
      <dbond>0</dbond>
      <tbond>0</tbond>
      <qbond>0</qbond>
      <bounce>0</bounce>
      <hardness>0</hardness>
      <slip>0</slip>
      <made>104</made>
      <device>iPad</device>
    </block>
    <block>
      <time>May 16, 2013, 2:55:17 PM EDT</time>
      <bondEncode>1,0,1,1,0,0,0,0,1,0,0,0,0,0,0,0,0,0,0,0,0,0,1,0,1,1,0,1,0,1,0,0,1,0,1,0,0,1,0,1</bondEncode>
      <blockID>1</blockID>
      <nbond>4</nbond>
      <sbond>0</sbond>
      <dbond>16</dbond>
      <tbond>4</tbond>
      <qbond>1</qbond>
      <bounce>29</bounce>
      <hardness>23</hardness>
      <slip>37</slip>
      <made>85</made>
      <device>iPad</device>
    </block>
    <block>
      <time>May 16, 2013, 2:56:37 PM EDT</time>
      <bondEncode>0,0,1,1,0,0,0,0,0,0,0,1,0,0,0,0,0,0,0,0,0,0,0,0,1,0,0,0,1,1,0,0,0,0,1,0,0,0,0,0</bondEncode>
      <blockID>2</blockID>
      <nbond>13</nbond>
      <sbond>0</sbond>
      <dbond>4</dbond>
      <tbond>6</tbond>
      <qbond>2</qbond>
      <bounce>24</bounce>
      <hardness>16</hardness>
      <slip>-6</slip>
      <made>16</made>
      <device>iPad</device>
    </block>
    <block>
      <time>May 16, 2013, 2:57:02 PM EDT</time>
      <bondEncode>1,0,1,1,0,0,0,0,1,0,0,0,0,0,0,0,0,0,0,0,0,0,1,0,1,1,0,1,0,1,0,0,1,0,1,0,0,1,0,1</bondEncode>
      <blockID>3</blockID>
      <nbond>4</nbond>
      <sbond>0</sbond>
      <dbond>16</dbond>
      <tbond>4</tbond>
      <qbond>1</qbond>
      <bounce>29</bounce>
      <hardness>23</hardness>
      <slip>37</slip>
      <made>42</made>
      <device>iPad</device>
    </block>
    <block>
      <time>May 16, 2013, 2:57:37 PM EDT</time>
      <bondEncode>0,0,1,1,0,0,0,0,0,0,0,1,0,0,0,0,0,0,0,0,0,0,0,0,1,0,0,0,1,1,0,0,0,0,1,0,0,0,1,1</bondEncode>
      <blockID>4</blockID>
      <nbond>10</nbond>
      <sbond>0</sbond>
      <dbond>4</dbond>
      <tbond>8</tbond>
      <qbond>3</qbond>
      <bounce>31</bounce>
      <hardness>21</hardness>
      <slip>-13</slip>
      <made>166</made>
      <device>iPad</device>
    </block>
    <block>
      <time>May 16, 2013, 2:59:31 PM EDT</time>
      <bondEncode>1,0,1,1,0,0,0,0,1,0,0,0,0,0,0,0,0,0,0,0,0,0,1,0,1,1,0,1,0,1,0,0,1,0,1,0,0,1,0,1</bondEncode>
      <blockID>5</blockID>
      <nbond>4</nbond>
      <sbond>0</sbond>
      <dbond>16</dbond>
      <tbond>4</tbond>
      <qbond>1</qbond>
      <bounce>29</bounce>
      <hardness>23</hardness>
      <slip>37</slip>
      <made>33</made>
      <device>iPad</device>
    </block>
    <block>
      <time>May 16, 2013, 3:00:35 PM EDT</time>
      <bondEncode>0,0,1,1,0,0,0,0,0,0,0,0,0,0,1,1,1,1,1,1,1,0,0,0,0,1,0,1,0,0,1,0,0,0,0,1,0,0,0,0</bondEncode>
      <blockID>6</blockID>
      <nbond>3</nbond>
      <sbond>0</sbond>
      <dbond>14</dbond>
      <tbond>8</tbond>
      <qbond>0</qbond>
      <bounce>38</bounce>
      <hardness>22</hardness>
      <slip>26</slip>
      <made>7</made>
      <device>iPad</device>
    </block>
    <block>
      <time>May 16, 2013, 3:01:02 PM EDT</time>
      <bondEncode>0,0,1,1,0,0,0,0,0,0,0,0,0,0,0,0,1,1,1,1,1,0,0,0,0,1,0,0,0,0,1,0,0,0,0,1,0,0,0,0</bondEncode>
      <blockID>7</blockID>
      <nbond>7</nbond>
      <sbond>2</sbond>
      <dbond>14</dbond>
      <tbond>2</tbond>
      <qbond>0</qbond>
      <bounce>20</bounce>
      <hardness>16</hardness>
      <slip>38</slip>
      <made>45</made>
      <device>iPad</device>
    </block>
    <level>
      <finishedLevel>1</finishedLevel>
      <time>May 16, 2013, 3:01:02 PM EDT</time>
      <tilesRemoved>74</tilesRemoved>
      <timeToFinish>461.12699999998</timeToFinish>
      <status>complete</status>
      <age>Enter your age</age>
    </level>
  </type>
</xml>
