<?xml version="1.0"?>
<xml>
  <type>
    <block>
      <time>17/5/2013 13:04:58</time>
      <bondEncode>0,0,0,0,0,0,0,0,0,0,0,0,0,0,0,0,0,0,0,0,0,0,0,0,0,0,0,0,0,0,0,0,0,0,0,0,0,0,0,0</bondEncode>
      <blockID>0</blockID>
      <nbond>25</nbond>
      <sbond>0</sbond>
      <dbond>0</dbond>
      <tbond>0</tbond>
      <qbond>0</qbond>
      <bounce>0</bounce>
      <hardness>0</hardness>
      <slip>0</slip>
      <made>18</made>
      <device>computer</device>
    </block>
    <block>
      <time>17/5/2013 13:06:16</time>
      <bondEncode>1,0,0,0,0,1,0,0,0,0,0,0,0,0,0,0,0,0,0,0,0,1,0,0,0,0,0,1,0,0,0,0,0,1,0,0,0,0,0,0</bondEncode>
      <blockID>1</blockID>
      <nbond>17</nbond>
      <sbond>2</sbond>
      <dbond>6</dbond>
      <tbond>0</tbond>
      <qbond>0</qbond>
      <bounce>6</bounce>
      <hardness>6</hardness>
      <slip>18</slip>
      <made>0</made>
      <device>computer</device>
    </block>
    <block>
      <time>17/5/2013 13:06:20</time>
      <bondEncode>0,0,0,0,0,0,0,0,0,0,0,0,0,0,0,0,0,0,0,0,0,0,0,0,0,0,0,0,0,0,0,0,0,0,0,0,0,0,0,0</bondEncode>
      <blockID>2</blockID>
      <nbond>25</nbond>
      <sbond>0</sbond>
      <dbond>0</dbond>
      <tbond>0</tbond>
      <qbond>0</qbond>
      <bounce>0</bounce>
      <hardness>0</hardness>
      <slip>0</slip>
      <made>0</made>
      <device>computer</device>
    </block>
    <block>
      <time>17/5/2013 13:06:26</time>
      <bondEncode>1,0,0,0,0,1,0,0,0,0,0,0,0,0,0,0,0,0,0,0,0,1,0,0,0,0,0,1,0,0,0,0,0,1,0,0,0,0,0,0</bondEncode>
      <blockID>3</blockID>
      <nbond>17</nbond>
      <sbond>2</sbond>
      <dbond>6</dbond>
      <tbond>0</tbond>
      <qbond>0</qbond>
      <bounce>6</bounce>
      <hardness>6</hardness>
      <slip>18</slip>
      <made>24</made>
      <device>computer</device>
    </block>
    <level>
      <finishedLevel>1</finishedLevel>
      <time>17/5/2013 13:06:26</time>
      <tilesRemoved>13</tilesRemoved>
      <timeToFinish>119.251</timeToFinish>
      <status>quit</status>
      <age>28</age>
    </level>
  </type>
</xml>
