<?xml version="1.0"?>
<xml>
  <type>
    <block>
      <time>5/10/2013 5:27:12 PM</time>
      <bondEncode>0,0,0,0,0,0,0,0,0,0,0,0,0,0,0,0,0,0,0,0,0,0,0,0,0,0,0,0,0,0,0,0,0,0,0,0,0,0,0,0</bondEncode>
      <blockID>0</blockID>
      <nbond>25</nbond>
      <sbond>0</sbond>
      <dbond>0</dbond>
      <tbond>0</tbond>
      <qbond>0</qbond>
      <bounce>0</bounce>
      <hardness>0</hardness>
      <slip>0</slip>
      <made>12</made>
      <device>computer</device>
    </block>
    <block>
      <time>5/10/2013 5:29:46 PM</time>
      <bondEncode>1,1,1,1,1,0,1,0,0,1,0,0,0,0,0,0,0,0,0,0,0,0,0,0,1,0,0,0,1,1,0,1,0,1,1,0,0,0,0,1</bondEncode>
      <blockID>1</blockID>
      <nbond>0</nbond>
      <sbond>6</sbond>
      <dbond>19</dbond>
      <tbond>0</tbond>
      <qbond>0</qbond>
      <bounce>19</bounce>
      <hardness>19</hardness>
      <slip>57</slip>
      <made>0</made>
      <device>computer</device>
    </block>
    <block>
      <time>5/10/2013 5:31:48 PM</time>
      <bondEncode>1,1,1,1,0,0,0,0,0,0,0,0,0,0,0,0,0,0,0,0,0,0,0,0,0,0,0,0,0,0,0,0,0,0,0,0,0,0,0,0</bondEncode>
      <blockID>2</blockID>
      <nbond>20</nbond>
      <sbond>2</sbond>
      <dbond>3</dbond>
      <tbond>0</tbond>
      <qbond>0</qbond>
      <bounce>3</bounce>
      <hardness>3</hardness>
      <slip>9</slip>
      <made>3</made>
      <device>computer</device>
    </block>
    <block>
      <time>5/10/2013 5:32:16 PM</time>
      <bondEncode>1,1,0,1,0,0,0,0,1,1,1,1,0,0,0,0,1,1,1,1,0,0,0,0,1,1,0,0,0,0,0,0,0,0,1,1,0,0,0,0</bondEncode>
      <blockID>3</blockID>
      <nbond>0</nbond>
      <sbond>6</sbond>
      <dbond>19</dbond>
      <tbond>0</tbond>
      <qbond>0</qbond>
      <bounce>19</bounce>
      <hardness>19</hardness>
      <slip>57</slip>
      <made>16</made>
      <device>computer</device>
    </block>
    <block>
      <time>5/10/2013 5:33:30 PM</time>
      <bondEncode>1,1,1,1,0,0,0,0,0,0,0,0,0,0,0,0,0,0,0,0,0,0,0,0,0,0,0,0,0,0,0,0,0,0,0,0,0,0,0,0</bondEncode>
      <blockID>4</blockID>
      <nbond>20</nbond>
      <sbond>2</sbond>
      <dbond>3</dbond>
      <tbond>0</tbond>
      <qbond>0</qbond>
      <bounce>3</bounce>
      <hardness>3</hardness>
      <slip>9</slip>
      <made>52</made>
      <device>computer</device>
    </block>
    <block>
      <time>5/10/2013 5:35:58 PM</time>
      <bondEncode>1,1,0,1,0,0,0,0,1,1,1,1,0,0,0,0,1,1,1,1,0,0,0,0,1,1,0,0,0,0,0,0,0,0,1,1,0,0,0,0</bondEncode>
      <blockID>5</blockID>
      <nbond>0</nbond>
      <sbond>6</sbond>
      <dbond>19</dbond>
      <tbond>0</tbond>
      <qbond>0</qbond>
      <bounce>19</bounce>
      <hardness>19</hardness>
      <slip>57</slip>
      <made>4</made>
      <device>computer</device>
    </block>
    <block>
      <time>5/10/2013 5:36:32 PM</time>
      <bondEncode>0,0,0,0,0,0,0,0,0,0,0,0,0,0,0,0,0,0,0,0,0,0,0,0,0,0,0,0,0,0,0,0,0,0,0,0,0,0,0,0</bondEncode>
      <blockID>6</blockID>
      <nbond>25</nbond>
      <sbond>0</sbond>
      <dbond>0</dbond>
      <tbond>0</tbond>
      <qbond>0</qbond>
      <bounce>0</bounce>
      <hardness>0</hardness>
      <slip>0</slip>
      <made>48</made>
      <device>computer</device>
    </block>
    <block>
      <time>5/10/2013 5:38:41 PM</time>
      <bondEncode>1,1,1,1,0,0,0,0,0,0,0,0,0,0,0,0,0,0,0,0,0,0,0,0,0,0,0,0,0,0,0,0,0,0,0,0,0,0,0,0</bondEncode>
      <blockID>7</blockID>
      <nbond>20</nbond>
      <sbond>2</sbond>
      <dbond>3</dbond>
      <tbond>0</tbond>
      <qbond>0</qbond>
      <bounce>3</bounce>
      <hardness>3</hardness>
      <slip>9</slip>
      <made>2</made>
      <device>computer</device>
    </block>
    <block>
      <time>5/10/2013 5:38:54 PM</time>
      <bondEncode>0,0,0,0,0,0,0,0,0,0,0,0,0,0,0,0,0,0,0,0,0,0,0,0,0,0,0,0,0,0,0,0,0,0,0,0,0,0,0,0</bondEncode>
      <blockID>8</blockID>
      <nbond>25</nbond>
      <sbond>0</sbond>
      <dbond>0</dbond>
      <tbond>0</tbond>
      <qbond>0</qbond>
      <bounce>0</bounce>
      <hardness>0</hardness>
      <slip>0</slip>
      <made>2</made>
      <device>computer</device>
    </block>
    <block>
      <time>5/10/2013 5:39:19 PM</time>
      <bondEncode>1,1,1,1,0,0,0,0,0,0,0,0,0,0,0,0,0,0,0,0,0,0,0,0,0,0,0,0,0,0,0,0,0,0,0,0,0,0,0,0</bondEncode>
      <blockID>9</blockID>
      <nbond>20</nbond>
      <sbond>2</sbond>
      <dbond>3</dbond>
      <tbond>0</tbond>
      <qbond>0</qbond>
      <bounce>3</bounce>
      <hardness>3</hardness>
      <slip>9</slip>
      <made>2</made>
      <device>computer</device>
    </block>
    <block>
      <time>5/10/2013 5:39:30 PM</time>
      <bondEncode>0,0,0,0,0,0,0,0,0,0,0,0,0,0,0,0,0,0,0,0,0,0,0,0,0,0,0,0,0,0,0,0,0,0,0,0,0,0,0,0</bondEncode>
      <blockID>10</blockID>
      <nbond>25</nbond>
      <sbond>0</sbond>
      <dbond>0</dbond>
      <tbond>0</tbond>
      <qbond>0</qbond>
      <bounce>0</bounce>
      <hardness>0</hardness>
      <slip>0</slip>
      <made>16</made>
      <device>computer</device>
    </block>
    <block>
      <time>5/10/2013 5:40:28 PM</time>
      <bondEncode>1,1,0,1,0,0,0,0,1,1,1,1,0,0,0,0,1,1,1,1,0,0,0,0,1,1,0,0,0,0,0,0,0,0,1,1,0,0,0,0</bondEncode>
      <blockID>11</blockID>
      <nbond>0</nbond>
      <sbond>6</sbond>
      <dbond>19</dbond>
      <tbond>0</tbond>
      <qbond>0</qbond>
      <bounce>19</bounce>
      <hardness>19</hardness>
      <slip>57</slip>
      <made>38</made>
      <device>computer</device>
    </block>
    <block>
      <time>5/10/2013 5:41:47 PM</time>
      <bondEncode>0,0,0,0,0,0,0,0,0,0,0,0,0,0,0,0,0,0,0,0,0,0,0,0,0,0,0,0,0,0,0,0,0,0,0,0,0,0,0,0</bondEncode>
      <blockID>12</blockID>
      <nbond>25</nbond>
      <sbond>0</sbond>
      <dbond>0</dbond>
      <tbond>0</tbond>
      <qbond>0</qbond>
      <bounce>0</bounce>
      <hardness>0</hardness>
      <slip>0</slip>
      <made>8</made>
      <device>computer</device>
    </block>
    <block>
      <time>5/10/2013 5:42:08 PM</time>
      <bondEncode>1,1,0,1,0,0,0,0,1,1,1,1,0,0,0,0,1,1,1,1,0,0,0,0,1,1,0,0,0,0,0,0,0,0,1,1,0,0,0,0</bondEncode>
      <blockID>13</blockID>
      <nbond>0</nbond>
      <sbond>6</sbond>
      <dbond>19</dbond>
      <tbond>0</tbond>
      <qbond>0</qbond>
      <bounce>19</bounce>
      <hardness>19</hardness>
      <slip>57</slip>
      <made>16</made>
      <device>computer</device>
    </block>
    <level>
      <finishedLevel>1</finishedLevel>
      <time>5/10/2013 5:42:08 PM</time>
      <tilesRemoved>50</tilesRemoved>
      <timeToFinish>938.92500000011</timeToFinish>
      <status>quit</status>
      <age>23</age>
    </level>
  </type>
</xml>
