<?xml version="1.0"?>
<xml>
  <type>
    <block>
      <time>zaterdag 11 mei 2013 17:28:50</time>
      <bondEncode>0,0,0,0,0,0,0,0,0,0,0,0,0,0,0,0,0,0,0,0,0,0,0,0,0,0,0,0,0,0,0,0,0,0,0,0,0,0,0,0</bondEncode>
      <blockID>0</blockID>
      <nbond>25</nbond>
      <sbond>0</sbond>
      <dbond>0</dbond>
      <tbond>0</tbond>
      <qbond>0</qbond>
      <bounce>0</bounce>
      <hardness>0</hardness>
      <slip>0</slip>
      <made>24</made>
      <device>computer</device>
    </block>
    <block>
      <time>zaterdag 11 mei 2013 17:31:01</time>
      <bondEncode>1,1,1,1,1,1,1,1,1,1,1,1,1,1,1,1,1,1,1,1,0,0,0,0,0,0,0,0,0,0,0,0,0,0,0,0,0,1,0,0</bondEncode>
      <blockID>1</blockID>
      <nbond>0</nbond>
      <sbond>10</sbond>
      <dbond>10</dbond>
      <tbond>2</tbond>
      <qbond>3</qbond>
      <bounce>19</bounce>
      <hardness>21</hardness>
      <slip>17</slip>
      <made>192</made>
      <device>computer</device>
    </block>
    <block>
      <time>zaterdag 11 mei 2013 17:35:01</time>
      <bondEncode>1,1,1,1,0,0,0,0,1,1,1,1,0,0,0,0,1,0,0,0,0,0,1,1,1,1,0,1,0,1,0,0,1,1,1,0,0,1,1,1</bondEncode>
      <blockID>2</blockID>
      <nbond>0</nbond>
      <sbond>0</sbond>
      <dbond>5</dbond>
      <tbond>14</tbond>
      <qbond>6</qbond>
      <bounce>0</bounce>
      <hardness>37</hardness>
      <slip>-31</slip>
      <made>132</made>
      <device>computer</device>
    </block>
    <level>
      <finishedLevel>1</finishedLevel>
      <time>zaterdag 11 mei 2013 17:35:01</time>
      <tilesRemoved>62</tilesRemoved>
      <timeToFinish>521.56699999997</timeToFinish>
      <status>quit</status>
      <age>0</age>
    </level>
  </type>
</xml>
