<?xml version="1.0"?>
<xml>
  <type>
    <block>
      <time>zaterdag 18 mei 2013 16:56:19</time>
      <bondEncode>0,0,0,0,0,0,0,0,0,0,0,0,0,0,0,0,0,0,0,0,0,0,0,0,0,0,0,0,0,0,0,0,0,0,0,0,0,0,0,0</bondEncode>
      <blockID>0</blockID>
      <nbond>25</nbond>
      <sbond>0</sbond>
      <dbond>0</dbond>
      <tbond>0</tbond>
      <qbond>0</qbond>
      <bounce>0</bounce>
      <hardness>0</hardness>
      <slip>0</slip>
      <made>56</made>
      <device>computer</device>
    </block>
    <block>
      <time>zaterdag 18 mei 2013 16:58:58</time>
      <bondEncode>1,1,1,1,1,1,1,0,0,1,0,0,0,0,0,0,0,0,0,0,0,0,0,0,0,0,0,0,1,1,0,0,0,1,1,0,0,0,0,1</bondEncode>
      <blockID>1</blockID>
      <nbond>0</nbond>
      <sbond>4</sbond>
      <dbond>21</dbond>
      <tbond>0</tbond>
      <qbond>0</qbond>
      <bounce>21</bounce>
      <hardness>21</hardness>
      <slip>63</slip>
      <made>0</made>
      <device>computer</device>
    </block>
    <level>
      <finishedLevel>1</finishedLevel>
      <time>zaterdag 18 mei 2013 16:58:58</time>
      <tilesRemoved>21</tilesRemoved>
      <timeToFinish>162.60699999999</timeToFinish>
      <status>quit</status>
      <age>21</age>
    </level>
  </type>
</xml>
