<?xml version="1.0"?>
<xml>
  <type>
    <block>
      <time>5/14/2013 2:00:50 PM</time>
      <bondEncode>0,0,0,0,0,0,0,0,0,0,0,0,0,0,0,0,0,0,0,0,0,0,0,0,0,0,0,0,0,0,0,0,0,0,0,0,0,0,0,0</bondEncode>
      <blockID>0</blockID>
      <nbond>25</nbond>
      <sbond>0</sbond>
      <dbond>0</dbond>
      <tbond>0</tbond>
      <qbond>0</qbond>
      <bounce>0</bounce>
      <hardness>0</hardness>
      <slip>0</slip>
      <made>41</made>
      <device>computer</device>
    </block>
    <block>
      <time>5/14/2013 2:04:26 PM</time>
      <bondEncode>1,1,0,0,0,0,0,0,0,0,0,0,0,0,0,0,0,0,0,0,0,0,0,0,0,0,0,0,0,0,0,0,0,0,0,0,0,0,0,0</bondEncode>
      <blockID>1</blockID>
      <nbond>22</nbond>
      <sbond>2</sbond>
      <dbond>1</dbond>
      <tbond>0</tbond>
      <qbond>0</qbond>
      <bounce>1</bounce>
      <hardness>1</hardness>
      <slip>3</slip>
      <made>12</made>
      <device>computer</device>
    </block>
    <level>
      <finishedLevel>1</finishedLevel>
      <time>5/14/2013 2:04:26 PM</time>
      <tilesRemoved>12</tilesRemoved>
      <timeToFinish>320.07300000017</timeToFinish>
      <status>quit</status>
      <age>16</age>
    </level>
  </type>
</xml>
