<?xml version="1.0"?>
<xml>
  <type>
    <block>
      <time>16/5/2013 12:20:56</time>
      <bondEncode>0,0,0,0,0,0,0,0,0,0,0,0,0,0,0,0,0,0,0,0,0,0,0,0,0,0,0,0,0,0,0,0,0,0,0,0,0,0,0,0</bondEncode>
      <blockID>0</blockID>
      <nbond>25</nbond>
      <sbond>0</sbond>
      <dbond>0</dbond>
      <tbond>0</tbond>
      <qbond>0</qbond>
      <bounce>0</bounce>
      <hardness>0</hardness>
      <slip>0</slip>
      <made>16</made>
      <device>computer</device>
    </block>
    <block>
      <time>16/5/2013 12:22:02</time>
      <bondEncode>0,0,0,0,0,0,0,0,0,0,0,0,0,1,0,0,1,1,1,0,1,0,0,0,0,1,1,0,0,0,1,0,0,0,0,1,0,0,0,0</bondEncode>
      <blockID>1</blockID>
      <nbond>0</nbond>
      <sbond>4</sbond>
      <dbond>21</dbond>
      <tbond>0</tbond>
      <qbond>0</qbond>
      <bounce>21</bounce>
      <hardness>21</hardness>
      <slip>63</slip>
      <made>12</made>
      <device>computer</device>
    </block>
    <block>
      <time>16/5/2013 12:22:08</time>
      <bondEncode>0,0,0,0,0,0,0,0,0,0,0,0,0,0,0,0,0,0,0,0,0,0,0,0,0,0,0,0,0,0,0,0,0,0,0,0,0,0,0,0</bondEncode>
      <blockID>2</blockID>
      <nbond>25</nbond>
      <sbond>0</sbond>
      <dbond>0</dbond>
      <tbond>0</tbond>
      <qbond>0</qbond>
      <bounce>0</bounce>
      <hardness>0</hardness>
      <slip>0</slip>
      <made>29</made>
      <device>computer</device>
    </block>
    <block>
      <time>16/5/2013 12:23:48</time>
      <bondEncode>1,1,1,1,0,0,0,0,1,1,1,1,0,0,0,0,1,1,1,1,0,0,0,0,0,0,0,0,0,0,0,0,0,0,0,0,0,0,0,0</bondEncode>
      <blockID>3</blockID>
      <nbond>0</nbond>
      <sbond>12</sbond>
      <dbond>13</dbond>
      <tbond>0</tbond>
      <qbond>0</qbond>
      <bounce>13</bounce>
      <hardness>13</hardness>
      <slip>39</slip>
      <made>41</made>
      <device>computer</device>
    </block>
    <level>
      <finishedLevel>1</finishedLevel>
      <time>16/5/2013 12:23:48</time>
      <tilesRemoved>12</tilesRemoved>
      <timeToFinish>236.06799999996</timeToFinish>
      <status>quit</status>
      <age>21</age>
    </level>
  </type>
</xml>
