<?xml version="1.0"?>
<xml>
  <type>
    <block>
      <time>5/18/2013 12:58:42 AM</time>
      <bondEncode>0,0,0,0,0,0,0,0,0,0,0,0,0,0,0,0,0,0,0,0,0,0,0,0,0,0,0,0,0,0,0,0,0,0,0,0,0,0,0,0</bondEncode>
      <blockID>0</blockID>
      <nbond>25</nbond>
      <sbond>0</sbond>
      <dbond>0</dbond>
      <tbond>0</tbond>
      <qbond>0</qbond>
      <bounce>0</bounce>
      <hardness>0</hardness>
      <slip>0</slip>
      <made>24</made>
      <device>computer</device>
    </block>
    <block>
      <time>5/18/2013 1:00:00 AM</time>
      <bondEncode>0,0,0,1,0,0,0,0,0,0,0,0,0,0,0,0,0,1,1,0,1,1,1,1,1,1,1,0,0,1,1,1,0,1,1,1,1,0,1,0</bondEncode>
      <blockID>1</blockID>
      <nbond>0</nbond>
      <sbond>7</sbond>
      <dbond>13</dbond>
      <tbond>5</tbond>
      <qbond>0</qbond>
      <bounce>28</bounce>
      <hardness>18</hardness>
      <slip>29</slip>
      <made>11</made>
      <device>computer</device>
    </block>
    <block>
      <time>5/18/2013 1:00:35 AM</time>
      <bondEncode>0,0,0,0,0,0,0,0,0,0,0,0,0,0,0,0,0,0,0,0,0,0,0,0,0,0,0,0,0,0,0,0,0,0,0,0,0,0,0,0</bondEncode>
      <blockID>2</blockID>
      <nbond>25</nbond>
      <sbond>0</sbond>
      <dbond>0</dbond>
      <tbond>0</tbond>
      <qbond>0</qbond>
      <bounce>0</bounce>
      <hardness>0</hardness>
      <slip>0</slip>
      <made>44</made>
      <device>computer</device>
    </block>
    <block>
      <time>5/18/2013 1:01:24 AM</time>
      <bondEncode>0,0,1,1,0,0,0,0,0,0,0,0,0,0,0,0,0,0,0,0,1,0,0,0,1,1,0,0,0,1,1,0,0,0,1,1,0,0,0,1</bondEncode>
      <blockID>3</blockID>
      <nbond>9</nbond>
      <sbond>0</sbond>
      <dbond>16</dbond>
      <tbond>0</tbond>
      <qbond>0</qbond>
      <bounce>16</bounce>
      <hardness>16</hardness>
      <slip>48</slip>
      <made>16</made>
      <device>computer</device>
    </block>
    <level>
      <finishedLevel>1</finishedLevel>
      <time>5/18/2013 1:01:24 AM</time>
      <tilesRemoved>19</tilesRemoved>
      <timeToFinish>178.40999999998</timeToFinish>
      <status>quit</status>
      <age>28</age>
    </level>
  </type>
</xml>
