<?xml version="1.0"?>
<xml>
  <type>
    <block>
      <time>5/14/2013 10:43:10 AM</time>
      <bondEncode>0,0,0,0,0,0,0,0,0,0,0,0,0,0,0,0,0,0,0,0,0,0,0,0,0,0,0,0,0,0,0,0,0,0,0,0,0,0,0,0</bondEncode>
      <blockID>0</blockID>
      <nbond>25</nbond>
      <sbond>0</sbond>
      <dbond>0</dbond>
      <tbond>0</tbond>
      <qbond>0</qbond>
      <bounce>0</bounce>
      <hardness>0</hardness>
      <slip>0</slip>
      <made>54</made>
      <device>computer</device>
    </block>
    <level>
      <finishedLevel>1</finishedLevel>
      <time>5/14/2013 10:43:10 AM</time>
      <tilesRemoved>10</tilesRemoved>
      <timeToFinish>103.094</timeToFinish>
      <status>quit</status>
      <age>35</age>
    </level>
  </type>
</xml>
