<?xml version="1.0"?>
<xml>
  <type>
    <block>
      <time>May 16, 2013, 1:48:41 PM EDT</time>
      <bondEncode>0,0,0,0,0,0,0,0,0,0,0,0,0,0,0,0,0,0,0,0,0,0,0,0,0,0,0,0,0,0,0,0,0,0,0,0,0,0,0,0</bondEncode>
      <blockID>0</blockID>
      <nbond>25</nbond>
      <sbond>0</sbond>
      <dbond>0</dbond>
      <tbond>0</tbond>
      <qbond>0</qbond>
      <bounce>0</bounce>
      <hardness>0</hardness>
      <slip>0</slip>
      <made>0</made>
      <device>iPad</device>
    </block>
    <block>
      <time>May 16, 2013, 1:49:06 PM EDT</time>
      <bondEncode>0,0,1,1,0,0,0,0,1,1,0,0,0,0,0,0,0,0,1,1,1,0,0,0,1,1,0,0,0,1,0,0,1,0,0,0,0,1,0,0</bondEncode>
      <blockID>1</blockID>
      <nbond>4</nbond>
      <sbond>0</sbond>
      <dbond>16</dbond>
      <tbond>4</tbond>
      <qbond>1</qbond>
      <bounce>29</bounce>
      <hardness>23</hardness>
      <slip>37</slip>
      <made>4</made>
      <device>iPad</device>
    </block>
    <block>
      <time>May 16, 2013, 1:50:04 PM EDT</time>
      <bondEncode>1,1,1,1,1,1,0,0,1,1,1,1,0,0,0,0,1,1,1,1,0,0,0,0,0,1,0,0,0,1,0,0,0,0,0,0,0,0,0,1</bondEncode>
      <blockID>2</blockID>
      <nbond>0</nbond>
      <sbond>2</sbond>
      <dbond>19</dbond>
      <tbond>4</tbond>
      <qbond>0</qbond>
      <bounce>31</bounce>
      <hardness>23</hardness>
      <slip>49</slip>
      <made>0</made>
      <device>iPad</device>
    </block>
    <block>
      <time>May 16, 2013, 1:50:14 PM EDT</time>
      <bondEncode>0,0,0,0,0,0,0,0,0,0,0,0,0,0,0,0,0,0,0,0,0,0,0,0,0,0,0,0,0,0,0,0,0,0,0,0,0,0,0,0</bondEncode>
      <blockID>3</blockID>
      <nbond>25</nbond>
      <sbond>0</sbond>
      <dbond>0</dbond>
      <tbond>0</tbond>
      <qbond>0</qbond>
      <bounce>0</bounce>
      <hardness>0</hardness>
      <slip>0</slip>
      <made>12</made>
      <device>iPad</device>
    </block>
    <block>
      <time>May 16, 2013, 1:51:19 PM EDT</time>
      <bondEncode>0,0,0,0,0,0,0,0,1,1,1,1,1,0,0,1,0,0,0,0,0,0,0,0,0,0,0,0,0,0,1,1,1,1,1,0,0,0,0,0</bondEncode>
      <blockID>4</blockID>
      <nbond>15</nbond>
      <sbond>0</sbond>
      <dbond>4</dbond>
      <tbond>6</tbond>
      <qbond>0</qbond>
      <bounce>22</bounce>
      <hardness>10</hardness>
      <slip>0</slip>
      <made>14</made>
      <device>iPad</device>
    </block>
    <block>
      <time>May 16, 2013, 1:51:57 PM EDT</time>
      <bondEncode>1,1,1,1,1,1,0,0,1,1,1,1,0,0,0,0,1,1,1,1,0,0,0,0,0,1,0,0,0,1,0,0,0,0,0,0,0,0,0,1</bondEncode>
      <blockID>5</blockID>
      <nbond>0</nbond>
      <sbond>2</sbond>
      <dbond>19</dbond>
      <tbond>4</tbond>
      <qbond>0</qbond>
      <bounce>31</bounce>
      <hardness>23</hardness>
      <slip>49</slip>
      <made>6</made>
      <device>iPad</device>
    </block>
    <block>
      <time>May 16, 2013, 1:52:45 PM EDT</time>
      <bondEncode>0,0,1,1,0,0,0,0,1,1,0,0,0,0,0,0,0,0,1,1,1,0,0,0,1,1,0,0,0,1,0,0,1,0,0,0,0,1,0,0</bondEncode>
      <blockID>6</blockID>
      <nbond>4</nbond>
      <sbond>0</sbond>
      <dbond>16</dbond>
      <tbond>4</tbond>
      <qbond>1</qbond>
      <bounce>29</bounce>
      <hardness>23</hardness>
      <slip>37</slip>
      <made>24</made>
      <device>iPad</device>
    </block>
    <block>
      <time>May 16, 2013, 1:53:43 PM EDT</time>
      <bondEncode>0,0,0,0,0,0,0,0,0,0,0,0,0,0,0,0,0,0,0,0,0,0,0,0,0,0,0,0,0,0,0,0,0,0,0,0,0,0,0,0</bondEncode>
      <blockID>7</blockID>
      <nbond>25</nbond>
      <sbond>0</sbond>
      <dbond>0</dbond>
      <tbond>0</tbond>
      <qbond>0</qbond>
      <bounce>0</bounce>
      <hardness>0</hardness>
      <slip>0</slip>
      <made>30</made>
      <device>iPad</device>
    </block>
    <block>
      <time>May 16, 2013, 1:54:15 PM EDT</time>
      <bondEncode>1,1,1,1,1,1,0,0,1,1,1,1,0,0,0,0,1,1,1,1,0,0,0,0,0,1,0,0,0,1,0,0,0,0,0,0,0,0,0,1</bondEncode>
      <blockID>8</blockID>
      <nbond>0</nbond>
      <sbond>2</sbond>
      <dbond>19</dbond>
      <tbond>4</tbond>
      <qbond>0</qbond>
      <bounce>31</bounce>
      <hardness>23</hardness>
      <slip>49</slip>
      <made>4</made>
      <device>iPad</device>
    </block>
    <block>
      <time>May 16, 2013, 1:55:10 PM EDT</time>
      <bondEncode>0,0,1,1,0,0,0,0,1,1,0,0,0,0,0,0,0,0,1,1,1,0,0,0,1,1,0,0,0,1,0,0,1,0,0,0,0,1,0,0</bondEncode>
      <blockID>9</blockID>
      <nbond>4</nbond>
      <sbond>0</sbond>
      <dbond>16</dbond>
      <tbond>4</tbond>
      <qbond>1</qbond>
      <bounce>29</bounce>
      <hardness>23</hardness>
      <slip>37</slip>
      <made>8</made>
      <device>iPad</device>
    </block>
    <block>
      <time>May 16, 2013, 1:55:28 PM EDT</time>
      <bondEncode>0,0,0,0,0,0,0,0,0,0,0,0,0,0,0,0,0,0,0,0,0,0,0,0,0,0,0,0,0,0,0,0,0,0,0,0,0,0,0,0</bondEncode>
      <blockID>10</blockID>
      <nbond>25</nbond>
      <sbond>0</sbond>
      <dbond>0</dbond>
      <tbond>0</tbond>
      <qbond>0</qbond>
      <bounce>0</bounce>
      <hardness>0</hardness>
      <slip>0</slip>
      <made>27</made>
      <device>iPad</device>
    </block>
    <block>
      <time>May 16, 2013, 1:56:19 PM EDT</time>
      <bondEncode>1,1,1,1,1,1,0,0,1,1,1,1,0,0,0,0,1,1,1,1,0,0,0,0,0,1,0,0,0,1,0,0,0,0,0,0,0,0,0,1</bondEncode>
      <blockID>11</blockID>
      <nbond>0</nbond>
      <sbond>2</sbond>
      <dbond>19</dbond>
      <tbond>4</tbond>
      <qbond>0</qbond>
      <bounce>31</bounce>
      <hardness>23</hardness>
      <slip>49</slip>
      <made>8</made>
      <device>iPad</device>
    </block>
    <block>
      <time>May 16, 2013, 1:56:41 PM EDT</time>
      <bondEncode>0,0,0,0,0,0,0,0,0,0,0,0,0,0,0,0,0,0,0,0,0,0,0,0,0,0,0,0,0,0,0,0,0,0,0,0,0,0,0,0</bondEncode>
      <blockID>12</blockID>
      <nbond>25</nbond>
      <sbond>0</sbond>
      <dbond>0</dbond>
      <tbond>0</tbond>
      <qbond>0</qbond>
      <bounce>0</bounce>
      <hardness>0</hardness>
      <slip>0</slip>
      <made>56</made>
      <device>iPad</device>
    </block>
    <block>
      <time>May 16, 2013, 1:57:51 PM EDT</time>
      <bondEncode>0,0,0,0,0,0,0,0,1,1,1,1,1,0,1,1,0,0,0,0,0,0,0,0,0,0,0,0,0,0,1,1,1,1,1,0,0,0,0,0</bondEncode>
      <blockID>13</blockID>
      <nbond>15</nbond>
      <sbond>0</sbond>
      <dbond>4</dbond>
      <tbond>6</tbond>
      <qbond>0</qbond>
      <bounce>22</bounce>
      <hardness>10</hardness>
      <slip>0</slip>
      <made>37</made>
      <device>iPad</device>
    </block>
    <block>
      <time>May 16, 2013, 1:58:35 PM EDT</time>
      <bondEncode>1,1,1,1,1,1,0,0,1,1,1,1,0,0,0,0,1,1,1,1,0,0,0,0,0,1,0,0,0,1,0,0,0,0,0,0,0,0,0,1</bondEncode>
      <blockID>14</blockID>
      <nbond>0</nbond>
      <sbond>2</sbond>
      <dbond>19</dbond>
      <tbond>4</tbond>
      <qbond>0</qbond>
      <bounce>31</bounce>
      <hardness>23</hardness>
      <slip>49</slip>
      <made>15</made>
      <device>iPad</device>
    </block>
    <block>
      <time>May 16, 2013, 1:59:24 PM EDT</time>
      <bondEncode>0,0,0,0,0,0,0,0,0,0,0,0,0,0,0,0,0,0,0,0,0,0,0,0,0,0,0,0,0,0,0,0,0,0,0,0,0,0,0,0</bondEncode>
      <blockID>15</blockID>
      <nbond>25</nbond>
      <sbond>0</sbond>
      <dbond>0</dbond>
      <tbond>0</tbond>
      <qbond>0</qbond>
      <bounce>0</bounce>
      <hardness>0</hardness>
      <slip>0</slip>
      <made>97</made>
      <device>iPad</device>
    </block>
    <block>
      <time>May 16, 2013, 2:01:06 PM EDT</time>
      <bondEncode>1,1,1,1,1,1,0,0,1,1,1,1,0,0,0,0,1,1,1,1,0,0,0,0,0,1,0,0,0,1,0,0,0,0,0,0,0,0,0,1</bondEncode>
      <blockID>16</blockID>
      <nbond>0</nbond>
      <sbond>2</sbond>
      <dbond>19</dbond>
      <tbond>4</tbond>
      <qbond>0</qbond>
      <bounce>31</bounce>
      <hardness>23</hardness>
      <slip>49</slip>
      <made>2</made>
      <device>iPad</device>
    </block>
    <block>
      <time>May 16, 2013, 2:01:19 PM EDT</time>
      <bondEncode>0,0,1,1,0,0,0,0,1,1,0,0,0,0,0,0,0,0,1,1,1,0,0,0,1,1,0,0,0,1,0,0,1,0,0,0,0,1,0,0</bondEncode>
      <blockID>17</blockID>
      <nbond>4</nbond>
      <sbond>0</sbond>
      <dbond>16</dbond>
      <tbond>4</tbond>
      <qbond>1</qbond>
      <bounce>29</bounce>
      <hardness>23</hardness>
      <slip>37</slip>
      <made>4</made>
      <device>iPad</device>
    </block>
    <block>
      <time>May 16, 2013, 2:01:29 PM EDT</time>
      <bondEncode>0,0,0,0,0,0,0,0,0,0,0,0,0,0,0,0,0,0,0,0,0,0,0,0,0,0,0,0,0,0,0,0,0,0,0,0,0,0,0,0</bondEncode>
      <blockID>18</blockID>
      <nbond>25</nbond>
      <sbond>0</sbond>
      <dbond>0</dbond>
      <tbond>0</tbond>
      <qbond>0</qbond>
      <bounce>0</bounce>
      <hardness>0</hardness>
      <slip>0</slip>
      <made>70</made>
      <device>iPad</device>
    </block>
    <block>
      <time>May 16, 2013, 2:02:30 PM EDT</time>
      <bondEncode>1,1,1,1,1,1,0,0,1,1,1,1,0,0,0,0,1,1,1,1,0,0,0,0,0,1,0,0,0,1,0,0,0,0,0,0,0,0,0,1</bondEncode>
      <blockID>19</blockID>
      <nbond>0</nbond>
      <sbond>2</sbond>
      <dbond>19</dbond>
      <tbond>4</tbond>
      <qbond>0</qbond>
      <bounce>31</bounce>
      <hardness>23</hardness>
      <slip>49</slip>
      <made>4</made>
      <device>iPad</device>
    </block>
    <block>
      <time>May 16, 2013, 2:02:42 PM EDT</time>
      <bondEncode>0,0,0,0,0,0,0,0,0,0,0,0,0,0,0,0,0,0,0,0,0,0,0,0,0,0,0,0,0,0,0,0,0,0,0,0,0,0,0,0</bondEncode>
      <blockID>20</blockID>
      <nbond>25</nbond>
      <sbond>0</sbond>
      <dbond>0</dbond>
      <tbond>0</tbond>
      <qbond>0</qbond>
      <bounce>0</bounce>
      <hardness>0</hardness>
      <slip>0</slip>
      <made>23</made>
      <device>iPad</device>
    </block>
    <block>
      <time>May 16, 2013, 2:03:01 PM EDT</time>
      <bondEncode>1,1,1,1,1,1,0,0,1,1,1,1,0,0,0,0,1,1,1,1,0,0,0,0,0,1,0,0,0,1,0,0,0,0,0,0,0,0,0,1</bondEncode>
      <blockID>21</blockID>
      <nbond>0</nbond>
      <sbond>2</sbond>
      <dbond>19</dbond>
      <tbond>4</tbond>
      <qbond>0</qbond>
      <bounce>31</bounce>
      <hardness>23</hardness>
      <slip>49</slip>
      <made>3</made>
      <device>iPad</device>
    </block>
    <level>
      <finishedLevel>1</finishedLevel>
      <time>May 16, 2013, 2:03:01 PM EDT</time>
      <tilesRemoved>143</tilesRemoved>
      <timeToFinish>847.42600000002</timeToFinish>
      <status>complete</status>
      <age>Enter your age</age>
    </level>
  </type>
  <type>
    <block>
      <time>May 16, 2013, 2:03:07 PM EDT</time>
      <bondEncode>1,1,1,1,1,1,0,0,1,1,1,1,0,0,0,0,1,1,1,1,0,0,0,0,0,1,0,0,0,1,0,0,0,0,0,0,0,0,0,1</bondEncode>
      <blockID>21</blockID>
      <nbond>0</nbond>
      <sbond>2</sbond>
      <dbond>19</dbond>
      <tbond>4</tbond>
      <qbond>0</qbond>
      <bounce>31</bounce>
      <hardness>23</hardness>
      <slip>49</slip>
      <made>9</made>
      <device>iPad</device>
    </block>
    <block>
      <time>May 16, 2013, 2:04:07 PM EDT</time>
      <bondEncode>1,0,0,0,0,0,0,0,0,0,0,0,0,0,0,0,0,0,0,0,0,0,0,0,1,1,0,0,0,0,0,0,0,0,1,1,0,0,0,0</bondEncode>
      <blockID>22</blockID>
      <nbond>9</nbond>
      <sbond>0</sbond>
      <dbond>16</dbond>
      <tbond>0</tbond>
      <qbond>0</qbond>
      <bounce>16</bounce>
      <hardness>16</hardness>
      <slip>48</slip>
      <made>2</made>
      <device>iPad</device>
    </block>
    <block>
      <time>May 16, 2013, 2:04:27 PM EDT</time>
      <bondEncode>1,0,0,0,0,0,0,0,0,0,0,0,0,0,0,0,0,0,0,0,0,0,0,0,1,1,0,0,0,0,0,0,0,0,1,1,0,0,0,0</bondEncode>
      <blockID>23</blockID>
      <nbond>12</nbond>
      <sbond>2</sbond>
      <dbond>11</dbond>
      <tbond>0</tbond>
      <qbond>0</qbond>
      <bounce>11</bounce>
      <hardness>11</hardness>
      <slip>33</slip>
      <made>4</made>
      <device>iPad</device>
    </block>
    <block>
      <time>May 16, 2013, 2:04:35 PM EDT</time>
      <bondEncode>1,0,0,0,0,0,0,0,1,1,1,1,0,0,0,0,0,0,0,0,0,0,0,0,1,1,0,0,0,0,0,0,0,0,1,1,0,0,0,0</bondEncode>
      <blockID>24</blockID>
      <nbond>9</nbond>
      <sbond>2</sbond>
      <dbond>12</dbond>
      <tbond>2</tbond>
      <qbond>0</qbond>
      <bounce>18</bounce>
      <hardness>14</hardness>
      <slip>32</slip>
      <made>2</made>
      <device>iPad</device>
    </block>
    <block>
      <time>May 16, 2013, 2:04:47 PM EDT</time>
      <bondEncode>1,0,0,0,0,0,0,0,0,0,0,0,0,0,0,0,1,1,1,1,0,0,1,0,1,1,0,1,0,0,0,0,1,0,1,1,0,1,0,0</bondEncode>
      <blockID>25</blockID>
      <nbond>6</nbond>
      <sbond>0</sbond>
      <dbond>17</dbond>
      <tbond>2</tbond>
      <qbond>0</qbond>
      <bounce>23</bounce>
      <hardness>19</hardness>
      <slip>47</slip>
      <made>2</made>
      <device>iPad</device>
    </block>
    <block>
      <time>May 16, 2013, 2:04:59 PM EDT</time>
      <bondEncode>1,0,0,0,0,0,0,0,1,1,1,0,1,1,1,1,1,1,1,1,0,0,1,0,1,1,0,1,0,0,0,0,1,0,1,1,0,1,0,0</bondEncode>
      <blockID>26</blockID>
      <nbond>0</nbond>
      <sbond>0</sbond>
      <dbond>14</dbond>
      <tbond>8</tbond>
      <qbond>3</qbond>
      <bounce>0</bounce>
      <hardness>31</hardness>
      <slip>17</slip>
      <made>12</made>
      <device>iPad</device>
    </block>
    <block>
      <time>May 16, 2013, 2:05:48 PM EDT</time>
      <bondEncode>0,0,0,0,0,0,0,0,1,1,1,1,1,0,1,1,0,0,0,0,0,0,0,0,0,0,0,0,0,0,1,1,1,1,1,0,0,0,0,0</bondEncode>
      <blockID>27</blockID>
      <nbond>15</nbond>
      <sbond>0</sbond>
      <dbond>4</dbond>
      <tbond>6</tbond>
      <qbond>0</qbond>
      <bounce>22</bounce>
      <hardness>10</hardness>
      <slip>0</slip>
      <made>0</made>
      <device>iPad</device>
    </block>
    <block>
      <time>May 16, 2013, 2:06:04 PM EDT</time>
      <bondEncode>0,0,1,1,0,0,0,0,0,0,0,0,0,0,0,0,0,0,1,1,1,0,0,0,1,1,0,0,0,1,0,0,0,0,0,0,0,0,0,0</bondEncode>
      <blockID>28</blockID>
      <nbond>9</nbond>
      <sbond>0</sbond>
      <dbond>16</dbond>
      <tbond>0</tbond>
      <qbond>0</qbond>
      <bounce>16</bounce>
      <hardness>16</hardness>
      <slip>48</slip>
      <made>27</made>
      <device>iPad</device>
    </block>
    <block>
      <time>May 16, 2013, 2:06:51 PM EDT</time>
      <bondEncode>0,0,0,0,0,0,0,0,1,1,1,1,1,0,1,1,0,0,0,0,0,0,0,0,0,0,0,0,0,0,1,1,1,1,1,0,0,0,0,0</bondEncode>
      <blockID>29</blockID>
      <nbond>15</nbond>
      <sbond>0</sbond>
      <dbond>4</dbond>
      <tbond>6</tbond>
      <qbond>0</qbond>
      <bounce>22</bounce>
      <hardness>10</hardness>
      <slip>0</slip>
      <made>112</made>
      <device>iPad</device>
    </block>
    <block>
      <time>May 16, 2013, 2:08:46 PM EDT</time>
      <bondEncode>0,0,1,1,0,0,0,0,0,0,0,0,0,0,0,0,0,0,1,1,1,0,0,0,1,1,0,0,0,1,0,0,0,0,0,0,0,0,0,0</bondEncode>
      <blockID>30</blockID>
      <nbond>9</nbond>
      <sbond>0</sbond>
      <dbond>16</dbond>
      <tbond>0</tbond>
      <qbond>0</qbond>
      <bounce>16</bounce>
      <hardness>16</hardness>
      <slip>48</slip>
      <made>11</made>
      <device>iPad</device>
    </block>
    <block>
      <time>May 16, 2013, 2:09:13 PM EDT</time>
      <bondEncode>1,0,0,0,0,0,0,0,1,1,1,0,1,1,1,1,1,1,1,1,0,1,1,0,1,1,1,1,0,0,0,1,1,0,1,1,1,1,0,0</bondEncode>
      <blockID>31</blockID>
      <nbond>0</nbond>
      <sbond>0</sbond>
      <dbond>4</dbond>
      <tbond>12</tbond>
      <qbond>9</qbond>
      <bounce>0</bounce>
      <hardness>43</hardness>
      <slip>-39</slip>
      <made>27</made>
      <device>iPad</device>
    </block>
    <block>
      <time>May 16, 2013, 2:10:13 PM EDT</time>
      <bondEncode>1,1,1,1,1,1,0,0,1,1,1,1,0,0,0,0,1,1,1,1,0,0,0,0,0,1,0,0,0,1,0,0,0,0,0,0,0,0,0,1</bondEncode>
      <blockID>32</blockID>
      <nbond>0</nbond>
      <sbond>2</sbond>
      <dbond>19</dbond>
      <tbond>4</tbond>
      <qbond>0</qbond>
      <bounce>31</bounce>
      <hardness>23</hardness>
      <slip>49</slip>
      <made>10</made>
      <device>iPad</device>
    </block>
    <block>
      <time>May 16, 2013, 2:10:51 PM EDT</time>
      <bondEncode>0,0,0,0,0,0,0,0,0,0,0,0,0,0,0,0,0,0,0,0,0,0,0,0,0,0,0,0,0,0,0,0,0,0,0,0,0,0,0,0</bondEncode>
      <blockID>33</blockID>
      <nbond>25</nbond>
      <sbond>0</sbond>
      <dbond>0</dbond>
      <tbond>0</tbond>
      <qbond>0</qbond>
      <bounce>0</bounce>
      <hardness>0</hardness>
      <slip>0</slip>
      <made>20</made>
      <device>iPad</device>
    </block>
    <block>
      <time>May 16, 2013, 2:11:09 PM EDT</time>
      <bondEncode>1,1,1,1,1,1,0,0,1,1,1,1,0,0,0,0,1,1,1,1,0,0,0,0,0,1,0,0,0,1,0,0,0,0,0,0,0,0,0,1</bondEncode>
      <blockID>34</blockID>
      <nbond>0</nbond>
      <sbond>2</sbond>
      <dbond>19</dbond>
      <tbond>4</tbond>
      <qbond>0</qbond>
      <bounce>31</bounce>
      <hardness>23</hardness>
      <slip>49</slip>
      <made>52</made>
      <device>iPad</device>
    </block>
    <block>
      <time>May 16, 2013, 2:12:55 PM EDT</time>
      <bondEncode>0,0,0,0,0,0,0,0,0,0,0,0,0,0,0,0,0,0,0,0,0,0,0,0,0,0,0,0,0,0,0,0,0,0,0,0,0,0,0,0</bondEncode>
      <blockID>35</blockID>
      <nbond>25</nbond>
      <sbond>0</sbond>
      <dbond>0</dbond>
      <tbond>0</tbond>
      <qbond>0</qbond>
      <bounce>0</bounce>
      <hardness>0</hardness>
      <slip>0</slip>
      <made>16</made>
      <device>iPad</device>
    </block>
    <block>
      <time>May 16, 2013, 2:13:11 PM EDT</time>
      <bondEncode>1,0,0,0,0,0,0,0,1,1,1,0,1,1,1,1,1,1,1,1,0,1,1,0,1,1,1,1,0,0,0,1,1,0,1,1,1,1,0,0</bondEncode>
      <blockID>36</blockID>
      <nbond>0</nbond>
      <sbond>0</sbond>
      <dbond>4</dbond>
      <tbond>12</tbond>
      <qbond>9</qbond>
      <bounce>0</bounce>
      <hardness>43</hardness>
      <slip>-39</slip>
      <made>16</made>
      <device>iPad</device>
    </block>
    <block>
      <time>May 16, 2013, 2:13:46 PM EDT</time>
      <bondEncode>1,1,1,1,1,1,0,0,1,1,1,1,0,0,0,0,1,1,1,1,0,0,0,0,0,1,0,0,0,1,0,0,0,0,0,0,0,0,0,1</bondEncode>
      <blockID>37</blockID>
      <nbond>0</nbond>
      <sbond>2</sbond>
      <dbond>19</dbond>
      <tbond>4</tbond>
      <qbond>0</qbond>
      <bounce>31</bounce>
      <hardness>23</hardness>
      <slip>49</slip>
      <made>70</made>
      <device>iPad</device>
    </block>
    <block>
      <time>May 16, 2013, 2:14:57 PM EDT</time>
      <bondEncode>1,0,0,0,0,0,0,0,1,1,1,0,1,1,1,1,1,1,1,1,0,1,1,0,1,1,1,1,0,0,0,1,1,0,1,1,1,1,0,0</bondEncode>
      <blockID>38</blockID>
      <nbond>0</nbond>
      <sbond>0</sbond>
      <dbond>4</dbond>
      <tbond>12</tbond>
      <qbond>9</qbond>
      <bounce>0</bounce>
      <hardness>43</hardness>
      <slip>-39</slip>
      <made>14</made>
      <device>iPad</device>
    </block>
    <block>
      <time>May 16, 2013, 2:15:38 PM EDT</time>
      <bondEncode>1,1,1,1,1,1,0,0,1,1,1,1,0,0,0,0,1,1,1,1,0,0,0,0,0,1,0,0,0,1,0,0,0,0,0,0,0,0,0,1</bondEncode>
      <blockID>39</blockID>
      <nbond>0</nbond>
      <sbond>2</sbond>
      <dbond>19</dbond>
      <tbond>4</tbond>
      <qbond>0</qbond>
      <bounce>31</bounce>
      <hardness>23</hardness>
      <slip>49</slip>
      <made>36</made>
      <device>iPad</device>
    </block>
    <block>
      <time>May 16, 2013, 2:16:19 PM EDT</time>
      <bondEncode>1,0,0,0,0,0,0,0,1,1,1,0,1,1,1,1,1,1,1,1,0,1,1,0,1,1,1,1,0,0,0,1,1,0,1,1,1,1,0,0</bondEncode>
      <blockID>40</blockID>
      <nbond>0</nbond>
      <sbond>0</sbond>
      <dbond>4</dbond>
      <tbond>12</tbond>
      <qbond>9</qbond>
      <bounce>0</bounce>
      <hardness>43</hardness>
      <slip>-39</slip>
      <made>8</made>
      <device>iPad</device>
    </block>
    <block>
      <time>May 16, 2013, 2:16:34 PM EDT</time>
      <bondEncode>1,1,1,1,1,1,0,0,1,1,1,1,0,0,0,0,1,1,1,1,0,0,0,0,0,1,0,0,0,1,0,0,0,0,0,0,0,0,0,1</bondEncode>
      <blockID>41</blockID>
      <nbond>0</nbond>
      <sbond>2</sbond>
      <dbond>19</dbond>
      <tbond>4</tbond>
      <qbond>0</qbond>
      <bounce>31</bounce>
      <hardness>23</hardness>
      <slip>49</slip>
      <made>14</made>
      <device>iPad</device>
    </block>
    <block>
      <time>May 16, 2013, 2:16:57 PM EDT</time>
      <bondEncode>0,0,1,1,0,0,0,0,0,0,0,0,0,0,0,0,0,0,1,1,1,0,0,0,1,1,0,0,0,1,0,0,0,0,0,0,0,0,0,0</bondEncode>
      <blockID>42</blockID>
      <nbond>9</nbond>
      <sbond>0</sbond>
      <dbond>16</dbond>
      <tbond>0</tbond>
      <qbond>0</qbond>
      <bounce>16</bounce>
      <hardness>16</hardness>
      <slip>48</slip>
      <made>4</made>
      <device>iPad</device>
    </block>
    <block>
      <time>May 16, 2013, 2:17:07 PM EDT</time>
      <bondEncode>0,0,0,0,0,0,0,0,0,0,0,0,0,0,0,0,0,0,0,0,0,0,0,0,0,0,0,0,0,0,0,0,0,0,0,0,0,0,0,0</bondEncode>
      <blockID>43</blockID>
      <nbond>25</nbond>
      <sbond>0</sbond>
      <dbond>0</dbond>
      <tbond>0</tbond>
      <qbond>0</qbond>
      <bounce>0</bounce>
      <hardness>0</hardness>
      <slip>0</slip>
      <made>24</made>
      <device>iPad</device>
    </block>
    <block>
      <time>May 16, 2013, 2:17:37 PM EDT</time>
      <bondEncode>1,1,1,1,1,1,0,0,1,1,1,1,0,0,0,0,1,1,1,1,0,0,0,0,0,1,0,0,0,1,0,0,0,0,0,0,0,0,0,1</bondEncode>
      <blockID>44</blockID>
      <nbond>0</nbond>
      <sbond>2</sbond>
      <dbond>19</dbond>
      <tbond>4</tbond>
      <qbond>0</qbond>
      <bounce>31</bounce>
      <hardness>23</hardness>
      <slip>49</slip>
      <made>26</made>
      <device>iPad</device>
    </block>
    <block>
      <time>May 16, 2013, 2:18:03 PM EDT</time>
      <bondEncode>0,0,0,0,0,0,0,0,0,0,0,0,0,0,0,0,0,0,0,0,0,0,0,0,0,0,0,0,0,0,0,0,0,0,0,0,0,0,0,0</bondEncode>
      <blockID>45</blockID>
      <nbond>25</nbond>
      <sbond>0</sbond>
      <dbond>0</dbond>
      <tbond>0</tbond>
      <qbond>0</qbond>
      <bounce>0</bounce>
      <hardness>0</hardness>
      <slip>0</slip>
      <made>18</made>
      <device>iPad</device>
    </block>
    <block>
      <time>May 16, 2013, 2:18:16 PM EDT</time>
      <bondEncode>1,1,1,1,1,1,0,0,1,1,1,1,0,0,0,0,1,1,1,1,0,0,0,0,0,1,0,0,0,1,0,0,0,0,0,0,0,0,0,1</bondEncode>
      <blockID>46</blockID>
      <nbond>0</nbond>
      <sbond>2</sbond>
      <dbond>19</dbond>
      <tbond>4</tbond>
      <qbond>0</qbond>
      <bounce>31</bounce>
      <hardness>23</hardness>
      <slip>49</slip>
      <made>33</made>
      <device>iPad</device>
    </block>
    <block>
      <time>May 16, 2013, 2:18:36 PM EDT</time>
      <bondEncode>1,0,0,0,0,0,0,0,1,1,1,0,1,1,1,1,1,1,1,1,0,1,1,0,1,1,1,1,0,0,0,1,1,0,1,1,1,1,0,0</bondEncode>
      <blockID>47</blockID>
      <nbond>0</nbond>
      <sbond>0</sbond>
      <dbond>4</dbond>
      <tbond>12</tbond>
      <qbond>9</qbond>
      <bounce>0</bounce>
      <hardness>43</hardness>
      <slip>-39</slip>
      <made>11</made>
      <device>iPad</device>
    </block>
    <block>
      <time>May 16, 2013, 2:19:00 PM EDT</time>
      <bondEncode>0,0,0,0,0,0,0,0,0,0,0,0,0,0,0,0,0,0,0,0,0,0,0,0,0,0,0,0,0,0,0,0,0,0,0,0,0,0,0,0</bondEncode>
      <blockID>48</blockID>
      <nbond>25</nbond>
      <sbond>0</sbond>
      <dbond>0</dbond>
      <tbond>0</tbond>
      <qbond>0</qbond>
      <bounce>0</bounce>
      <hardness>0</hardness>
      <slip>0</slip>
      <made>8</made>
      <device>iPad</device>
    </block>
    <block>
      <time>May 16, 2013, 2:19:11 PM EDT</time>
      <bondEncode>1,0,0,0,0,0,0,0,1,1,1,0,1,1,1,1,1,1,1,1,0,1,1,0,1,1,1,1,0,0,0,1,1,0,1,1,1,1,0,0</bondEncode>
      <blockID>49</blockID>
      <nbond>0</nbond>
      <sbond>0</sbond>
      <dbond>4</dbond>
      <tbond>12</tbond>
      <qbond>9</qbond>
      <bounce>0</bounce>
      <hardness>43</hardness>
      <slip>-39</slip>
      <made>2</made>
      <device>iPad</device>
    </block>
    <level>
      <finishedLevel>2</finishedLevel>
      <time>May 16, 2013, 2:19:11 PM EDT</time>
      <tilesRemoved>144</tilesRemoved>
      <timeToFinish>1781.7749999994</timeToFinish>
      <status>complete</status>
      <age>Enter your age</age>
    </level>
  </type>
  <type>
    <block>
      <time>May 16, 2013, 2:19:16 PM EDT</time>
      <bondEncode>1,0,0,0,0,0,0,0,1,1,1,0,1,1,1,1,1,1,1,1,0,1,1,0,1,1,1,1,0,0,0,1,1,0,1,1,1,1,0,0</bondEncode>
      <blockID>49</blockID>
      <nbond>0</nbond>
      <sbond>0</sbond>
      <dbond>4</dbond>
      <tbond>12</tbond>
      <qbond>9</qbond>
      <bounce>0</bounce>
      <hardness>43</hardness>
      <slip>-39</slip>
      <made>0</made>
      <device>iPad</device>
    </block>
    <block>
      <time>May 16, 2013, 2:19:47 PM EDT</time>
      <bondEncode>0,0,0,0,0,0,0,0,0,0,0,0,0,0,0,0,0,0,0,0,0,0,0,0,0,0,0,0,0,0,0,0,0,0,0,0,0,0,0,0</bondEncode>
      <blockID>50</blockID>
      <nbond>25</nbond>
      <sbond>0</sbond>
      <dbond>0</dbond>
      <tbond>0</tbond>
      <qbond>0</qbond>
      <bounce>0</bounce>
      <hardness>0</hardness>
      <slip>0</slip>
      <made>78</made>
      <device>iPad</device>
    </block>
    <block>
      <time>May 16, 2013, 2:20:30 PM EDT</time>
      <bondEncode>0,0,1,1,0,0,0,0,0,0,0,0,0,0,0,0,0,0,1,1,1,0,0,0,1,1,0,0,0,1,0,0,0,0,0,0,0,0,0,0</bondEncode>
      <blockID>51</blockID>
      <nbond>9</nbond>
      <sbond>0</sbond>
      <dbond>16</dbond>
      <tbond>0</tbond>
      <qbond>0</qbond>
      <bounce>16</bounce>
      <hardness>16</hardness>
      <slip>48</slip>
      <made>8</made>
      <device>iPad</device>
    </block>
    <block>
      <time>May 16, 2013, 2:20:43 PM EDT</time>
      <bondEncode>0,0,0,0,0,0,0,0,0,0,0,0,0,0,0,0,0,0,0,0,0,0,0,0,0,0,0,0,0,0,0,0,0,0,0,0,0,0,0,0</bondEncode>
      <blockID>52</blockID>
      <nbond>25</nbond>
      <sbond>0</sbond>
      <dbond>0</dbond>
      <tbond>0</tbond>
      <qbond>0</qbond>
      <bounce>0</bounce>
      <hardness>0</hardness>
      <slip>0</slip>
      <made>322</made>
      <device>iPad</device>
    </block>
    <block>
      <time>May 16, 2013, 2:22:40 PM EDT</time>
      <bondEncode>1,0,0,0,0,0,0,0,1,1,1,0,1,1,1,1,1,1,1,1,0,1,1,0,1,1,1,1,0,0,0,1,1,0,1,1,1,1,0,0</bondEncode>
      <blockID>53</blockID>
      <nbond>0</nbond>
      <sbond>0</sbond>
      <dbond>4</dbond>
      <tbond>12</tbond>
      <qbond>9</qbond>
      <bounce>0</bounce>
      <hardness>43</hardness>
      <slip>-39</slip>
      <made>0</made>
      <device>iPad</device>
    </block>
    <block>
      <time>May 16, 2013, 2:22:57 PM EDT</time>
      <bondEncode>0,0,0,0,0,0,0,0,0,0,0,0,0,0,0,0,0,0,0,0,0,0,0,0,0,0,0,0,0,0,0,0,0,0,0,0,0,0,0,0</bondEncode>
      <blockID>54</blockID>
      <nbond>25</nbond>
      <sbond>0</sbond>
      <dbond>0</dbond>
      <tbond>0</tbond>
      <qbond>0</qbond>
      <bounce>0</bounce>
      <hardness>0</hardness>
      <slip>0</slip>
      <made>0</made>
      <device>iPad</device>
    </block>
    <block>
      <time>May 16, 2013, 2:23:19 PM EDT</time>
      <bondEncode>1,1,1,1,1,1,0,0,1,1,1,1,0,0,0,0,1,1,1,1,0,0,0,0,0,1,0,0,0,1,0,0,0,0,0,0,0,0,0,1</bondEncode>
      <blockID>55</blockID>
      <nbond>0</nbond>
      <sbond>2</sbond>
      <dbond>19</dbond>
      <tbond>4</tbond>
      <qbond>0</qbond>
      <bounce>31</bounce>
      <hardness>23</hardness>
      <slip>49</slip>
      <made>58</made>
      <device>iPad</device>
    </block>
    <block>
      <time>May 16, 2013, 2:23:59 PM EDT</time>
      <bondEncode>0,0,1,1,0,0,0,0,0,0,0,0,0,0,0,0,0,0,1,1,1,0,0,0,1,1,0,0,0,1,0,0,0,0,0,0,0,0,0,0</bondEncode>
      <blockID>56</blockID>
      <nbond>9</nbond>
      <sbond>0</sbond>
      <dbond>16</dbond>
      <tbond>0</tbond>
      <qbond>0</qbond>
      <bounce>16</bounce>
      <hardness>16</hardness>
      <slip>48</slip>
      <made>12</made>
      <device>iPad</device>
    </block>
    <block>
      <time>May 16, 2013, 2:24:23 PM EDT</time>
      <bondEncode>0,0,0,0,0,0,0,0,0,0,0,0,0,0,0,0,0,0,0,0,0,0,0,0,0,0,0,0,0,0,0,0,0,0,0,0,0,0,0,0</bondEncode>
      <blockID>57</blockID>
      <nbond>25</nbond>
      <sbond>0</sbond>
      <dbond>0</dbond>
      <tbond>0</tbond>
      <qbond>0</qbond>
      <bounce>0</bounce>
      <hardness>0</hardness>
      <slip>0</slip>
      <made>795</made>
      <device>iPad</device>
    </block>
    <block>
      <time>May 16, 2013, 2:30:01 PM EDT</time>
      <bondEncode>1,1,1,1,1,1,0,0,1,1,1,1,0,0,0,0,1,1,1,1,0,0,0,0,0,1,0,0,0,1,0,0,0,0,0,0,0,0,0,1</bondEncode>
      <blockID>58</blockID>
      <nbond>0</nbond>
      <sbond>2</sbond>
      <dbond>19</dbond>
      <tbond>4</tbond>
      <qbond>0</qbond>
      <bounce>31</bounce>
      <hardness>23</hardness>
      <slip>49</slip>
      <made>26</made>
      <device>iPad</device>
    </block>
    <block>
      <time>May 16, 2013, 2:30:25 PM EDT</time>
      <bondEncode>0,0,0,0,0,0,0,0,0,0,0,0,0,0,0,0,0,0,0,0,0,0,0,0,0,0,0,0,0,0,0,0,0,0,0,0,0,0,0,0</bondEncode>
      <blockID>59</blockID>
      <nbond>25</nbond>
      <sbond>0</sbond>
      <dbond>0</dbond>
      <tbond>0</tbond>
      <qbond>0</qbond>
      <bounce>0</bounce>
      <hardness>0</hardness>
      <slip>0</slip>
      <made>12</made>
      <device>iPad</device>
    </block>
    <block>
      <time>May 16, 2013, 2:30:59 PM EDT</time>
      <bondEncode>1,1,1,1,1,1,0,0,1,1,1,1,0,0,0,0,1,1,1,1,0,0,0,0,0,1,0,0,0,1,0,0,0,0,0,0,0,0,0,1</bondEncode>
      <blockID>60</blockID>
      <nbond>0</nbond>
      <sbond>2</sbond>
      <dbond>19</dbond>
      <tbond>4</tbond>
      <qbond>0</qbond>
      <bounce>31</bounce>
      <hardness>23</hardness>
      <slip>49</slip>
      <made>8</made>
      <device>iPad</device>
    </block>
    <block>
      <time>May 16, 2013, 2:31:10 PM EDT</time>
      <bondEncode>0,0,0,0,0,0,0,0,0,0,0,0,0,0,0,0,0,0,0,0,0,0,0,0,0,0,0,0,0,0,0,0,0,0,0,0,0,0,0,0</bondEncode>
      <blockID>61</blockID>
      <nbond>25</nbond>
      <sbond>0</sbond>
      <dbond>0</dbond>
      <tbond>0</tbond>
      <qbond>0</qbond>
      <bounce>0</bounce>
      <hardness>0</hardness>
      <slip>0</slip>
      <made>159</made>
      <device>iPad</device>
    </block>
    <block>
      <time>May 16, 2013, 2:33:10 PM EDT</time>
      <bondEncode>1,1,1,1,1,1,0,0,1,1,1,1,0,0,0,0,1,1,1,1,0,0,0,0,0,1,0,0,0,1,0,0,0,0,0,0,0,0,0,1</bondEncode>
      <blockID>62</blockID>
      <nbond>0</nbond>
      <sbond>2</sbond>
      <dbond>19</dbond>
      <tbond>4</tbond>
      <qbond>0</qbond>
      <bounce>31</bounce>
      <hardness>23</hardness>
      <slip>49</slip>
      <made>85</made>
      <device>iPad</device>
    </block>
    <block>
      <time>May 16, 2013, 3:32:51 PM EDT</time>
      <bondEncode>1,0,0,0,0,0,0,0,1,1,1,0,1,1,1,1,1,1,1,1,0,1,1,0,1,1,1,1,0,0,0,1,1,0,1,1,1,1,0,0</bondEncode>
      <blockID>63</blockID>
      <nbond>0</nbond>
      <sbond>0</sbond>
      <dbond>4</dbond>
      <tbond>12</tbond>
      <qbond>9</qbond>
      <bounce>0</bounce>
      <hardness>43</hardness>
      <slip>-39</slip>
      <made>0</made>
      <device>iPad</device>
    </block>
    <block>
      <time>May 16, 2013, 3:34:32 PM EDT</time>
      <bondEncode>0,0,1,1,0,0,0,0,0,0,0,0,0,0,0,0,0,0,1,1,1,0,0,0,1,1,0,0,0,1,0,0,0,0,0,0,0,0,0,0</bondEncode>
      <blockID>64</blockID>
      <nbond>9</nbond>
      <sbond>0</sbond>
      <dbond>16</dbond>
      <tbond>0</tbond>
      <qbond>0</qbond>
      <bounce>16</bounce>
      <hardness>16</hardness>
      <slip>48</slip>
      <made>4</made>
      <device>iPad</device>
    </block>
    <block>
      <time>May 16, 2013, 3:35:02 PM EDT</time>
      <bondEncode>0,0,1,1,0,0,0,0,1,1,1,1,0,0,0,0,1,1,1,1,0,0,1,0,0,0,0,1,0,0,0,0,1,0,0,0,0,1,0,0</bondEncode>
      <blockID>65</blockID>
      <nbond>8</nbond>
      <sbond>6</sbond>
      <dbond>8</dbond>
      <tbond>2</tbond>
      <qbond>1</qbond>
      <bounce>15</bounce>
      <hardness>13</hardness>
      <slip>17</slip>
      <made>274</made>
      <device>iPad</device>
    </block>
    <block>
      <time>May 16, 2013, 3:38:22 PM EDT</time>
      <bondEncode>1,0,0,0,0,0,0,0,1,1,1,0,1,1,1,1,1,1,1,1,0,1,1,0,1,1,1,1,0,0,0,1,1,0,1,1,1,1,0,0</bondEncode>
      <blockID>66</blockID>
      <nbond>0</nbond>
      <sbond>0</sbond>
      <dbond>4</dbond>
      <tbond>12</tbond>
      <qbond>9</qbond>
      <bounce>0</bounce>
      <hardness>43</hardness>
      <slip>-39</slip>
      <made>12</made>
      <device>iPad</device>
    </block>
    <block>
      <time>May 16, 2013, 3:38:36 PM EDT</time>
      <bondEncode>0,0,0,0,0,0,0,0,0,0,0,0,0,0,0,0,0,0,0,0,0,0,0,0,0,0,0,0,0,0,0,0,0,0,0,0,0,0,0,0</bondEncode>
      <blockID>67</blockID>
      <nbond>25</nbond>
      <sbond>0</sbond>
      <dbond>0</dbond>
      <tbond>0</tbond>
      <qbond>0</qbond>
      <bounce>0</bounce>
      <hardness>0</hardness>
      <slip>0</slip>
      <made>60</made>
      <device>iPad</device>
    </block>
    <level>
      <finishedLevel>3</finishedLevel>
      <time>May 16, 2013, 3:38:36 PM EDT</time>
      <tilesRemoved>407</tilesRemoved>
      <timeToFinish>2914.2710000005</timeToFinish>
      <status>complete</status>
      <age>Enter your age</age>
    </level>
  </type>
</xml>
