<?xml version="1.0"?>
<xml>
  <type>
    <block>
      <time>May 20, 2013, 10:54:48 AM EDT</time>
      <bondEncode>0,0,0,0,0,0,0,0,0,0,0,0,0,0,0,0,0,0,0,0,0,0,0,0,0,0,0,0,0,0,0,0,0,0,0,0,0,0,0,0</bondEncode>
      <blockID>0</blockID>
      <nbond>25</nbond>
      <sbond>0</sbond>
      <dbond>0</dbond>
      <tbond>0</tbond>
      <qbond>0</qbond>
      <bounce>0</bounce>
      <hardness>0</hardness>
      <slip>0</slip>
      <made>0</made>
      <device>iPad</device>
    </block>
    <block>
      <time>May 20, 2013, 10:55:22 AM EDT</time>
      <bondEncode>1,1,0,0,0,0,0,0,0,0,0,0,0,0,0,0,0,0,0,0,0,0,1,0,0,1,0,1,0,0,0,0,1,0,0,0,0,1,0,0</bondEncode>
      <blockID>1</blockID>
      <nbond>6</nbond>
      <sbond>1</sbond>
      <dbond>17</dbond>
      <tbond>1</tbond>
      <qbond>0</qbond>
      <bounce>20</bounce>
      <hardness>18</hardness>
      <slip>49</slip>
      <made>4</made>
      <device>iPad</device>
    </block>
    <block>
      <time>May 20, 2013, 10:56:11 AM EDT</time>
      <bondEncode>1,1,1,1,0,0,0,0,0,0,0,0,0,0,0,0,1,0,0,0,1,0,1,1,1,1,0,1,1,1,1,0,1,1,1,1,0,1,0,1</bondEncode>
      <blockID>2</blockID>
      <nbond>0</nbond>
      <sbond>0</sbond>
      <dbond>4</dbond>
      <tbond>12</tbond>
      <qbond>9</qbond>
      <bounce>0</bounce>
      <hardness>43</hardness>
      <slip>-39</slip>
      <made>43</made>
      <device>iPad</device>
    </block>
    <block>
      <time>May 20, 2013, 10:57:33 AM EDT</time>
      <bondEncode>0,0,0,0,0,0,0,0,0,0,0,0,0,0,0,0,0,0,0,0,0,0,1,0,0,0,0,1,0,0,0,0,1,0,0,0,0,0,0,0</bondEncode>
      <blockID>3</blockID>
      <nbond>12</nbond>
      <sbond>4</sbond>
      <dbond>7</dbond>
      <tbond>2</tbond>
      <qbond>0</qbond>
      <bounce>13</bounce>
      <hardness>9</hardness>
      <slip>17</slip>
      <made>4</made>
      <device>iPad</device>
    </block>
    <block>
      <time>May 20, 2013, 10:57:48 AM EDT</time>
      <bondEncode>0,0,0,0,0,0,0,0,0,0,0,0,0,0,0,0,0,0,0,0,0,0,1,0,0,0,0,1,0,0,0,0,1,0,0,0,0,0,0,0</bondEncode>
      <blockID>4</blockID>
      <nbond>8</nbond>
      <sbond>6</sbond>
      <dbond>8</dbond>
      <tbond>2</tbond>
      <qbond>1</qbond>
      <bounce>15</bounce>
      <hardness>13</hardness>
      <slip>17</slip>
      <made>7</made>
      <device>iPad</device>
    </block>
    <block>
      <time>May 20, 2013, 10:58:15 AM EDT</time>
      <bondEncode>1,1,0,0,0,0,0,0,0,0,0,0,0,0,0,0,0,0,0,0,0,0,1,0,0,1,0,1,0,0,0,0,1,0,0,0,0,1,0,0</bondEncode>
      <blockID>5</blockID>
      <nbond>6</nbond>
      <sbond>1</sbond>
      <dbond>17</dbond>
      <tbond>1</tbond>
      <qbond>0</qbond>
      <bounce>20</bounce>
      <hardness>18</hardness>
      <slip>49</slip>
      <made>133</made>
      <device>iPad</device>
    </block>
    <block>
      <time>May 20, 2013, 11:03:56 AM EDT</time>
      <bondEncode>1,1,1,1,0,0,0,0,0,0,0,0,0,0,0,0,1,0,0,0,1,0,1,1,1,1,0,1,1,1,1,0,1,1,1,1,0,1,0,1</bondEncode>
      <blockID>6</blockID>
      <nbond>0</nbond>
      <sbond>0</sbond>
      <dbond>4</dbond>
      <tbond>12</tbond>
      <qbond>9</qbond>
      <bounce>0</bounce>
      <hardness>43</hardness>
      <slip>-39</slip>
      <made>98</made>
      <device>iPad</device>
    </block>
    <level>
      <finishedLevel>1</finishedLevel>
      <time>May 20, 2013, 11:03:56 AM EDT</time>
      <tilesRemoved>47</tilesRemoved>
      <timeToFinish>605.15199999999</timeToFinish>
      <status>complete</status>
      <age>Ethan</age>
    </level>
  </type>
</xml>
