<?xml version="1.0"?>
<xml>
  <type>
    <block>
      <time>Thu 23 May 2013 02:59:23 PM CEST</time>
      <bondEncode>0,0,0,0,0,0,0,0,0,0,0,0,0,0,0,0,0,0,0,0,0,0,0,0,0,0,0,0,0,0,0,0,0,0,0,0,0,0,0,0</bondEncode>
      <blockID>0</blockID>
      <nbond>25</nbond>
      <sbond>0</sbond>
      <dbond>0</dbond>
      <tbond>0</tbond>
      <qbond>0</qbond>
      <bounce>0</bounce>
      <hardness>0</hardness>
      <slip>0</slip>
      <made>0</made>
      <device>computer</device>
    </block>
    <block>
      <time>Thu 23 May 2013 03:00:14 PM CEST</time>
      <bondEncode>1,0,0,0,0,0,0,0,0,0,0,0,0,0,0,0,0,0,0,0,0,0,0,0,0,0,0,0,0,0,0,0,0,0,0,0,0,0,0,0</bondEncode>
      <blockID>1</blockID>
      <nbond>23</nbond>
      <sbond>2</sbond>
      <dbond>0</dbond>
      <tbond>0</tbond>
      <qbond>0</qbond>
      <bounce>0</bounce>
      <hardness>0</hardness>
      <slip>0</slip>
      <made>67</made>
      <device>computer</device>
    </block>
    <block>
      <time>Thu 23 May 2013 03:01:46 PM CEST</time>
      <bondEncode>1,1,1,1,0,0,0,0,0,0,0,0,0,0,0,0,0,1,0,0,0,0,0,0,0,0,1,0,0,0,1,1,0,0,0,0,1,0,0,0</bondEncode>
      <blockID>2</blockID>
      <nbond>8</nbond>
      <sbond>10</sbond>
      <dbond>7</dbond>
      <tbond>0</tbond>
      <qbond>0</qbond>
      <bounce>7</bounce>
      <hardness>7</hardness>
      <slip>21</slip>
      <made>10</made>
      <device>computer</device>
    </block>
    <block>
      <time>Thu 23 May 2013 03:03:11 PM CEST</time>
      <bondEncode>1,0,1,0,0,0,0,0,1,1,1,1,0,0,0,0,1,1,1,0,0,0,1,0,1,1,0,1,0,1,1,0,1,0,1,1,0,1,0,1</bondEncode>
      <blockID>3</blockID>
      <nbond>4</nbond>
      <sbond>0</sbond>
      <dbond>16</dbond>
      <tbond>4</tbond>
      <qbond>1</qbond>
      <bounce>29</bounce>
      <hardness>23</hardness>
      <slip>37</slip>
      <made>14</made>
      <device>computer</device>
    </block>
    <block>
      <time>Thu 23 May 2013 03:04:11 PM CEST</time>
      <bondEncode>1,0,1,0,0,0,0,0,0,0,0,0,0,0,0,0,1,1,1,0,0,0,0,0,1,1,0,0,0,1,1,0,0,0,1,1,0,0,0,1</bondEncode>
      <blockID>4</blockID>
      <nbond>9</nbond>
      <sbond>0</sbond>
      <dbond>16</dbond>
      <tbond>0</tbond>
      <qbond>0</qbond>
      <bounce>16</bounce>
      <hardness>16</hardness>
      <slip>48</slip>
      <made>12</made>
      <device>computer</device>
    </block>
    <block>
      <time>Thu 23 May 2013 03:04:59 PM CEST</time>
      <bondEncode>0,0,0,0,0,0,0,0,0,0,0,0,0,0,0,0,0,0,0,0,1,0,0,0,0,0,0,0,0,0,0,0,0,0,0,0,0,0,0,0</bondEncode>
      <blockID>5</blockID>
      <nbond>23</nbond>
      <sbond>2</sbond>
      <dbond>0</dbond>
      <tbond>0</tbond>
      <qbond>0</qbond>
      <bounce>0</bounce>
      <hardness>0</hardness>
      <slip>0</slip>
      <made>38</made>
      <device>computer</device>
    </block>
    <block>
      <time>Thu 23 May 2013 03:05:29 PM CEST</time>
      <bondEncode>1,0,1,0,0,0,0,0,0,0,0,0,0,0,0,0,1,1,1,0,0,0,0,0,1,1,0,0,0,1,1,0,0,0,1,1,0,0,0,1</bondEncode>
      <blockID>6</blockID>
      <nbond>9</nbond>
      <sbond>0</sbond>
      <dbond>16</dbond>
      <tbond>0</tbond>
      <qbond>0</qbond>
      <bounce>16</bounce>
      <hardness>16</hardness>
      <slip>48</slip>
      <made>10</made>
      <device>computer</device>
    </block>
    <block>
      <time>Thu 23 May 2013 03:06:01 PM CEST</time>
      <bondEncode>0,0,0,0,0,0,0,0,0,0,1,1,0,0,0,0,0,0,0,0,0,0,0,0,0,0,0,0,0,0,0,0,1,0,0,0,0,1,0,0</bondEncode>
      <blockID>7</blockID>
      <nbond>16</nbond>
      <sbond>4</sbond>
      <dbond>4</dbond>
      <tbond>0</tbond>
      <qbond>1</qbond>
      <bounce>5</bounce>
      <hardness>7</hardness>
      <slip>9</slip>
      <made>277</made>
      <device>computer</device>
    </block>
    <block>
      <time>Thu 23 May 2013 03:09:48 PM CEST</time>
      <bondEncode>1,0,1,0,0,0,0,0,0,0,0,0,0,0,0,0,1,1,1,0,0,0,0,0,1,1,0,0,0,1,1,0,0,0,1,1,0,0,0,1</bondEncode>
      <blockID>8</blockID>
      <nbond>9</nbond>
      <sbond>0</sbond>
      <dbond>16</dbond>
      <tbond>0</tbond>
      <qbond>0</qbond>
      <bounce>16</bounce>
      <hardness>16</hardness>
      <slip>48</slip>
      <made>113</made>
      <device>computer</device>
    </block>
    <block>
      <time>Thu 23 May 2013 03:11:35 PM CEST</time>
      <bondEncode>0,0,0,0,0,0,0,0,0,0,0,0,0,0,0,0,0,0,0,0,1,0,0,0,0,0,0,0,0,0,0,0,0,0,0,0,0,0,0,0</bondEncode>
      <blockID>9</blockID>
      <nbond>23</nbond>
      <sbond>2</sbond>
      <dbond>0</dbond>
      <tbond>0</tbond>
      <qbond>0</qbond>
      <bounce>0</bounce>
      <hardness>0</hardness>
      <slip>0</slip>
      <made>9</made>
      <device>computer</device>
    </block>
    <block>
      <time>Thu 23 May 2013 03:11:42 PM CEST</time>
      <bondEncode>0,0,0,0,0,0,0,0,0,0,1,1,0,0,0,0,0,0,0,0,0,0,0,0,0,0,0,0,0,0,0,0,1,0,0,0,0,1,0,0</bondEncode>
      <blockID>10</blockID>
      <nbond>16</nbond>
      <sbond>4</sbond>
      <dbond>4</dbond>
      <tbond>0</tbond>
      <qbond>1</qbond>
      <bounce>5</bounce>
      <hardness>7</hardness>
      <slip>9</slip>
      <made>351</made>
      <device>computer</device>
    </block>
    <level>
      <finishedLevel>1</finishedLevel>
      <time>Thu 23 May 2013 03:11:42 PM CEST</time>
      <tilesRemoved>105</tilesRemoved>
      <timeToFinish>937.01600000007</timeToFinish>
      <status>complete</status>
      <age>18</age>
    </level>
  </type>
  <type>
    <block>
      <time>Thu 23 May 2013 03:15:25 PM CEST</time>
      <bondEncode>0,0,0,0,0,0,0,0,0,0,1,1,0,0,0,0,0,0,0,0,0,0,0,0,0,0,0,0,0,0,0,0,1,0,0,0,0,1,0,0</bondEncode>
      <blockID>10</blockID>
      <nbond>16</nbond>
      <sbond>4</sbond>
      <dbond>4</dbond>
      <tbond>0</tbond>
      <qbond>1</qbond>
      <bounce>5</bounce>
      <hardness>7</hardness>
      <slip>9</slip>
      <made>353</made>
      <device>computer</device>
    </block>
    <level>
      <finishedLevel>2</finishedLevel>
      <time>Thu 23 May 2013 03:15:25 PM CEST</time>
      <tilesRemoved>33</tilesRemoved>
      <timeToFinish>1108.3470000002</timeToFinish>
      <status>quit</status>
      <age>18</age>
    </level>
  </type>
</xml>
