<?xml version="1.0"?>
<xml>
  <type>
    <block>
      <time>Thursday, May 23, 2013 9:50:06 AM</time>
      <bondEncode>0,0,0,0,0,0,0,0,0,0,0,0,0,0,0,0,0,0,0,0,0,0,0,0,0,0,0,0,0,0,0,0,0,0,0,0,0,0,0,0</bondEncode>
      <blockID>0</blockID>
      <nbond>25</nbond>
      <sbond>0</sbond>
      <dbond>0</dbond>
      <tbond>0</tbond>
      <qbond>0</qbond>
      <bounce>0</bounce>
      <hardness>0</hardness>
      <slip>0</slip>
      <made>81</made>
      <device>computer</device>
    </block>
    <block>
      <time>Thursday, May 23, 2013 9:50:59 AM</time>
      <bondEncode>1,1,1,1,0,0,0,0,0,0,0,0,0,0,0,0,0,0,0,0,0,1,1,1,1,0,0,0,0,0,0,0,0,0,0,0,0,0,0,0</bondEncode>
      <blockID>1</blockID>
      <nbond>15</nbond>
      <sbond>0</sbond>
      <dbond>4</dbond>
      <tbond>6</tbond>
      <qbond>0</qbond>
      <bounce>22</bounce>
      <hardness>10</hardness>
      <slip>0</slip>
      <made>330</made>
      <device>computer</device>
    </block>
    <level>
      <finishedLevel>1</finishedLevel>
      <time>Thursday, May 23, 2013 9:50:59 AM</time>
      <tilesRemoved>52</tilesRemoved>
      <timeToFinish>199.064</timeToFinish>
      <status>quit</status>
      <age>Enter your age</age>
    </level>
  </type>
</xml>
