<?xml version="1.0"?>
<xml>
  <type>
    <block>
      <time>May 20, 2013, 2:07:26 PM EDT</time>
      <bondEncode>0,0,0,0,0,0,0,0,0,0,0,0,0,0,0,0,0,0,0,0,0,0,0,0,0,0,0,0,0,0,0,0,0,0,0,0,0,0,0,0</bondEncode>
      <blockID>0</blockID>
      <nbond>25</nbond>
      <sbond>0</sbond>
      <dbond>0</dbond>
      <tbond>0</tbond>
      <qbond>0</qbond>
      <bounce>0</bounce>
      <hardness>0</hardness>
      <slip>0</slip>
      <made>2</made>
      <device>iPad</device>
    </block>
    <block>
      <time>May 20, 2013, 2:08:05 PM EDT</time>
      <bondEncode>0,0,0,0,0,0,0,0,0,1,1,0,0,0,0,0,0,0,0,0,0,0,0,0,0,0,0,0,0,0,0,0,0,0,0,0,0,0,0,1</bondEncode>
      <blockID>1</blockID>
      <nbond>16</nbond>
      <sbond>2</sbond>
      <dbond>7</dbond>
      <tbond>0</tbond>
      <qbond>0</qbond>
      <bounce>7</bounce>
      <hardness>7</hardness>
      <slip>21</slip>
      <made>20</made>
      <device>iPad</device>
    </block>
    <block>
      <time>May 20, 2013, 2:08:57 PM EDT</time>
      <bondEncode>0,0,0,0,0,0,0,0,0,0,0,0,0,0,0,0,0,0,0,0,0,0,0,0,0,0,0,0,0,0,0,0,0,0,0,1,1,1,1,1</bondEncode>
      <blockID>2</blockID>
      <nbond>15</nbond>
      <sbond>0</sbond>
      <dbond>4</dbond>
      <tbond>6</tbond>
      <qbond>0</qbond>
      <bounce>22</bounce>
      <hardness>10</hardness>
      <slip>0</slip>
      <made>39</made>
      <device>iPad</device>
    </block>
    <block>
      <time>May 20, 2013, 2:11:12 PM EDT</time>
      <bondEncode>1,1,1,1,0,0,0,0,1,1,1,1,0,0,0,0,1,1,1,1,0,0,0,0,0,0,0,0,0,0,0,0,0,1,0,0,0,0,1,0</bondEncode>
      <blockID>3</blockID>
      <nbond>7</nbond>
      <sbond>6</sbond>
      <dbond>6</dbond>
      <tbond>6</tbond>
      <qbond>0</qbond>
      <bounce>24</bounce>
      <hardness>12</hardness>
      <slip>6</slip>
      <made>75</made>
      <device>iPad</device>
    </block>
    <block>
      <time>May 20, 2013, 2:13:44 PM EDT</time>
      <bondEncode>1,1,1,1,0,1,1,0,0,1,1,0,1,1,1,0,1,1,1,1,0,0,0,0,1,0,1,0,0,0,0,0,0,0,0,0,0,0,0,0</bondEncode>
      <blockID>4</blockID>
      <nbond>2</nbond>
      <sbond>0</sbond>
      <dbond>21</dbond>
      <tbond>2</tbond>
      <qbond>0</qbond>
      <bounce>27</bounce>
      <hardness>23</hardness>
      <slip>59</slip>
      <made>4</made>
      <device>iPad</device>
    </block>
    <block>
      <time>May 20, 2013, 2:14:25 PM EDT</time>
      <bondEncode>1,1,1,1,1,1,1,0,0,0,0,0,0,0,0,0,1,1,1,1,0,0,0,0,1,0,0,1,0,0,0,0,1,0,0,1,0,0,0,0</bondEncode>
      <blockID>5</blockID>
      <nbond>4</nbond>
      <sbond>0</sbond>
      <dbond>19</dbond>
      <tbond>2</tbond>
      <qbond>0</qbond>
      <bounce>25</bounce>
      <hardness>21</hardness>
      <slip>53</slip>
      <made>87</made>
      <device>iPad</device>
    </block>
    <block>
      <time>May 20, 2013, 2:16:46 PM EDT</time>
      <bondEncode>1,1,1,1,0,0,0,0,0,0,0,0,0,0,0,0,0,0,1,0,0,0,0,0,0,0,0,0,0,0,0,0,0,0,0,0,0,0,0,0</bondEncode>
      <blockID>6</blockID>
      <nbond>8</nbond>
      <sbond>2</sbond>
      <dbond>15</dbond>
      <tbond>0</tbond>
      <qbond>0</qbond>
      <bounce>15</bounce>
      <hardness>15</hardness>
      <slip>45</slip>
      <made>321</made>
      <device>iPad</device>
    </block>
    <block>
      <time>May 20, 2013, 2:22:44 PM EDT</time>
      <bondEncode>1,1,1,0,0,0,0,0,1,1,1,1,0,0,0,0,1,1,1,1,0,0,1,0,0,0,0,0,0,0,0,0,1,0,0,0,0,1,0,0</bondEncode>
      <blockID>7</blockID>
      <nbond>8</nbond>
      <sbond>6</sbond>
      <dbond>8</dbond>
      <tbond>2</tbond>
      <qbond>1</qbond>
      <bounce>15</bounce>
      <hardness>13</hardness>
      <slip>17</slip>
      <made>20</made>
      <device>iPad</device>
    </block>
    <block>
      <time>May 20, 2013, 2:23:08 PM EDT</time>
      <bondEncode>1,1,1,1,1,1,1,0,0,0,0,0,0,0,0,0,1,1,1,1,0,0,0,0,1,0,0,1,0,0,0,0,1,0,0,1,0,0,0,0</bondEncode>
      <blockID>8</blockID>
      <nbond>4</nbond>
      <sbond>0</sbond>
      <dbond>19</dbond>
      <tbond>2</tbond>
      <qbond>0</qbond>
      <bounce>25</bounce>
      <hardness>21</hardness>
      <slip>53</slip>
      <made>4</made>
      <device>iPad</device>
    </block>
    <block>
      <time>May 20, 2013, 2:23:19 PM EDT</time>
      <bondEncode>1,1,1,0,0,0,0,0,1,1,1,1,0,0,0,0,1,1,1,1,0,0,1,0,0,0,0,0,0,0,0,0,1,0,0,0,0,1,0,0</bondEncode>
      <blockID>9</blockID>
      <nbond>8</nbond>
      <sbond>6</sbond>
      <dbond>8</dbond>
      <tbond>2</tbond>
      <qbond>1</qbond>
      <bounce>15</bounce>
      <hardness>13</hardness>
      <slip>17</slip>
      <made>0</made>
      <device>iPad</device>
    </block>
    <block>
      <time>May 20, 2013, 2:23:25 PM EDT</time>
      <bondEncode>1,1,1,0,0,0,0,0,1,1,1,1,0,0,0,0,1,1,1,1,0,0,1,0,0,0,0,0,0,0,0,0,0,0,0,0,0,0,0,0</bondEncode>
      <blockID>10</blockID>
      <nbond>9</nbond>
      <sbond>6</sbond>
      <dbond>8</dbond>
      <tbond>2</tbond>
      <qbond>0</qbond>
      <bounce>14</bounce>
      <hardness>10</hardness>
      <slip>20</slip>
      <made>247</made>
      <device>iPad</device>
    </block>
    <block>
      <time>May 20, 2013, 2:26:22 PM EDT</time>
      <bondEncode>0,0,0,0,1,1,0,0,0,0,0,0,0,1,0,1,0,0,0,0,1,0,0,0,0,0,0,1,0,0,0,1,1,0,0,0,0,0,0,1</bondEncode>
      <blockID>11</blockID>
      <nbond>8</nbond>
      <sbond>1</sbond>
      <dbond>13</dbond>
      <tbond>3</tbond>
      <qbond>0</qbond>
      <bounce>22</bounce>
      <hardness>16</hardness>
      <slip>33</slip>
      <made>137</made>
      <device>iPad</device>
    </block>
    <block>
      <time>May 20, 2013, 2:27:49 PM EDT</time>
      <bondEncode>1,1,1,0,0,0,0,0,1,1,1,1,0,0,0,0,1,1,1,1,0,0,1,0,0,0,0,0,0,0,0,0,0,0,0,0,0,0,0,0</bondEncode>
      <blockID>12</blockID>
      <nbond>9</nbond>
      <sbond>6</sbond>
      <dbond>8</dbond>
      <tbond>2</tbond>
      <qbond>0</qbond>
      <bounce>14</bounce>
      <hardness>10</hardness>
      <slip>20</slip>
      <made>7</made>
      <device>iPad</device>
    </block>
    <block>
      <time>May 20, 2013, 2:27:58 PM EDT</time>
      <bondEncode>1,1,1,1,0,0,0,0,0,0,0,0,0,0,0,0,0,0,1,0,0,0,0,0,0,0,0,0,0,0,0,0,0,0,0,0,0,0,0,0</bondEncode>
      <blockID>13</blockID>
      <nbond>8</nbond>
      <sbond>2</sbond>
      <dbond>15</dbond>
      <tbond>0</tbond>
      <qbond>0</qbond>
      <bounce>15</bounce>
      <hardness>15</hardness>
      <slip>45</slip>
      <made>6</made>
      <device>iPad</device>
    </block>
    <block>
      <time>May 20, 2013, 2:28:21 PM EDT</time>
      <bondEncode>1,1,1,0,0,0,0,0,1,1,1,1,0,0,0,0,1,1,1,1,0,0,1,0,0,0,0,0,0,0,0,0,0,0,0,0,0,0,0,0</bondEncode>
      <blockID>14</blockID>
      <nbond>9</nbond>
      <sbond>6</sbond>
      <dbond>8</dbond>
      <tbond>2</tbond>
      <qbond>0</qbond>
      <bounce>14</bounce>
      <hardness>10</hardness>
      <slip>20</slip>
      <made>9</made>
      <device>iPad</device>
    </block>
    <level>
      <finishedLevel>1</finishedLevel>
      <time>May 20, 2013, 2:28:21 PM EDT</time>
      <tilesRemoved>204</tilesRemoved>
      <timeToFinish>1249.8630000003</timeToFinish>
      <status>complete</status>
      <age>14</age>
    </level>
  </type>
</xml>
