<?xml version="1.0"?>
<xml>
  <type>
    <block>
      <time>May 20, 2013, 7:27:40 PM EDT</time>
      <bondEncode>0,0,0,0,0,0,0,0,0,0,0,0,0,0,0,0,0,0,0,0,0,0,0,0,0,0,0,0,0,0,0,0,0,0,0,0,0,0,0,0</bondEncode>
      <blockID>0</blockID>
      <nbond>25</nbond>
      <sbond>0</sbond>
      <dbond>0</dbond>
      <tbond>0</tbond>
      <qbond>0</qbond>
      <bounce>0</bounce>
      <hardness>0</hardness>
      <slip>0</slip>
      <made>0</made>
      <device>iPad</device>
    </block>
    <block>
      <time>May 20, 2013, 7:28:12 PM EDT</time>
      <bondEncode>1,0,1,0,0,0,0,0,0,0,0,0,0,0,0,0,0,0,0,0,0,0,0,0,1,0,0,0,0,1,0,0,0,0,1,0,0,0,0,1</bondEncode>
      <blockID>1</blockID>
      <nbond>9</nbond>
      <sbond>0</sbond>
      <dbond>16</dbond>
      <tbond>0</tbond>
      <qbond>0</qbond>
      <bounce>16</bounce>
      <hardness>16</hardness>
      <slip>48</slip>
      <made>4</made>
      <device>iPad</device>
    </block>
    <block>
      <time>May 20, 2013, 7:28:58 PM EDT</time>
      <bondEncode>0,0,0,0,0,1,0,0,0,0,0,0,0,0,0,0,0,0,0,0,1,1,1,1,1,1,1,1,1,1,1,1,1,1,1,0,1,1,1,1</bondEncode>
      <blockID>2</blockID>
      <nbond>0</nbond>
      <sbond>0</sbond>
      <dbond>4</dbond>
      <tbond>12</tbond>
      <qbond>9</qbond>
      <bounce>0</bounce>
      <hardness>43</hardness>
      <slip>-39</slip>
      <made>16</made>
      <device>iPad</device>
    </block>
    <block>
      <time>May 20, 2013, 7:29:34 PM EDT</time>
      <bondEncode>1,0,1,0,0,0,0,0,0,0,0,0,0,0,0,0,0,0,0,0,0,0,0,0,1,0,0,0,0,1,0,0,0,0,1,0,0,0,0,1</bondEncode>
      <blockID>3</blockID>
      <nbond>9</nbond>
      <sbond>0</sbond>
      <dbond>16</dbond>
      <tbond>0</tbond>
      <qbond>0</qbond>
      <bounce>16</bounce>
      <hardness>16</hardness>
      <slip>48</slip>
      <made>64</made>
      <device>iPad</device>
    </block>
    <block>
      <time>May 20, 2013, 7:31:22 PM EDT</time>
      <bondEncode>0,0,0,0,0,1,0,0,0,0,0,0,0,0,0,0,0,0,0,0,1,1,1,1,1,1,1,1,1,1,1,1,1,1,1,0,1,1,1,1</bondEncode>
      <blockID>4</blockID>
      <nbond>0</nbond>
      <sbond>0</sbond>
      <dbond>4</dbond>
      <tbond>12</tbond>
      <qbond>9</qbond>
      <bounce>0</bounce>
      <hardness>43</hardness>
      <slip>-39</slip>
      <made>46</made>
      <device>iPad</device>
    </block>
    <block>
      <time>May 20, 2013, 7:32:12 PM EDT</time>
      <bondEncode>1,0,1,0,0,0,0,0,0,0,0,0,0,0,0,0,0,0,0,0,0,0,0,0,1,0,0,0,0,1,0,0,0,0,1,0,0,0,0,1</bondEncode>
      <blockID>5</blockID>
      <nbond>9</nbond>
      <sbond>0</sbond>
      <dbond>16</dbond>
      <tbond>0</tbond>
      <qbond>0</qbond>
      <bounce>16</bounce>
      <hardness>16</hardness>
      <slip>48</slip>
      <made>135</made>
      <device>iPad</device>
    </block>
    <level>
      <finishedLevel>1</finishedLevel>
      <time>May 20, 2013, 7:32:12 PM EDT</time>
      <tilesRemoved>44</tilesRemoved>
      <timeToFinish>323.29399999999</timeToFinish>
      <status>complete</status>
      <age>Enter your age</age>
    </level>
  </type>
  <type>
    <block>
      <time>May 20, 2013, 7:27:40 PM EDT</time>
      <bondEncode>0,0,0,0,0,0,0,0,0,0,0,0,0,0,0,0,0,0,0,0,0,0,0,0,0,0,0,0,0,0,0,0,0,0,0,0,0,0,0,0</bondEncode>
      <blockID>0</blockID>
      <nbond>25</nbond>
      <sbond>0</sbond>
      <dbond>0</dbond>
      <tbond>0</tbond>
      <qbond>0</qbond>
      <bounce>0</bounce>
      <hardness>0</hardness>
      <slip>0</slip>
      <made>0</made>
      <device>iPad</device>
    </block>
    <block>
      <time>May 20, 2013, 7:28:12 PM EDT</time>
      <bondEncode>1,0,1,0,0,0,0,0,0,0,0,0,0,0,0,0,0,0,0,0,0,0,0,0,1,0,0,0,0,1,0,0,0,0,1,0,0,0,0,1</bondEncode>
      <blockID>1</blockID>
      <nbond>9</nbond>
      <sbond>0</sbond>
      <dbond>16</dbond>
      <tbond>0</tbond>
      <qbond>0</qbond>
      <bounce>16</bounce>
      <hardness>16</hardness>
      <slip>48</slip>
      <made>4</made>
      <device>iPad</device>
    </block>
    <block>
      <time>May 20, 2013, 7:28:58 PM EDT</time>
      <bondEncode>0,0,0,0,0,1,0,0,0,0,0,0,0,0,0,0,0,0,0,0,1,1,1,1,1,1,1,1,1,1,1,1,1,1,1,0,1,1,1,1</bondEncode>
      <blockID>2</blockID>
      <nbond>0</nbond>
      <sbond>0</sbond>
      <dbond>4</dbond>
      <tbond>12</tbond>
      <qbond>9</qbond>
      <bounce>0</bounce>
      <hardness>43</hardness>
      <slip>-39</slip>
      <made>16</made>
      <device>iPad</device>
    </block>
    <block>
      <time>May 20, 2013, 7:29:34 PM EDT</time>
      <bondEncode>1,0,1,0,0,0,0,0,0,0,0,0,0,0,0,0,0,0,0,0,0,0,0,0,1,0,0,0,0,1,0,0,0,0,1,0,0,0,0,1</bondEncode>
      <blockID>3</blockID>
      <nbond>9</nbond>
      <sbond>0</sbond>
      <dbond>16</dbond>
      <tbond>0</tbond>
      <qbond>0</qbond>
      <bounce>16</bounce>
      <hardness>16</hardness>
      <slip>48</slip>
      <made>64</made>
      <device>iPad</device>
    </block>
    <block>
      <time>May 20, 2013, 7:31:22 PM EDT</time>
      <bondEncode>0,0,0,0,0,1,0,0,0,0,0,0,0,0,0,0,0,0,0,0,1,1,1,1,1,1,1,1,1,1,1,1,1,1,1,0,1,1,1,1</bondEncode>
      <blockID>4</blockID>
      <nbond>0</nbond>
      <sbond>0</sbond>
      <dbond>4</dbond>
      <tbond>12</tbond>
      <qbond>9</qbond>
      <bounce>0</bounce>
      <hardness>43</hardness>
      <slip>-39</slip>
      <made>46</made>
      <device>iPad</device>
    </block>
    <block>
      <time>May 20, 2013, 7:32:12 PM EDT</time>
      <bondEncode>1,0,1,0,0,0,0,0,0,0,0,0,0,0,0,0,0,0,0,0,0,0,0,0,1,0,0,0,0,1,0,0,0,0,1,0,0,0,0,1</bondEncode>
      <blockID>5</blockID>
      <nbond>9</nbond>
      <sbond>0</sbond>
      <dbond>16</dbond>
      <tbond>0</tbond>
      <qbond>0</qbond>
      <bounce>16</bounce>
      <hardness>16</hardness>
      <slip>48</slip>
      <made>135</made>
      <device>iPad</device>
    </block>
    <level>
      <finishedLevel>1</finishedLevel>
      <time>May 20, 2013, 7:32:12 PM EDT</time>
      <tilesRemoved>44</tilesRemoved>
      <timeToFinish>323.34399999999</timeToFinish>
      <status>complete</status>
      <age>Enter your age</age>
    </level>
  </type>
</xml>
