<?xml version="1.0"?>
<xml>
  <type>
    <block>
      <time>Thursday, May 30, 2013 10:26:37 AM</time>
      <bondEncode>0,0,0,0,0,0,0,0,0,0,0,0,0,0,0,0,0,0,0,0,0,0,0,0,0,0,0,0,0,0,0,0,0,0,0,0,0,0,0,0</bondEncode>
      <blockID>0</blockID>
      <nbond>25</nbond>
      <sbond>0</sbond>
      <dbond>0</dbond>
      <tbond>0</tbond>
      <qbond>0</qbond>
      <bounce>0</bounce>
      <hardness>0</hardness>
      <slip>0</slip>
      <made>83</made>
      <device>computer</device>
    </block>
    <level>
      <finishedLevel>1</finishedLevel>
      <time>Thursday, May 30, 2013 10:26:37 AM</time>
      <tilesRemoved>5</tilesRemoved>
      <timeToFinish>259.99700000003</timeToFinish>
      <status>quit</status>
      <age>10000000000000000000000000000000000000000000000000000000000000000000000000000000000000000000000000000000000000000000000000000000000000000000</age>
    </level>
  </type>
</xml>
