<?xml version="1.0"?>
<xml>
  <type>
    <block>
      <time>23/5/2013 19:05:17</time>
      <bondEncode>0,0,0,0,0,0,0,0,0,0,0,0,0,0,0,0,0,0,0,0,0,0,0,0,0,0,0,0,0,0,0,0,0,0,0,0,0,0,0,0</bondEncode>
      <blockID>0</blockID>
      <nbond>25</nbond>
      <sbond>0</sbond>
      <dbond>0</dbond>
      <tbond>0</tbond>
      <qbond>0</qbond>
      <bounce>0</bounce>
      <hardness>0</hardness>
      <slip>0</slip>
      <made>12</made>
      <device>computer</device>
    </block>
    <block>
      <time>23/5/2013 19:08:55</time>
      <bondEncode>0,0,0,0,1,1,1,1,0,0,0,0,1,1,1,1,0,0,0,0,0,0,0,0,0,0,0,0,0,0,0,0,0,0,0,0,0,0,0,0</bondEncode>
      <blockID>1</blockID>
      <nbond>15</nbond>
      <sbond>4</sbond>
      <dbond>6</dbond>
      <tbond>0</tbond>
      <qbond>0</qbond>
      <bounce>6</bounce>
      <hardness>6</hardness>
      <slip>18</slip>
      <made>29</made>
      <device>computer</device>
    </block>
    <block>
      <time>23/5/2013 19:11:42</time>
      <bondEncode>1,1,1,1,1,1,1,1,1,1,1,1,1,1,1,1,1,1,1,1,0,0,0,0,0,0,0,0,0,0,0,0,0,0,0,0,0,0,0,0</bondEncode>
      <blockID>2</blockID>
      <nbond>0</nbond>
      <sbond>10</sbond>
      <dbond>15</dbond>
      <tbond>0</tbond>
      <qbond>0</qbond>
      <bounce>15</bounce>
      <hardness>15</hardness>
      <slip>45</slip>
      <made>15</made>
      <device>computer</device>
    </block>
    <level>
      <finishedLevel>1</finishedLevel>
      <time>23/5/2013 19:11:42</time>
      <tilesRemoved>22</tilesRemoved>
      <timeToFinish>495.68499999996</timeToFinish>
      <status>quit</status>
      <age>Enter your age</age>
    </level>
  </type>
  <type>
    <block>
      <time>23/5/2013 19:13:41</time>
      <bondEncode>0,0,0,0,0,0,0,0,0,0,0,0,0,0,0,0,0,0,0,0,0,0,0,0,0,0,0,0,0,0,0,0,0,0,0,0,0,0,0,0</bondEncode>
      <blockID>0</blockID>
      <nbond>25</nbond>
      <sbond>0</sbond>
      <dbond>0</dbond>
      <tbond>0</tbond>
      <qbond>0</qbond>
      <bounce>0</bounce>
      <hardness>0</hardness>
      <slip>0</slip>
      <made>0</made>
      <device>computer</device>
    </block>
    <level>
      <finishedLevel>1</finishedLevel>
      <time>23/5/2013 19:13:41</time>
      <tilesRemoved>0</tilesRemoved>
      <timeToFinish>4.916</timeToFinish>
      <status>quit</status>
      <age>Enter your age</age>
    </level>
  </type>
</xml>
