<?xml version="1.0"?>
<xml>
  <type>
    <block>
      <time>May 22, 2013, 1:17:06 PM EDT</time>
      <bondEncode>0,0,0,0,0,0,0,0,0,0,0,0,0,0,0,0,0,0,0,0,0,0,0,0,0,0,0,0,0,0,0,0,0,0,0,0,0,0,0,0</bondEncode>
      <blockID>0</blockID>
      <nbond>25</nbond>
      <sbond>0</sbond>
      <dbond>0</dbond>
      <tbond>0</tbond>
      <qbond>0</qbond>
      <bounce>0</bounce>
      <hardness>0</hardness>
      <slip>0</slip>
      <made>0</made>
      <device>iPad</device>
    </block>
    <block>
      <time>May 22, 2013, 1:17:40 PM EDT</time>
      <bondEncode>1,1,1,1,1,1,1,1,1,1,0,0,1,1,1,1,1,1,1,1,1,0,0,0,0,1,0,0,0,0,1,0,0,0,0,1,0,0,0,0</bondEncode>
      <blockID>1</blockID>
      <nbond>0</nbond>
      <sbond>0</sbond>
      <dbond>19</dbond>
      <tbond>6</tbond>
      <qbond>0</qbond>
      <bounce>37</bounce>
      <hardness>25</hardness>
      <slip>45</slip>
      <made>0</made>
      <device>iPad</device>
    </block>
    <block>
      <time>May 22, 2013, 1:17:59 PM EDT</time>
      <bondEncode>0,0,0,0,0,0,0,0,0,0,0,0,1,1,1,1,0,0,0,0,0,0,0,0,0,0,0,0,0,0,0,0,0,0,0,0,0,0,0,0</bondEncode>
      <blockID>2</blockID>
      <nbond>12</nbond>
      <sbond>5</sbond>
      <dbond>6</dbond>
      <tbond>1</tbond>
      <qbond>1</qbond>
      <bounce>10</bounce>
      <hardness>10</hardness>
      <slip>13</slip>
      <made>2</made>
      <device>iPad</device>
    </block>
    <block>
      <time>May 22, 2013, 1:18:12 PM EDT</time>
      <bondEncode>1,0,0,0,0,0,0,0,0,0,0,0,1,1,1,1,0,0,0,0,0,0,0,1,0,0,1,0,0,1,0,0,0,0,0,0,0,0,0,0</bondEncode>
      <blockID>3</blockID>
      <nbond>3</nbond>
      <sbond>13</sbond>
      <dbond>7</dbond>
      <tbond>1</tbond>
      <qbond>1</qbond>
      <bounce>11</bounce>
      <hardness>11</hardness>
      <slip>16</slip>
      <made>2</made>
      <device>iPad</device>
    </block>
    <block>
      <time>May 22, 2013, 1:18:28 PM EDT</time>
      <bondEncode>1,0,0,0,0,0,0,0,0,0,0,0,1,0,1,1,0,0,0,0,0,0,0,1,0,0,1,0,0,1,0,0,0,0,0,0,0,0,0,0</bondEncode>
      <blockID>4</blockID>
      <nbond>3</nbond>
      <sbond>18</sbond>
      <dbond>4</dbond>
      <tbond>0</tbond>
      <qbond>0</qbond>
      <bounce>4</bounce>
      <hardness>4</hardness>
      <slip>12</slip>
      <made>4</made>
      <device>iPad</device>
    </block>
    <block>
      <time>May 22, 2013, 1:18:42 PM EDT</time>
      <bondEncode>1,0,0,0,0,0,0,0,0,0,0,0,0,0,0,0,0,0,0,0,0,0,0,1,0,0,0,0,0,1,0,0,0,0,0,0,0,0,0,0</bondEncode>
      <blockID>5</blockID>
      <nbond>15</nbond>
      <sbond>10</sbond>
      <dbond>0</dbond>
      <tbond>0</tbond>
      <qbond>0</qbond>
      <bounce>0</bounce>
      <hardness>0</hardness>
      <slip>0</slip>
      <made>2</made>
      <device>iPad</device>
    </block>
    <block>
      <time>May 22, 2013, 1:19:07 PM EDT</time>
      <bondEncode>1,1,1,1,0,0,0,0,0,0,0,0,0,0,0,0,0,0,1,1,1,0,0,0,0,1,0,0,0,0,1,0,1,0,0,1,0,1,1,1</bondEncode>
      <blockID>6</blockID>
      <nbond>7</nbond>
      <sbond>2</sbond>
      <dbond>11</dbond>
      <tbond>4</tbond>
      <qbond>1</qbond>
      <bounce>24</bounce>
      <hardness>18</hardness>
      <slip>22</slip>
      <made>2</made>
      <device>iPad</device>
    </block>
    <block>
      <time>May 22, 2013, 1:19:17 PM EDT</time>
      <bondEncode>1,1,1,1,0,0,0,0,0,0,0,0,0,0,0,0,0,0,0,0,1,0,0,0,0,1,0,0,0,0,1,0,0,0,0,1,0,0,0,0</bondEncode>
      <blockID>7</blockID>
      <nbond>16</nbond>
      <sbond>2</sbond>
      <dbond>7</dbond>
      <tbond>0</tbond>
      <qbond>0</qbond>
      <bounce>7</bounce>
      <hardness>7</hardness>
      <slip>21</slip>
      <made>6</made>
      <device>iPad</device>
    </block>
    <block>
      <time>May 22, 2013, 1:19:30 PM EDT</time>
      <bondEncode>0,0,0,0,0,0,0,0,0,0,0,0,0,0,0,0,0,0,0,0,0,0,0,0,0,1,0,0,0,0,1,0,0,0,0,1,0,0,0,0</bondEncode>
      <blockID>8</blockID>
      <nbond>21</nbond>
      <sbond>2</sbond>
      <dbond>2</dbond>
      <tbond>0</tbond>
      <qbond>0</qbond>
      <bounce>2</bounce>
      <hardness>2</hardness>
      <slip>6</slip>
      <made>2</made>
      <device>iPad</device>
    </block>
    <block>
      <time>May 22, 2013, 1:19:36 PM EDT</time>
      <bondEncode>0,0,0,0,0,0,0,0,0,0,0,0,0,0,0,0,0,0,0,0,0,0,0,0,0,1,0,0,0,0,1,0,0,0,0,1,0,0,0,0</bondEncode>
      <blockID>9</blockID>
      <nbond>20</nbond>
      <sbond>2</sbond>
      <dbond>3</dbond>
      <tbond>0</tbond>
      <qbond>0</qbond>
      <bounce>3</bounce>
      <hardness>3</hardness>
      <slip>9</slip>
      <made>2</made>
      <device>iPad</device>
    </block>
    <block>
      <time>May 22, 2013, 1:19:59 PM EDT</time>
      <bondEncode>0,0,0,0,1,1,1,1,0,1,1,0,0,1,1,0,1,1,1,1,0,0,0,0,0,0,0,1,0,0,0,0,1,0,0,0,0,0,0,0</bondEncode>
      <blockID>10</blockID>
      <nbond>5</nbond>
      <sbond>8</sbond>
      <dbond>9</dbond>
      <tbond>2</tbond>
      <qbond>1</qbond>
      <bounce>16</bounce>
      <hardness>14</hardness>
      <slip>20</slip>
      <made>2</made>
      <device>iPad</device>
    </block>
    <block>
      <time>May 22, 2013, 1:20:12 PM EDT</time>
      <bondEncode>0,0,0,0,0,0,0,0,0,0,0,0,0,0,0,0,1,1,1,1,0,0,0,0,0,0,0,0,0,0,0,0,0,0,0,0,0,0,0,0</bondEncode>
      <blockID>11</blockID>
      <nbond>16</nbond>
      <sbond>2</sbond>
      <dbond>7</dbond>
      <tbond>0</tbond>
      <qbond>0</qbond>
      <bounce>7</bounce>
      <hardness>7</hardness>
      <slip>21</slip>
      <made>2</made>
      <device>iPad</device>
    </block>
    <block>
      <time>May 22, 2013, 1:20:38 PM EDT</time>
      <bondEncode>1,1,1,1,1,1,1,1,1,1,1,1,1,1,1,1,1,1,1,1,0,0,1,0,0,1,0,0,0,1,0,0,1,0,0,1,0,0,0,1</bondEncode>
      <blockID>12</blockID>
      <nbond>0</nbond>
      <sbond>2</sbond>
      <dbond>19</dbond>
      <tbond>4</tbond>
      <qbond>0</qbond>
      <bounce>31</bounce>
      <hardness>23</hardness>
      <slip>49</slip>
      <made>2</made>
      <device>iPad</device>
    </block>
    <block>
      <time>May 22, 2013, 1:20:49 PM EDT</time>
      <bondEncode>1,1,1,1,1,1,1,1,1,1,1,1,1,1,1,1,1,1,1,1,0,0,0,0,0,0,0,0,0,0,0,0,0,0,0,0,0,0,0,0</bondEncode>
      <blockID>13</blockID>
      <nbond>0</nbond>
      <sbond>10</sbond>
      <dbond>15</dbond>
      <tbond>0</tbond>
      <qbond>0</qbond>
      <bounce>15</bounce>
      <hardness>15</hardness>
      <slip>45</slip>
      <made>2</made>
      <device>iPad</device>
    </block>
    <block>
      <time>May 22, 2013, 1:20:55 PM EDT</time>
      <bondEncode>1,1,1,1,1,1,1,1,1,1,0,0,1,1,1,1,1,1,1,1,1,0,0,0,0,1,0,0,0,0,1,0,0,0,0,1,0,0,0,0</bondEncode>
      <blockID>14</blockID>
      <nbond>0</nbond>
      <sbond>0</sbond>
      <dbond>19</dbond>
      <tbond>6</tbond>
      <qbond>0</qbond>
      <bounce>37</bounce>
      <hardness>25</hardness>
      <slip>45</slip>
      <made>3</made>
      <device>iPad</device>
    </block>
    <block>
      <time>May 22, 2013, 1:21:16 PM EDT</time>
      <bondEncode>0,0,0,0,0,0,0,0,0,0,0,0,0,0,0,0,0,0,0,0,0,0,0,0,0,0,0,0,0,0,0,0,0,0,0,0,0,0,0,0</bondEncode>
      <blockID>15</blockID>
      <nbond>25</nbond>
      <sbond>0</sbond>
      <dbond>0</dbond>
      <tbond>0</tbond>
      <qbond>0</qbond>
      <bounce>0</bounce>
      <hardness>0</hardness>
      <slip>0</slip>
      <made>55</made>
      <device>iPad</device>
    </block>
    <block>
      <time>May 22, 2013, 1:21:52 PM EDT</time>
      <bondEncode>1,1,1,1,1,1,1,1,1,1,0,0,1,1,1,1,1,1,1,1,1,0,0,0,0,1,0,0,0,0,1,0,0,0,0,1,0,0,0,0</bondEncode>
      <blockID>16</blockID>
      <nbond>0</nbond>
      <sbond>0</sbond>
      <dbond>19</dbond>
      <tbond>6</tbond>
      <qbond>0</qbond>
      <bounce>37</bounce>
      <hardness>25</hardness>
      <slip>45</slip>
      <made>28</made>
      <device>iPad</device>
    </block>
    <block>
      <time>May 22, 2013, 1:22:41 PM EDT</time>
      <bondEncode>0,0,0,0,0,0,0,0,0,0,0,0,0,0,0,0,0,0,0,0,0,0,0,0,0,0,0,0,0,0,0,0,0,0,0,0,0,0,0,0</bondEncode>
      <blockID>17</blockID>
      <nbond>25</nbond>
      <sbond>0</sbond>
      <dbond>0</dbond>
      <tbond>0</tbond>
      <qbond>0</qbond>
      <bounce>0</bounce>
      <hardness>0</hardness>
      <slip>0</slip>
      <made>66</made>
      <device>iPad</device>
    </block>
    <block>
      <time>May 22, 2013, 7:33:34 PM EDT</time>
      <bondEncode>1,1,1,1,1,1,1,1,1,1,0,0,1,1,1,1,1,1,1,1,1,0,0,0,0,1,0,0,0,0,1,0,0,0,0,1,0,0,0,0</bondEncode>
      <blockID>18</blockID>
      <nbond>0</nbond>
      <sbond>0</sbond>
      <dbond>19</dbond>
      <tbond>6</tbond>
      <qbond>0</qbond>
      <bounce>37</bounce>
      <hardness>25</hardness>
      <slip>45</slip>
      <made>30</made>
      <device>iPad</device>
    </block>
    <block>
      <time>May 22, 2013, 7:34:04 PM EDT</time>
      <bondEncode>0,0,0,0,0,0,0,0,0,0,0,0,0,0,0,0,0,0,0,0,0,0,0,0,0,0,0,0,0,0,0,0,0,0,0,0,0,0,0,0</bondEncode>
      <blockID>19</blockID>
      <nbond>25</nbond>
      <sbond>0</sbond>
      <dbond>0</dbond>
      <tbond>0</tbond>
      <qbond>0</qbond>
      <bounce>0</bounce>
      <hardness>0</hardness>
      <slip>0</slip>
      <made>42</made>
      <device>iPad</device>
    </block>
    <block>
      <time>May 22, 2013, 7:35:37 PM EDT</time>
      <bondEncode>1,1,1,1,1,1,1,1,1,1,0,0,1,1,1,1,1,1,1,1,1,0,0,0,0,1,0,0,0,0,1,0,0,0,0,1,0,0,0,0</bondEncode>
      <blockID>20</blockID>
      <nbond>0</nbond>
      <sbond>0</sbond>
      <dbond>19</dbond>
      <tbond>6</tbond>
      <qbond>0</qbond>
      <bounce>37</bounce>
      <hardness>25</hardness>
      <slip>45</slip>
      <made>4</made>
      <device>iPad</device>
    </block>
    <block>
      <time>May 22, 2013, 7:35:51 PM EDT</time>
      <bondEncode>0,0,0,0,0,0,0,0,0,0,0,0,0,0,0,0,0,0,0,0,0,0,0,0,0,0,0,0,0,0,0,0,0,0,0,0,0,0,0,0</bondEncode>
      <blockID>21</blockID>
      <nbond>25</nbond>
      <sbond>0</sbond>
      <dbond>0</dbond>
      <tbond>0</tbond>
      <qbond>0</qbond>
      <bounce>0</bounce>
      <hardness>0</hardness>
      <slip>0</slip>
      <made>578</made>
      <device>iPad</device>
    </block>
    <block>
      <time>May 22, 2013, 7:41:22 PM EDT</time>
      <bondEncode>1,1,1,1,1,1,1,1,1,1,0,0,1,1,1,1,1,1,1,1,1,0,0,0,0,1,0,0,0,0,1,0,0,0,0,1,0,0,0,0</bondEncode>
      <blockID>22</blockID>
      <nbond>0</nbond>
      <sbond>0</sbond>
      <dbond>19</dbond>
      <tbond>6</tbond>
      <qbond>0</qbond>
      <bounce>37</bounce>
      <hardness>25</hardness>
      <slip>45</slip>
      <made>4</made>
      <device>iPad</device>
    </block>
    <level>
      <finishedLevel>1</finishedLevel>
      <time>May 22, 2013, 7:41:22 PM EDT</time>
      <tilesRemoved>160</tilesRemoved>
      <timeToFinish>970.65900000007</timeToFinish>
      <status>complete</status>
      <age>14</age>
    </level>
  </type>
</xml>
