<?xml version="1.0"?>
<xml>
  <type>
    <block>
      <time>5/27/2013 1:39:49 PM</time>
      <bondEncode>0,0,0,0,0,0,0,0,0,0,0,0,0,0,0,0,0,0,0,0,0,0,0,0,0,0,0,0,0,0,0,0,0,0,0,0,0,0,0,0</bondEncode>
      <blockID>0</blockID>
      <nbond>25</nbond>
      <sbond>0</sbond>
      <dbond>0</dbond>
      <tbond>0</tbond>
      <qbond>0</qbond>
      <bounce>0</bounce>
      <hardness>0</hardness>
      <slip>0</slip>
      <made>133</made>
      <device>computer</device>
    </block>
    <level>
      <finishedLevel>1</finishedLevel>
      <time>5/27/2013 1:39:49 PM</time>
      <tilesRemoved>24</tilesRemoved>
      <timeToFinish>292.80999999998</timeToFinish>
      <status>quit</status>
      <age>35</age>
    </level>
  </type>
</xml>
