<?xml version="1.0"?>
<xml>
  <type>
    <block>
      <time>May 20, 2013, 2:07:00 PM PDT</time>
      <bondEncode>0,0,0,0,0,0,0,0,0,0,0,0,0,0,0,0,0,0,0,0,0,0,0,0,0,0,0,0,0,0,0,0,0,0,0,0,0,0,0,0</bondEncode>
      <blockID>0</blockID>
      <nbond>25</nbond>
      <sbond>0</sbond>
      <dbond>0</dbond>
      <tbond>0</tbond>
      <qbond>0</qbond>
      <bounce>0</bounce>
      <hardness>0</hardness>
      <slip>0</slip>
      <made>56</made>
      <device>iPad</device>
    </block>
    <block>
      <time>May 20, 2013, 2:09:08 PM PDT</time>
      <bondEncode>1,0,0,0,0,0,0,0,0,0,0,0,0,0,0,1,0,0,0,0,0,0,1,0,0,1,0,1,1,0,0,0,1,1,0,1,0,1,0,0</bondEncode>
      <blockID>1</blockID>
      <nbond>0</nbond>
      <sbond>16</sbond>
      <dbond>9</dbond>
      <tbond>0</tbond>
      <qbond>0</qbond>
      <bounce>9</bounce>
      <hardness>9</hardness>
      <slip>27</slip>
      <made>87</made>
      <device>iPad</device>
    </block>
    <block>
      <time>May 20, 2013, 2:13:41 PM PDT</time>
      <bondEncode>0,0,0,0,0,0,0,0,0,0,0,0,0,0,0,0,0,0,0,0,0,0,0,0,0,0,0,0,0,0,0,0,0,0,0,0,0,0,0,0</bondEncode>
      <blockID>2</blockID>
      <nbond>25</nbond>
      <sbond>0</sbond>
      <dbond>0</dbond>
      <tbond>0</tbond>
      <qbond>0</qbond>
      <bounce>0</bounce>
      <hardness>0</hardness>
      <slip>0</slip>
      <made>803</made>
      <device>iPad</device>
    </block>
    <level>
      <finishedLevel>1</finishedLevel>
      <time>May 20, 2013, 2:13:41 PM PDT</time>
      <tilesRemoved>171</tilesRemoved>
      <timeToFinish>857.83100000004</timeToFinish>
      <status>complete</status>
      <age>Enter your age</age>
    </level>
  </type>
</xml>
