<?xml version="1.0"?>
<xml>
  <type>
    <block>
      <time>Thu May 30 2013 17:16:00 GMT-0300 (BRT)</time>
      <bondEncode>0,0,0,0,0,0,0,0,0,0,0,0,0,0,0,0,0,0,0,0,0,0,0,0,0,0,0,0,0,0,0,0,0,0,0,0,0,0,0,0</bondEncode>
      <blockID>0</blockID>
      <nbond>25</nbond>
      <sbond>0</sbond>
      <dbond>0</dbond>
      <tbond>0</tbond>
      <qbond>0</qbond>
      <bounce>0</bounce>
      <hardness>0</hardness>
      <slip>0</slip>
      <made>0</made>
      <device>computer</device>
    </block>
    <level>
      <finishedLevel>1</finishedLevel>
      <time>Thu May 30 2013 17:16:00 GMT-0300 (BRT)</time>
      <tilesRemoved>0</tilesRemoved>
      <timeToFinish>81.433000000002</timeToFinish>
      <status>quit</status>
      <age>Enter your age</age>
    </level>
  </type>
  <type>
    <block>
      <time>Thu May 30 2013 17:17:31 GMT-0300 (BRT)</time>
      <bondEncode>0,0,0,0,0,0,0,0,0,0,0,0,0,0,0,0,0,0,0,0,0,0,0,0,0,0,0,0,0,0,0,0,0,0,0,0,0,0,0,0</bondEncode>
      <blockID>0</blockID>
      <nbond>25</nbond>
      <sbond>0</sbond>
      <dbond>0</dbond>
      <tbond>0</tbond>
      <qbond>0</qbond>
      <bounce>0</bounce>
      <hardness>0</hardness>
      <slip>0</slip>
      <made>14</made>
      <device>computer</device>
    </block>
    <level>
      <finishedLevel>1</finishedLevel>
      <time>Thu May 30 2013 17:17:31 GMT-0300 (BRT)</time>
      <tilesRemoved>4</tilesRemoved>
      <timeToFinish>16.807</timeToFinish>
      <status>quit</status>
      <age>Enter your age</age>
    </level>
  </type>
</xml>
