<?xml version="1.0"?>
<xml>
  <type>
    <block>
      <time>29/5/2013 02:12:48</time>
      <bondEncode>0,0,0,0,0,0,0,0,0,0,0,0,0,0,0,0,0,0,0,0,0,0,0,0,0,0,0,0,0,0,0,0,0,0,0,0,0,0,0,0</bondEncode>
      <blockID>0</blockID>
      <nbond>25</nbond>
      <sbond>0</sbond>
      <dbond>0</dbond>
      <tbond>0</tbond>
      <qbond>0</qbond>
      <bounce>0</bounce>
      <hardness>0</hardness>
      <slip>0</slip>
      <made>2</made>
      <device>computer</device>
    </block>
    <block>
      <time>29/5/2013 02:13:10</time>
      <bondEncode>0,0,0,0,0,0,0,0,1,1,1,1,0,0,0,0,1,1,1,1,0,0,0,0,0,1,0,0,0,0,0,0,0,0,1,1,0,0,0,0</bondEncode>
      <blockID>1</blockID>
      <nbond>5</nbond>
      <sbond>4</sbond>
      <dbond>16</dbond>
      <tbond>0</tbond>
      <qbond>0</qbond>
      <bounce>16</bounce>
      <hardness>16</hardness>
      <slip>48</slip>
      <made>0</made>
      <device>computer</device>
    </block>
    <level>
      <finishedLevel>1</finishedLevel>
      <time>29/5/2013 02:13:10</time>
      <tilesRemoved>0</tilesRemoved>
      <timeToFinish>28.891</timeToFinish>
      <status>quit</status>
      <age>Enter your age</age>
    </level>
  </type>
</xml>
