<?xml version="1.0"?>
<xml>
  <type>
    <block>
      <time>Tuesday, May 21, 2013 9:56:29 AM</time>
      <bondEncode>0,0,0,0,0,0,0,0,0,0,0,0,0,0,0,0,0,0,0,0,0,0,0,0,0,0,0,0,0,0,0,0,0,0,0,0,0,0,0,0</bondEncode>
      <blockID>0</blockID>
      <nbond>25</nbond>
      <sbond>0</sbond>
      <dbond>0</dbond>
      <tbond>0</tbond>
      <qbond>0</qbond>
      <bounce>0</bounce>
      <hardness>0</hardness>
      <slip>0</slip>
      <made>0</made>
      <device>computer</device>
    </block>
    <block>
      <time>Tuesday, May 21, 2013 9:56:51 AM</time>
      <bondEncode>1,1,1,1,0,0,0,0,1,0,1,1,0,0,0,0,1,0,0,0,0,0,0,0,1,1,0,0,0,0,0,0,0,0,1,1,0,0,0,0</bondEncode>
      <blockID>1</blockID>
      <nbond>0</nbond>
      <sbond>6</sbond>
      <dbond>19</dbond>
      <tbond>0</tbond>
      <qbond>0</qbond>
      <bounce>19</bounce>
      <hardness>19</hardness>
      <slip>57</slip>
      <made>12</made>
      <device>computer</device>
    </block>
    <block>
      <time>Tuesday, May 21, 2013 9:58:13 AM</time>
      <bondEncode>0,0,0,0,0,0,0,0,0,0,0,0,0,0,0,0,0,0,0,0,0,0,0,0,0,0,0,0,0,0,0,0,0,0,0,0,0,0,0,0</bondEncode>
      <blockID>2</blockID>
      <nbond>25</nbond>
      <sbond>0</sbond>
      <dbond>0</dbond>
      <tbond>0</tbond>
      <qbond>0</qbond>
      <bounce>0</bounce>
      <hardness>0</hardness>
      <slip>0</slip>
      <made>40</made>
      <device>computer</device>
    </block>
    <block>
      <time>Tuesday, May 21, 2013 10:00:43 AM</time>
      <bondEncode>0,0,1,0,1,0,0,0,0,0,0,0,1,0,1,0,0,0,0,0,1,1,0,1,0,0,0,0,0,0,1,0,1,0,0,0,0,0,0,0</bondEncode>
      <blockID>3</blockID>
      <nbond>9</nbond>
      <sbond>0</sbond>
      <dbond>16</dbond>
      <tbond>0</tbond>
      <qbond>0</qbond>
      <bounce>16</bounce>
      <hardness>16</hardness>
      <slip>48</slip>
      <made>59</made>
      <device>computer</device>
    </block>
    <block>
      <time>Tuesday, May 21, 2013 10:01:19 AM</time>
      <bondEncode>0,1,1,0,0,0,0,0,0,0,0,0,0,0,0,0,0,0,0,0,0,0,0,0,0,0,0,0,0,0,0,0,0,0,0,0,0,0,0,0</bondEncode>
      <blockID>4</blockID>
      <nbond>22</nbond>
      <sbond>2</sbond>
      <dbond>1</dbond>
      <tbond>0</tbond>
      <qbond>0</qbond>
      <bounce>1</bounce>
      <hardness>1</hardness>
      <slip>3</slip>
      <made>31</made>
      <device>computer</device>
    </block>
    <block>
      <time>Tuesday, May 21, 2013 10:02:00 AM</time>
      <bondEncode>0,1,0,0,0,0,0,0,0,0,0,0,0,0,0,0,0,0,0,0,1,0,0,0,0,1,0,0,0,0,0,0,0,0,0,0,0,0,0,0</bondEncode>
      <blockID>5</blockID>
      <nbond>16</nbond>
      <sbond>4</sbond>
      <dbond>5</dbond>
      <tbond>0</tbond>
      <qbond>0</qbond>
      <bounce>5</bounce>
      <hardness>5</hardness>
      <slip>15</slip>
      <made>153</made>
      <device>computer</device>
    </block>
    <block>
      <time>Tuesday, May 21, 2013 10:03:52 AM</time>
      <bondEncode>0,0,1,0,1,0,0,0,0,0,0,0,1,0,1,0,0,0,0,0,1,1,0,1,0,0,0,0,0,0,1,0,1,0,0,0,0,0,0,0</bondEncode>
      <blockID>6</blockID>
      <nbond>9</nbond>
      <sbond>0</sbond>
      <dbond>16</dbond>
      <tbond>0</tbond>
      <qbond>0</qbond>
      <bounce>16</bounce>
      <hardness>16</hardness>
      <slip>48</slip>
      <made>88</made>
      <device>computer</device>
    </block>
    <block>
      <time>Tuesday, May 21, 2013 10:08:44 AM</time>
      <bondEncode>0,0,0,0,1,1,1,1,0,0,0,0,1,1,1,1,0,0,0,0,1,1,1,1,0,0,0,0,0,1,1,1,1,0,1,0,1,1,0,1</bondEncode>
      <blockID>7</blockID>
      <nbond>0</nbond>
      <sbond>1</sbond>
      <dbond>8</dbond>
      <tbond>13</tbond>
      <qbond>3</qbond>
      <bounce>0</bounce>
      <hardness>30</hardness>
      <slip>-11</slip>
      <made>117</made>
      <device>computer</device>
    </block>
    <block>
      <time>Tuesday, May 21, 2013 10:09:44 AM</time>
      <bondEncode>0,0,1,0,1,0,0,0,0,0,0,0,1,0,1,0,0,0,0,0,1,1,0,1,0,0,0,0,0,0,1,0,1,0,0,0,0,0,0,0</bondEncode>
      <blockID>8</blockID>
      <nbond>9</nbond>
      <sbond>0</sbond>
      <dbond>16</dbond>
      <tbond>0</tbond>
      <qbond>0</qbond>
      <bounce>16</bounce>
      <hardness>16</hardness>
      <slip>48</slip>
      <made>88</made>
      <device>computer</device>
    </block>
    <level>
      <finishedLevel>1</finishedLevel>
      <time>Tuesday, May 21, 2013 10:09:44 AM</time>
      <tilesRemoved>82</tilesRemoved>
      <timeToFinish>507.25700000002</timeToFinish>
      <status>quit</status>
      <age>Enter your age</age>
    </level>
  </type>
</xml>
