<?xml version="1.0"?>
<xml>
  <type>
    <block>
      <time>May 31, 2013, 10:57:45 AM EDT</time>
      <bondEncode>0,0,0,0,0,0,0,0,0,0,0,0,0,0,0,0,0,0,0,0,0,0,0,0,0,0,0,0,0,0,0,0,0,0,0,0,0,0,0,0</bondEncode>
      <blockID>0</blockID>
      <nbond>25</nbond>
      <sbond>0</sbond>
      <dbond>0</dbond>
      <tbond>0</tbond>
      <qbond>0</qbond>
      <bounce>0</bounce>
      <hardness>0</hardness>
      <slip>0</slip>
      <made>0</made>
      <device>iPad</device>
    </block>
    <block>
      <time>May 31, 2013, 10:58:26 AM EDT</time>
      <bondEncode>0,0,0,0,0,0,0,0,0,1,1,0,0,0,0,0,0,0,0,0,0,1,0,1,0,0,1,0,0,0,0,1,0,1,0,0,1,0,1,0</bondEncode>
      <blockID>1</blockID>
      <nbond>13</nbond>
      <sbond>4</sbond>
      <dbond>6</dbond>
      <tbond>2</tbond>
      <qbond>0</qbond>
      <bounce>12</bounce>
      <hardness>8</hardness>
      <slip>14</slip>
      <made>286</made>
      <device>iPad</device>
    </block>
    <level>
      <finishedLevel>1</finishedLevel>
      <time>May 31, 2013, 10:58:26 AM EDT</time>
      <tilesRemoved>86</tilesRemoved>
      <timeToFinish>578.78900000001</timeToFinish>
      <status>complete</status>
      <age>12</age>
    </level>
  </type>
</xml>
