<?xml version="1.0"?>
<xml>
  <type>
    <block>
      <time>6/6/2013 1:34:42 PM</time>
      <bondEncode>0,0,0,0,0,0,0,0,0,0,0,0,0,0,0,0,0,0,0,0,0,0,0,0,0,0,0,0,0,0,0,0,0,0,0,0,0,0,0,0</bondEncode>
      <blockID>0</blockID>
      <nbond>25</nbond>
      <sbond>0</sbond>
      <dbond>0</dbond>
      <tbond>0</tbond>
      <qbond>0</qbond>
      <bounce>0</bounce>
      <hardness>0</hardness>
      <slip>0</slip>
      <made>16</made>
      <device>computer</device>
    </block>
    <block>
      <time>6/6/2013 1:36:04 PM</time>
      <bondEncode>0,0,0,0,0,0,0,0,0,1,1,1,0,0,0,0,0,0,0,0,0,0,0,0,0,0,1,0,0,0,0,0,0,0,1,0,0,0,0,1</bondEncode>
      <blockID>1</blockID>
      <nbond>18</nbond>
      <sbond>2</sbond>
      <dbond>5</dbond>
      <tbond>0</tbond>
      <qbond>0</qbond>
      <bounce>5</bounce>
      <hardness>5</hardness>
      <slip>15</slip>
      <made>0</made>
      <device>computer</device>
    </block>
    <level>
      <finishedLevel>1</finishedLevel>
      <time>6/6/2013 1:36:04 PM</time>
      <tilesRemoved>6</tilesRemoved>
      <timeToFinish>87.730000000001</timeToFinish>
      <status>quit</status>
      <age>45</age>
    </level>
  </type>
</xml>
