<?xml version="1.0"?>
<xml>
  <type>
    <block>
      <time>Sat Jun  8 17:32:56 2013</time>
      <bondEncode>0,0,0,0,0,0,0,0,0,0,0,0,0,0,0,0,0,0,0,0,0,0,0,0,0,0,0,0,0,0,0,0,0,0,0,0,0,0,0,0</bondEncode>
      <blockID>0</blockID>
      <nbond>25</nbond>
      <sbond>0</sbond>
      <dbond>0</dbond>
      <tbond>0</tbond>
      <qbond>0</qbond>
      <bounce>0</bounce>
      <hardness>0</hardness>
      <slip>0</slip>
      <made>0</made>
      <device>computer</device>
    </block>
    <block>
      <time>Sat Jun  8 17:34:06 2013</time>
      <bondEncode>0,0,0,0,0,1,1,1,0,0,1,0,0,0,0,0,0,0,0,0,0,0,0,0,0,0,0,0,0,1,0,0,0,1,1,0,0,0,0,1</bondEncode>
      <blockID>1</blockID>
      <nbond>10</nbond>
      <sbond>4</sbond>
      <dbond>11</dbond>
      <tbond>0</tbond>
      <qbond>0</qbond>
      <bounce>11</bounce>
      <hardness>11</hardness>
      <slip>33</slip>
      <made>30</made>
      <device>computer</device>
    </block>
    <block>
      <time>Sat Jun  8 17:35:24 2013</time>
      <bondEncode>0,0,0,0,0,0,0,0,0,0,0,0,0,0,0,0,0,0,0,0,0,0,0,0,0,0,0,0,0,0,0,0,0,0,0,0,0,0,0,0</bondEncode>
      <blockID>2</blockID>
      <nbond>25</nbond>
      <sbond>0</sbond>
      <dbond>0</dbond>
      <tbond>0</tbond>
      <qbond>0</qbond>
      <bounce>0</bounce>
      <hardness>0</hardness>
      <slip>0</slip>
      <made>0</made>
      <device>computer</device>
    </block>
    <level>
      <finishedLevel>1</finishedLevel>
      <time>Sat Jun  8 17:35:24 2013</time>
      <tilesRemoved>10</tilesRemoved>
      <timeToFinish>168.702</timeToFinish>
      <status>quit</status>
      <age>Enter your age</age>
    </level>
  </type>
</xml>
