<?xml version="1.0"?>
<xml>
  <type>
    <block>
      <time>6/2/2013 3:38:04 PM</time>
      <bondEncode>0,0,0,0,0,0,0,0,0,0,0,0,0,0,0,0,0,0,0,0,0,0,0,0,0,0,0,0,0,0,0,0,0,0,0,0,0,0,0,0</bondEncode>
      <blockID>0</blockID>
      <nbond>25</nbond>
      <sbond>0</sbond>
      <dbond>0</dbond>
      <tbond>0</tbond>
      <qbond>0</qbond>
      <bounce>0</bounce>
      <hardness>0</hardness>
      <slip>0</slip>
      <made>19</made>
      <device>computer</device>
    </block>
    <block>
      <time>6/2/2013 3:40:26 PM</time>
      <bondEncode>1,1,1,1,1,1,1,1,0,0,0,0,0,0,0,0,0,0,0,0,0,0,1,0,0,0,0,0,0,1,0,0,0,0,0,0,0,0,0,0</bondEncode>
      <blockID>1</blockID>
      <nbond>10</nbond>
      <sbond>2</sbond>
      <dbond>11</dbond>
      <tbond>2</tbond>
      <qbond>0</qbond>
      <bounce>17</bounce>
      <hardness>13</hardness>
      <slip>29</slip>
      <made>10</made>
      <device>computer</device>
    </block>
    <block>
      <time>6/2/2013 3:41:09 PM</time>
      <bondEncode>1,1,1,1,1,1,1,1,0,0,0,0,0,0,0,0,0,0,0,0,0,0,1,0,0,0,0,0,0,0,0,0,0,0,0,0,0,0,0,0</bondEncode>
      <blockID>2</blockID>
      <nbond>10</nbond>
      <sbond>6</sbond>
      <dbond>6</dbond>
      <tbond>2</tbond>
      <qbond>1</qbond>
      <bounce>13</bounce>
      <hardness>11</hardness>
      <slip>11</slip>
      <made>12</made>
      <device>computer</device>
    </block>
    <level>
      <finishedLevel>1</finishedLevel>
      <time>6/2/2013 3:41:09 PM</time>
      <tilesRemoved>15</tilesRemoved>
      <timeToFinish>206.13099999998</timeToFinish>
      <status>quit</status>
      <age>Enter your age</age>
    </level>
  </type>
</xml>
