<?xml version="1.0"?>
<xml>
  <type>
    <block>
      <time>6/9/2013 12:34:40 AM</time>
      <bondEncode>0,0,0,0,0,0,0,0,0,0,0,0,0,0,0,0,0,0,0,0,0,0,0,0,0,0,0,0,0,0,0,0,0,0,0,0,0,0,0,0</bondEncode>
      <blockID>0</blockID>
      <nbond>25</nbond>
      <sbond>0</sbond>
      <dbond>0</dbond>
      <tbond>0</tbond>
      <qbond>0</qbond>
      <bounce>0</bounce>
      <hardness>0</hardness>
      <slip>0</slip>
      <made>0</made>
      <device>computer</device>
    </block>
    <block>
      <time>6/9/2013 12:36:20 AM</time>
      <bondEncode>0,0,0,1,1,0,1,1,0,0,0,0,0,0,0,0,0,0,0,0,0,0,0,0,0,0,0,0,1,0,0,0,0,1,1,0,0,0,1,1</bondEncode>
      <blockID>1</blockID>
      <nbond>0</nbond>
      <sbond>12</sbond>
      <dbond>11</dbond>
      <tbond>2</tbond>
      <qbond>0</qbond>
      <bounce>17</bounce>
      <hardness>13</hardness>
      <slip>29</slip>
      <made>13</made>
      <device>computer</device>
    </block>
    <level>
      <finishedLevel>1</finishedLevel>
      <time>6/9/2013 12:36:20 AM</time>
      <tilesRemoved>4</tilesRemoved>
      <timeToFinish>166.99499999997</timeToFinish>
      <status>quit</status>
      <age>29</age>
    </level>
  </type>
</xml>
